task,regime,control,system_delta_primary,family_values,event_details
A1,PRE_ELECTION,CONTROL_C_MATCHED_UNRELATED,-0.02080230168340348,"{""COL_2026"": -0.02080230168340348}","[{""event"": ""colombia_first_round"", ""event_family"": ""COL_2026"", ""event_stat"": -0.02080230168340348, ""retained_rows"": 38607, ""retention_fraction"": 0.908271773396697}, {""event"": ""colombia_runoff"", ""event_family"": ""COL_2026"", ""event_stat"": null, ""retained_rows"": 0, ""retention_fraction"": 0.0}]"
A1,PRE_ELECTION,CONTROL_D_DELAYED_SOURCE,-0.03064433047691205,"{""COL_2026"": -0.03064433047691205}","[{""event"": ""colombia_first_round"", ""event_family"": ""COL_2026"", ""event_stat"": -0.03064433047691205, ""retained_rows"": 42057, ""retention_fraction"": 0.989436785395003}, {""event"": ""colombia_runoff"", ""event_family"": ""COL_2026"", ""event_stat"": null, ""retained_rows"": 0, ""retention_fraction"": 0.0}]"
A2,PRE_ELECTION,CONTROL_C_MATCHED_UNRELATED,-1.1610574366145733e-08,"{""COL_2026"": -1.1610574366145733e-08}","[{""event"": ""colombia_first_round"", ""event_family"": ""COL_2026"", ""event_stat"": -1.1610574366145733e-08, ""retained_rows"": 37361, ""retention_fraction"": 0.9093365136542861}, {""event"": ""colombia_runoff"", ""event_family"": ""COL_2026"", ""event_stat"": null, ""retained_rows"": 0, ""retention_fraction"": 0.0}]"
A2,PRE_ELECTION,CONTROL_D_DELAYED_SOURCE,-1.0813648629543178e-08,"{""COL_2026"": -1.0813648629543178e-08}","[{""event"": ""colombia_first_round"", ""event_family"": ""COL_2026"", ""event_stat"": -1.0813648629543178e-08, ""retained_rows"": 40656, ""retention_fraction"": 0.9895341478849243}, {""event"": ""colombia_runoff"", ""event_family"": ""COL_2026"", ""event_stat"": null, ""retained_rows"": 0, ""retention_fraction"": 0.0}]"
A3,PRE_ELECTION,CONTROL_C_MATCHED_UNRELATED,1.2613526958293153e-08,"{""COL_2026"": 1.2613526958293153e-08}","[{""event"": ""colombia_first_round"", ""event_family"": ""COL_2026"", ""event_stat"": 1.2613526958293153e-08, ""retained_rows"": 38492, ""retention_fraction"": 0.9080871944890063}, {""event"": ""colombia_runoff"", ""event_family"": ""COL_2026"", ""event_stat"": null, ""retained_rows"": 0, ""retention_fraction"": 0.0}]"
A3,PRE_ELECTION,CONTROL_D_DELAYED_SOURCE,9.080969350677651e-09,"{""COL_2026"": 9.080969350677651e-09}","[{""event"": ""colombia_first_round"", ""event_family"": ""COL_2026"", ""event_stat"": 9.080969350677651e-09, ""retained_rows"": 41941, ""retention_fraction"": 0.98945456261206}, {""event"": ""colombia_runoff"", ""event_family"": ""COL_2026"", ""event_stat"": null, ""retained_rows"": 0, ""retention_fraction"": 0.0}]"
A1,ACTIVE_RESULTS,CONTROL_C_MATCHED_UNRELATED,-0.008456745361719658,"{""COL_2026"": -0.008456745361719658}","[{""event"": ""colombia_first_round"", ""event_family"": ""COL_2026"", ""event_stat"": null, ""retained_rows"": 836, ""retention_fraction"": 0.31124348473566643}, {""event"": ""colombia_runoff"", ""event_family"": ""COL_2026"", ""event_stat"": -0.008456745361719658, ""retained_rows"": 2644, ""retention_fraction"": 1.0}, {""event"": ""peru_runoff"", ""event_family"": ""PER_2026"", ""event_stat"": null, ""retained_rows"": 0, ""retention_fraction"": 0.0}]"
A1,ACTIVE_RESULTS,CONTROL_D_DELAYED_SOURCE,-0.0051689996850429135,"{""COL_2026"": -0.0051689996850429135}","[{""event"": ""colombia_first_round"", ""event_family"": ""COL_2026"", ""event_stat"": -0.00041364782841853067, ""retained_rows"": 2579, ""retention_fraction"": 0.9601638123603872}, {""event"": ""colombia_runoff"", ""event_family"": ""COL_2026"", ""event_stat"": -0.009924351541667296, ""retained_rows"": 2564, ""retention_fraction"": 0.9697428139183056}, {""event"": ""peru_runoff"", ""event_family"": ""PER_2026"", ""event_stat"": null, ""retained_rows"": 0, ""retention_fraction"": 0.0}]"
A2,ACTIVE_RESULTS,CONTROL_C_MATCHED_UNRELATED,-9.167874005929149e-08,"{""COL_2026"": -9.167874005929149e-08}","[{""event"": ""colombia_first_round"", ""event_family"": ""COL_2026"", ""event_stat"": null, ""retained_rows"": 781, ""retention_fraction"": 0.304839968774395}, {""event"": ""colombia_runoff"", ""event_family"": ""COL_2026"", ""event_stat"": -9.167874005929149e-08, ""retained_rows"": 2279, ""retention_fraction"": 1.0}, {""event"": ""peru_runoff"", ""event_family"": ""PER_2026"", ""event_stat"": null, ""retained_rows"": 0, ""retention_fraction"": 0.0}]"
A2,ACTIVE_RESULTS,CONTROL_D_DELAYED_SOURCE,-7.876217454584866e-08,"{""COL_2026"": -7.876217454584866e-08}","[{""event"": ""colombia_first_round"", ""event_family"": ""COL_2026"", ""event_stat"": -6.955072529004673e-08, ""retained_rows"": 2455, ""retention_fraction"": 0.9582357533177205}, {""event"": ""colombia_runoff"", ""event_family"": ""COL_2026"", ""event_stat"": -8.797362380165059e-08, ""retained_rows"": 2203, ""retention_fraction"": 0.9666520403685828}, {""event"": ""peru_runoff"", ""event_family"": ""PER_2026"", ""event_stat"": null, ""retained_rows"": 0, ""retention_fraction"": 0.0}]"
A3,ACTIVE_RESULTS,CONTROL_C_MATCHED_UNRELATED,1.551038324770529e-07,"{""COL_2026"": 1.551038324770529e-07}","[{""event"": ""colombia_first_round"", ""event_family"": ""COL_2026"", ""event_stat"": null, ""retained_rows"": 821, ""retention_fraction"": 0.30922787193973633}, {""event"": ""colombia_runoff"", ""event_family"": ""COL_2026"", ""event_stat"": 1.551038324770529e-07, ""retained_rows"": 2621, ""retention_fraction"": 1.0}, {""event"": ""peru_runoff"", ""event_family"": ""PER_2026"", ""event_stat"": null, ""retained_rows"": 0, ""retention_fraction"": 0.0}]"
A3,ACTIVE_RESULTS,CONTROL_D_DELAYED_SOURCE,-1.1634026692394355e-07,"{""COL_2026"": -1.1634026692394355e-07}","[{""event"": ""colombia_first_round"", ""event_family"": ""COL_2026"", ""event_stat"": -8.961073097777473e-08, ""retained_rows"": 2548, ""retention_fraction"": 0.95969868173258}, {""event"": ""colombia_runoff"", ""event_family"": ""COL_2026"", ""event_stat"": -1.4306980287011236e-07, ""retained_rows"": 2543, ""retention_fraction"": 0.9702403662724151}, {""event"": ""peru_runoff"", ""event_family"": ""PER_2026"", ""event_stat"": null, ""retained_rows"": 0, ""retention_fraction"": 0.0}]"