edge_id,n,baseline_primary,challenger_primary,delta_primary,baseline_secondary,challenger_secondary,delta_secondary,metric,event,event_family,regime,scope,horizon_seconds,task,baseline_rmse,challenger_rmse,rmse_improvement,relative_mse_improvement
0x83b661c9e68dde865ac656f20a57572e7168239445bdbde65ea6665b7a4100e4>0xa44566e684a257c0f0c2a6416edf100722472ca3ecab7ad3222db79bdbe9f3bc,1440,0.07981468094660168,0.07983621504530897,-2.1534098707282068e-05,0.29002259339814973,0.2916943385044453,-0.0016717451062955857,BRIER,discovery_pooled,DISCOVERY,PRE_ELECTION,DISCOVERY_OOS,30,A1,,,,
0xa44566e684a257c0f0c2a6416edf100722472ca3ecab7ad3222db79bdbe9f3bc>0x83b661c9e68dde865ac656f20a57572e7168239445bdbde65ea6665b7a4100e4,1440,0.2162948626364885,0.21610294880169773,0.00019191383479078006,0.687944305717358,0.6915300561097472,-0.0035857503923891754,BRIER,discovery_pooled,DISCOVERY,PRE_ELECTION,DISCOVERY_OOS,30,A1,,,,
0x83b661c9e68dde865ac656f20a57572e7168239445bdbde65ea6665b7a4100e4>0xa44566e684a257c0f0c2a6416edf100722472ca3ecab7ad3222db79bdbe9f3bc,1312,6.517522068310504e-08,6.581601950430415e-08,-6.407988211991114e-10,6.166397421123426e-05,6.326110442601082e-05,-1.5971302147765615e-06,MSE,discovery_pooled,DISCOVERY,PRE_ELECTION,DISCOVERY_OOS,30,A2,0.00025529438043777036,0.0002565463301322086,-1.2519496944382352e-06,-0.009831939416282203
0xa44566e684a257c0f0c2a6416edf100722472ca3ecab7ad3222db79bdbe9f3bc>0x83b661c9e68dde865ac656f20a57572e7168239445bdbde65ea6665b7a4100e4,1074,4.684021375569435e-07,4.670229792422719e-07,1.379158314671568e-09,8.674402647553615e-05,8.581771867148034e-05,9.263078040558142e-07,MSE,discovery_pooled,DISCOVERY,PRE_ELECTION,DISCOVERY_OOS,30,A2,0.0006843991069229587,0.0006833907954035319,1.0083115194268327e-06,0.002944389455319051
0x83b661c9e68dde865ac656f20a57572e7168239445bdbde65ea6665b7a4100e4>0xa44566e684a257c0f0c2a6416edf100722472ca3ecab7ad3222db79bdbe9f3bc,1440,3.223484577821017e-07,3.2101447559888143e-07,1.3339821832202854e-09,0.00011792943066878826,0.00012037391475523846,-2.444484086450198e-06,MSE,discovery_pooled,DISCOVERY,PRE_ELECTION,DISCOVERY_OOS,30,A3,0.0005677573934191449,0.0005665813936222063,1.1759997969386675e-06,0.004138323454061688
0xa44566e684a257c0f0c2a6416edf100722472ca3ecab7ad3222db79bdbe9f3bc>0x83b661c9e68dde865ac656f20a57572e7168239445bdbde65ea6665b7a4100e4,1440,1.2331665291102588e-06,1.2301942621192597e-06,2.9722669909991078e-09,0.0001377131858405459,0.00013827306526873427,-5.598794281883859e-07,MSE,discovery_pooled,DISCOVERY,PRE_ELECTION,DISCOVERY_OOS,30,A3,0.0011104803145982637,0.0011091412273102374,1.3390872880263572e-06,0.0024102721901993448
0x83b661c9e68dde865ac656f20a57572e7168239445bdbde65ea6665b7a4100e4>0xa44566e684a257c0f0c2a6416edf100722472ca3ecab7ad3222db79bdbe9f3bc,1440,5.727240431104038e-07,5.757765374967833e-07,-3.0524943863795434e-09,0.00017735488297700503,0.00018816145468642184,-1.0806571709416819e-05,MSE,discovery_pooled,DISCOVERY,PRE_ELECTION,DISCOVERY_OOS,60,A3,0.0007567853348938547,0.0007587994053086648,-2.0140704148101027e-06,-0.005329782157916348
0xa44566e684a257c0f0c2a6416edf100722472ca3ecab7ad3222db79bdbe9f3bc>0x83b661c9e68dde865ac656f20a57572e7168239445bdbde65ea6665b7a4100e4,1440,2.3204867629718938e-06,2.3219086529671564e-06,-1.4218899952626464e-09,0.00020521372480733667,0.00021061966173175226,-5.405936924415594e-06,MSE,discovery_pooled,DISCOVERY,PRE_ELECTION,DISCOVERY_OOS,60,A3,0.0015233144005660465,0.0015237810383933632,-4.666378273167522e-07,-0.000612755055513268
0x83b661c9e68dde865ac656f20a57572e7168239445bdbde65ea6665b7a4100e4>0xa44566e684a257c0f0c2a6416edf100722472ca3ecab7ad3222db79bdbe9f3bc,1439,1.0343736598818655e-06,1.052438423365383e-06,-1.8064763483517386e-08,0.0002693475979845104,0.0003010692535934179,-3.172165560890751e-05,MSE,discovery_pooled,DISCOVERY,PRE_ELECTION,DISCOVERY_OOS,120,A3,0.001017041621509103,0.0010258842153797782,-8.842593870675083e-06,-0.017464446538188665
0xa44566e684a257c0f0c2a6416edf100722472ca3ecab7ad3222db79bdbe9f3bc>0x83b661c9e68dde865ac656f20a57572e7168239445bdbde65ea6665b7a4100e4,1439,4.854114925328828e-06,4.853958013605809e-06,1.5691172301937037e-10,0.00032658787577216636,0.00034247165542158035,-1.5883779649413995e-05,MSE,discovery_pooled,DISCOVERY,PRE_ELECTION,DISCOVERY_OOS,120,A3,0.002203205602146297,0.002203169991990134,3.561015616279986e-08,3.232550638646876e-05
0x05b3c4a8779f467c490d05894d66634e7ed0bc982eed4463ca90fd1f59b78d1f>0xef6bd8e629dd6f51b02c9c57adc5c6e4251c8d427109eff08bebcdd3462e923b,144,0.0012401024383476786,0.001110451563369522,0.00012965087497815659,0.03253685475607293,0.0305271069486946,0.00200974780737833,BRIER,discovery_pooled,DISCOVERY,ACTIVE_RESULTS,DISCOVERY_OOS,30,A1,,,,
0x554542102403f12796b0f8b519adbcd966c12f7ec6652392ef78fb653de4f7bf>0xc4a9db7a0c81b75bc0b2009481b4e498a63c21e6f24949b6f1758c3986c270eb,144,0.0013269122776852352,0.0021449302214464846,-0.0008180179437612494,0.03383954679933945,0.043338560464926304,-0.009499013665586857,BRIER,discovery_pooled,DISCOVERY,ACTIVE_RESULTS,DISCOVERY_OOS,30,A1,,,,
0x83b661c9e68dde865ac656f20a57572e7168239445bdbde65ea6665b7a4100e4>0xa44566e684a257c0f0c2a6416edf100722472ca3ecab7ad3222db79bdbe9f3bc,144,0.0022247545027522103,0.002023459049214747,0.00020129545353746343,0.04424401306680417,0.03977378661364436,0.004470226453159809,BRIER,discovery_pooled,DISCOVERY,ACTIVE_RESULTS,DISCOVERY_OOS,30,A1,,,,
0xa44566e684a257c0f0c2a6416edf100722472ca3ecab7ad3222db79bdbe9f3bc>0x83b661c9e68dde865ac656f20a57572e7168239445bdbde65ea6665b7a4100e4,144,0.0011947631231107498,0.0012050229726536874,-1.025984954293761e-05,0.027080852187568855,0.027228610384169058,-0.0001477581966002027,BRIER,discovery_pooled,DISCOVERY,ACTIVE_RESULTS,DISCOVERY_OOS,30,A1,,,,
0xc4a9db7a0c81b75bc0b2009481b4e498a63c21e6f24949b6f1758c3986c270eb>0x554542102403f12796b0f8b519adbcd966c12f7ec6652392ef78fb653de4f7bf,144,0.000985459586806211,0.0013954713932994144,-0.00041001180649320344,0.028594806872361822,0.034681532197225313,-0.0060867253248634914,BRIER,discovery_pooled,DISCOVERY,ACTIVE_RESULTS,DISCOVERY_OOS,30,A1,,,,
0xef6bd8e629dd6f51b02c9c57adc5c6e4251c8d427109eff08bebcdd3462e923b>0x05b3c4a8779f467c490d05894d66634e7ed0bc982eed4463ca90fd1f59b78d1f,144,0.0016764780599616011,0.002956601369500385,-0.0012801233095387837,0.03629846499926543,0.049635866225836246,-0.013337401226570816,BRIER,discovery_pooled,DISCOVERY,ACTIVE_RESULTS,DISCOVERY_OOS,30,A1,,,,
0x05b3c4a8779f467c490d05894d66634e7ed0bc982eed4463ca90fd1f59b78d1f>0xef6bd8e629dd6f51b02c9c57adc5c6e4251c8d427109eff08bebcdd3462e923b,144,1.3509813295631356e-08,1.5960347363397695e-08,-2.4505340677663385e-09,0.00011071846387215799,0.0001209385374181006,-1.0220073545942604e-05,MSE,discovery_pooled,DISCOVERY,ACTIVE_RESULTS,DISCOVERY_OOS,30,A2,0.00011623172241531723,0.00012633426836530814,-1.010254594999091e-05,-0.18138918829905393
0x554542102403f12796b0f8b519adbcd966c12f7ec6652392ef78fb653de4f7bf>0xc4a9db7a0c81b75bc0b2009481b4e498a63c21e6f24949b6f1758c3986c270eb,144,7.89531190880813e-09,6.616135481913425e-09,1.2791764268947042e-09,8.097711858749999e-05,7.211525758851692e-05,8.86186099898307e-06,MSE,discovery_pooled,DISCOVERY,ACTIVE_RESULTS,DISCOVERY_OOS,30,A2,8.885556768603828e-05,8.133963045105028e-05,7.515937234987995e-06,0.16201721245080078
0x83b661c9e68dde865ac656f20a57572e7168239445bdbde65ea6665b7a4100e4>0xa44566e684a257c0f0c2a6416edf100722472ca3ecab7ad3222db79bdbe9f3bc,144,5.32098430841396e-09,5.248132207840395e-09,7.285210057356462e-11,7.006972813956649e-05,6.745974479386075e-05,2.6099833457057407e-06,MSE,discovery_pooled,DISCOVERY,ACTIVE_RESULTS,DISCOVERY_OOS,30,A2,7.294507734188757e-05,7.244399359395087e-05,5.010837479367005e-07,0.013691470666125652
0xa44566e684a257c0f0c2a6416edf100722472ca3ecab7ad3222db79bdbe9f3bc>0x83b661c9e68dde865ac656f20a57572e7168239445bdbde65ea6665b7a4100e4,144,1.002887022584519e-08,8.864061936923786e-09,1.164808288921404e-09,5.738329369983124e-05,3.5795579094783254e-05,2.158771460504799e-05,MSE,discovery_pooled,DISCOVERY,ACTIVE_RESULTS,DISCOVERY_OOS,30,A2,0.0001001442470931066,9.414914729791124e-05,5.995099795195368e-06,0.11614551416964206
0xc4a9db7a0c81b75bc0b2009481b4e498a63c21e6f24949b6f1758c3986c270eb>0x554542102403f12796b0f8b519adbcd966c12f7ec6652392ef78fb653de4f7bf,144,1.2697774968330353e-08,1.6524195840617575e-08,-3.826420872287222e-09,0.0001056653827558646,0.00011052711170826641,-4.861728952401811e-06,MSE,discovery_pooled,DISCOVERY,ACTIVE_RESULTS,DISCOVERY_OOS,30,A2,0.0001126844042817388,0.00012854647346628213,-1.5862069184543326e-05,-0.30134577765244197
0xef6bd8e629dd6f51b02c9c57adc5c6e4251c8d427109eff08bebcdd3462e923b>0x05b3c4a8779f467c490d05894d66634e7ed0bc982eed4463ca90fd1f59b78d1f,144,1.8045273086793095e-08,1.799199055000624e-08,5.328253678685557e-11,6.470223769540035e-05,5.552589415639279e-05,9.176343539007566e-06,MSE,discovery_pooled,DISCOVERY,ACTIVE_RESULTS,DISCOVERY_OOS,30,A2,0.0001343326955241839,0.00013413422587097687,1.984696532070316e-07,0.002952714349657129
0x05b3c4a8779f467c490d05894d66634e7ed0bc982eed4463ca90fd1f59b78d1f>0xef6bd8e629dd6f51b02c9c57adc5c6e4251c8d427109eff08bebcdd3462e923b,144,2.0819038688999507e-08,2.2239281654421912e-08,-1.4202429654224047e-09,0.00012404641386703802,0.00012904003219619287,-4.993618329154843e-06,MSE,discovery_pooled,DISCOVERY,ACTIVE_RESULTS,DISCOVERY_OOS,30,A3,0.00014428804069984284,0.00014912840659787763,-4.840365898034786e-06,-0.06821846996099976
0x554542102403f12796b0f8b519adbcd966c12f7ec6652392ef78fb653de4f7bf>0xc4a9db7a0c81b75bc0b2009481b4e498a63c21e6f24949b6f1758c3986c270eb,144,4.7340893632900555e-07,4.730387857742228e-07,3.701505547827684e-10,0.0001658864680600372,0.000163065074742993,2.821393317044209e-06,MSE,discovery_pooled,DISCOVERY,ACTIVE_RESULTS,DISCOVERY_OOS,30,A3,0.0006880471904811512,0.0006877781515679476,2.690389132035042e-07,0.00078188332829764
0x83b661c9e68dde865ac656f20a57572e7168239445bdbde65ea6665b7a4100e4>0xa44566e684a257c0f0c2a6416edf100722472ca3ecab7ad3222db79bdbe9f3bc,144,4.2857895277700614e-08,3.577079128008082e-08,7.087103997619794e-09,0.0001431256105850394,0.00010632182997751845,3.6803780607520944e-05,MSE,discovery_pooled,DISCOVERY,ACTIVE_RESULTS,DISCOVERY_OOS,30,A3,0.0002070214850630258,0.00018913167709318506,1.7889807969840736e-05,0.16536285675482726
0xa44566e684a257c0f0c2a6416edf100722472ca3ecab7ad3222db79bdbe9f3bc>0x83b661c9e68dde865ac656f20a57572e7168239445bdbde65ea6665b7a4100e4,144,2.883128092834099e-08,2.9426737719627285e-08,-5.954567912862939e-10,9.847229739648221e-05,9.530276911850204e-05,3.1695282779801678e-06,MSE,discovery_pooled,DISCOVERY,ACTIVE_RESULTS,DISCOVERY_OOS,30,A3,0.00016979776479194593,0.00017154223304955337,-1.7444682576074416e-06,-0.020653150748531714
0xc4a9db7a0c81b75bc0b2009481b4e498a63c21e6f24949b6f1758c3986c270eb>0x554542102403f12796b0f8b519adbcd966c12f7ec6652392ef78fb653de4f7bf,144,8.249185256620434e-08,8.688478030637507e-08,-4.392927740170733e-09,0.00019691033735256581,0.00020498918281611973,-8.078845463553916e-06,MSE,discovery_pooled,DISCOVERY,ACTIVE_RESULTS,DISCOVERY_OOS,30,A3,0.00028721394911494866,0.0002947622436920561,-7.548294577107461e-06,-0.05325286805318334
0xef6bd8e629dd6f51b02c9c57adc5c6e4251c8d427109eff08bebcdd3462e923b>0x05b3c4a8779f467c490d05894d66634e7ed0bc982eed4463ca90fd1f59b78d1f,144,1.0044809994045421e-07,9.966725729519717e-08,7.808426452570415e-10,0.0002162163602581459,0.00021379396894798865,2.4223913101572626e-06,MSE,discovery_pooled,DISCOVERY,ACTIVE_RESULTS,DISCOVERY_OOS,30,A3,0.0003169354822995592,0.000315701215226038,1.2342670735211985e-06,0.007773592987024406
0x05b3c4a8779f467c490d05894d66634e7ed0bc982eed4463ca90fd1f59b78d1f>0xef6bd8e629dd6f51b02c9c57adc5c6e4251c8d427109eff08bebcdd3462e923b,144,4.916705423858827e-08,4.857500460228518e-08,5.920496363030898e-10,0.00019989312826874592,0.0001992194046783808,6.737235903651146e-07,MSE,discovery_pooled,DISCOVERY,ACTIVE_RESULTS,DISCOVERY_OOS,60,A3,0.00022173645220979852,0.00022039737884622216,1.3390733635763581e-06,0.012041592596337115
0x554542102403f12796b0f8b519adbcd966c12f7ec6652392ef78fb653de4f7bf>0xc4a9db7a0c81b75bc0b2009481b4e498a63c21e6f24949b6f1758c3986c270eb,144,1.0030096735888088e-06,9.92554293097073e-07,1.0455380491735738e-08,0.00032066625639400157,0.00030062508441542544,2.004117197857612e-05,MSE,discovery_pooled,DISCOVERY,ACTIVE_RESULTS,DISCOVERY_OOS,60,A3,0.0010015037062281941,0.0009962701908102405,5.233515417953647e-06,0.010424007631278338
0x83b661c9e68dde865ac656f20a57572e7168239445bdbde65ea6665b7a4100e4>0xa44566e684a257c0f0c2a6416edf100722472ca3ecab7ad3222db79bdbe9f3bc,144,8.249990971215215e-08,6.921484907992033e-08,1.328506063223182e-08,0.0002168007713607348,0.00016790172171983573,4.8899049640899065e-05,MSE,discovery_pooled,DISCOVERY,ACTIVE_RESULTS,DISCOVERY_OOS,60,A3,0.0002872279751558893,0.0002630871511114147,2.4140824044474607e-05,0.16103121419871014
0xa44566e684a257c0f0c2a6416edf100722472ca3ecab7ad3222db79bdbe9f3bc>0x83b661c9e68dde865ac656f20a57572e7168239445bdbde65ea6665b7a4100e4,144,5.279458075909984e-08,5.748128068194071e-08,-4.686699922840868e-09,0.0001652317210700697,0.00016519478977019563,3.6931299874075904e-08,MSE,discovery_pooled,DISCOVERY,ACTIVE_RESULTS,DISCOVERY_OOS,60,A3,0.00022977071344951652,0.0002397525405119635,-9.981827062446983e-06,-0.08877236745616271
0xc4a9db7a0c81b75bc0b2009481b4e498a63c21e6f24949b6f1758c3986c270eb>0x554542102403f12796b0f8b519adbcd966c12f7ec6652392ef78fb653de4f7bf,144,1.6366745078846167e-07,1.6152741976968957e-07,2.140031018772101e-09,0.00030361986783208173,0.0002967104822502928,6.909385581788921e-06,MSE,discovery_pooled,DISCOVERY,ACTIVE_RESULTS,DISCOVERY_OOS,60,A3,0.0004045583404015565,0.00040190473967059606,2.653600730960449e-06,0.01307548329531977
0xef6bd8e629dd6f51b02c9c57adc5c6e4251c8d427109eff08bebcdd3462e923b>0x05b3c4a8779f467c490d05894d66634e7ed0bc982eed4463ca90fd1f59b78d1f,144,1.818355960391075e-07,1.7845752652945433e-07,3.378069509653164e-09,0.0003611469167929138,0.0003584152330069672,2.7316837859466046e-06,MSE,discovery_pooled,DISCOVERY,ACTIVE_RESULTS,DISCOVERY_OOS,60,A3,0.0004264218522063656,0.00042244233515292275,3.9795170534428505e-06,0.018577602973438936
0x05b3c4a8779f467c490d05894d66634e7ed0bc982eed4463ca90fd1f59b78d1f>0xef6bd8e629dd6f51b02c9c57adc5c6e4251c8d427109eff08bebcdd3462e923b,143,1.1021301290354702e-07,1.1616812223919871e-07,-5.9551093356516824e-09,0.0003060927154001344,0.0003101081455569833,-4.015430156848897e-06,MSE,discovery_pooled,DISCOVERY,ACTIVE_RESULTS,DISCOVERY_OOS,120,A3,0.0003319834527556261,0.00034083444990082605,-8.850997145199932e-06,-0.05403272425610304
0x554542102403f12796b0f8b519adbcd966c12f7ec6652392ef78fb653de4f7bf>0xc4a9db7a0c81b75bc0b2009481b4e498a63c21e6f24949b6f1758c3986c270eb,143,2.099300601925304e-06,2.0263130904230627e-06,7.298751150224108e-08,0.0005748554503469038,0.0005290480372505268,4.5807413096377015e-05,MSE,discovery_pooled,DISCOVERY,ACTIVE_RESULTS,DISCOVERY_OOS,120,A3,0.0014488963392614751,0.0014234862452525007,2.541009400897445e-05,0.034767537071776676
0x83b661c9e68dde865ac656f20a57572e7168239445bdbde65ea6665b7a4100e4>0xa44566e684a257c0f0c2a6416edf100722472ca3ecab7ad3222db79bdbe9f3bc,143,2.1436653537538145e-07,1.7639711579443835e-07,3.7969419580943104e-08,0.0004085190933771042,0.0003278411550330344,8.067793834406979e-05,MSE,discovery_pooled,DISCOVERY,ACTIVE_RESULTS,DISCOVERY_OOS,120,A3,0.00046299733841068835,0.0004199965664079152,4.300077200277314e-05,0.1771238197905009
0xa44566e684a257c0f0c2a6416edf100722472ca3ecab7ad3222db79bdbe9f3bc>0x83b661c9e68dde865ac656f20a57572e7168239445bdbde65ea6665b7a4100e4,143,1.6655660337654017e-07,1.8722375932976328e-07,-2.06671559532231e-08,0.00033838554985689246,0.0003365892410015769,1.796308855315544e-06,MSE,discovery_pooled,DISCOVERY,ACTIVE_RESULTS,DISCOVERY_OOS,120,A3,0.0004081134687516943,0.00043269360906970103,-2.4580140318006738e-05,-0.12408487885947193
0xc4a9db7a0c81b75bc0b2009481b4e498a63c21e6f24949b6f1758c3986c270eb>0x554542102403f12796b0f8b519adbcd966c12f7ec6652392ef78fb653de4f7bf,143,3.341162467677715e-07,3.539698460216693e-07,-1.9853599253897797e-08,0.00045565128774484467,0.000458182751061237,-2.5314633163923115e-06,MSE,discovery_pooled,DISCOVERY,ACTIVE_RESULTS,DISCOVERY_OOS,120,A3,0.0005780278944547326,0.0005949536503137612,-1.692575585902868e-05,-0.05942123271753708
0xef6bd8e629dd6f51b02c9c57adc5c6e4251c8d427109eff08bebcdd3462e923b>0x05b3c4a8779f467c490d05894d66634e7ed0bc982eed4463ca90fd1f59b78d1f,143,7.63634237520293e-08,7.374017061290634e-08,2.6232531391229656e-09,0.00019073923094112388,0.00019028212803210527,4.5710290901861323e-07,MSE,discovery_pooled,DISCOVERY,ACTIVE_RESULTS,DISCOVERY_OOS,120,A3,0.00027633932719037534,0.0002715514143084258,4.787912881949524e-06,0.03435222008433395
0x04e73caf81ef64ce0c612699049d295e18dfe9bdd60d898fd3d8a64cac723661>0xd6591e966aebf061547ef34cdf3494ed318969887c8b7fb53f10ed5d5461a547,7128,0.0644711021910794,0.06401862800505857,0.000452474186020832,0.2569718792310347,0.25089705518484967,0.0060748240461850345,BRIER,colombia_first_round,COL_2026,PRE_ELECTION,CHALLENGE,30,A1,,,,
0x0fb006e0c06caa4db12f7e30ec8c2483d658f83eb57b2ee8eb478e39beca3dfd>0xc00920db6f5e84821a61bd31578499bbc9bd125949572b589b7a9e4b0f13bad3,7203,0.03529300914832456,0.10284654706120029,-0.06755353791287573,0.1685892732679118,0.3538792491830619,-0.18528997591515012,BRIER,colombia_first_round,COL_2026,PRE_ELECTION,CHALLENGE,30,A1,,,,
0xb611b3a7173f69e412b55561ed265d849e36693c248ff620d0e981c5b3f2e325>0xfbe85201ab2b4acff01cd5a3639039fc813d3448c64db081f70926bd9b9e74e9,6922,0.009458071869945817,0.04279293072178031,-0.033334858851834494,0.07599708171456378,0.18184183024330605,-0.10584474852874227,BRIER,colombia_first_round,COL_2026,PRE_ELECTION,CHALLENGE,30,A1,,,,
0xc00920db6f5e84821a61bd31578499bbc9bd125949572b589b7a9e4b0f13bad3>0x0fb006e0c06caa4db12f7e30ec8c2483d658f83eb57b2ee8eb478e39beca3dfd,7203,0.01073220170677959,0.017747902401630686,-0.0070157006948510965,0.08216481359879706,0.10021103602036015,-0.01804622242156309,BRIER,colombia_first_round,COL_2026,PRE_ELECTION,CHALLENGE,30,A1,,,,
0xd6591e966aebf061547ef34cdf3494ed318969887c8b7fb53f10ed5d5461a547>0x04e73caf81ef64ce0c612699049d295e18dfe9bdd60d898fd3d8a64cac723661,7128,0.1174017655273856,0.14306331666192024,-0.025661551134534638,0.3916850418677442,0.4720968226568101,-0.08041178078906586,BRIER,colombia_first_round,COL_2026,PRE_ELECTION,CHALLENGE,30,A1,,,,
0xfbe85201ab2b4acff01cd5a3639039fc813d3448c64db081f70926bd9b9e74e9>0xb611b3a7173f69e412b55561ed265d849e36693c248ff620d0e981c5b3f2e325,6922,0.02350897491637443,0.07335401770892534,-0.04984504279255091,0.12684626739907892,0.2569657075950495,-0.13011944019597058,BRIER,colombia_first_round,COL_2026,PRE_ELECTION,CHALLENGE,30,A1,,,,
0x04e73caf81ef64ce0c612699049d295e18dfe9bdd60d898fd3d8a64cac723661>0xd6591e966aebf061547ef34cdf3494ed318969887c8b7fb53f10ed5d5461a547,6878,2.573351005784107e-07,2.612719059663688e-07,-3.936805387958108e-09,0.0004414022834060953,0.00044472343179478065,-3.3211483886853767e-06,MSE,colombia_first_round,COL_2026,PRE_ELECTION,CHALLENGE,30,A2,0.0005072820720057143,0.0005111476361740987,-3.8655641683844584e-06,-0.015298361471518546
0x0fb006e0c06caa4db12f7e30ec8c2483d658f83eb57b2ee8eb478e39beca3dfd>0xc00920db6f5e84821a61bd31578499bbc9bd125949572b589b7a9e4b0f13bad3,6966,1.8984982698790652e-07,2.0686470484911033e-07,-1.701487786120381e-08,0.0001483120616425386,0.00015803465764147067,-9.722595998932078e-06,MSE,colombia_first_round,COL_2026,PRE_ELECTION,CHALLENGE,30,A2,0.00043571760004377434,0.00045482381737229895,-1.9106217328524605e-05,-0.089622825214835
0xb611b3a7173f69e412b55561ed265d849e36693c248ff620d0e981c5b3f2e325>0xfbe85201ab2b4acff01cd5a3639039fc813d3448c64db081f70926bd9b9e74e9,6874,1.5937978545518047e-07,1.5119885146114792e-07,8.180933994032558e-09,0.00027049797279059273,0.00025024056931521985,2.0257403475372883e-05,MSE,colombia_first_round,COL_2026,PRE_ELECTION,CHALLENGE,30,A2,0.00039922397905834827,0.00038884296504006335,1.0381014018284913e-05,0.05132980930215354
0xc00920db6f5e84821a61bd31578499bbc9bd125949572b589b7a9e4b0f13bad3>0x0fb006e0c06caa4db12f7e30ec8c2483d658f83eb57b2ee8eb478e39beca3dfd,7161,1.7577887899349072e-07,1.7885759259060182e-07,-3.0787135971111e-09,0.0003646475503352709,0.0003656426068022908,-9.95056467019916e-07,MSE,colombia_first_round,COL_2026,PRE_ELECTION,CHALLENGE,30,A2,0.0004192599181814197,0.000422915585655816,-3.6556674743963157e-06,-0.017514695819769725
0xd6591e966aebf061547ef34cdf3494ed318969887c8b7fb53f10ed5d5461a547>0x04e73caf81ef64ce0c612699049d295e18dfe9bdd60d898fd3d8a64cac723661,6372,1.621825304211104e-07,1.9527312406822692e-07,-3.3090593647116517e-08,0.0003973600001488935,0.0004116728255382149,-1.4312825389321392e-05,MSE,colombia_first_round,COL_2026,PRE_ELECTION,CHALLENGE,30,A2,0.00040271892235293637,0.00044189718721465845,-3.917826486172208e-05,-0.2040330334049918
0xfbe85201ab2b4acff01cd5a3639039fc813d3448c64db081f70926bd9b9e74e9>0xb611b3a7173f69e412b55561ed265d849e36693c248ff620d0e981c5b3f2e325,6835,2.2739557416321478e-07,2.398706121375487e-07,-1.2475037974333939e-08,0.00039632419732187144,0.00039920021324304545,-2.8760159211740108e-06,MSE,colombia_first_round,COL_2026,PRE_ELECTION,CHALLENGE,30,A2,0.0004768601201224682,0.0004897658748193352,-1.2905754696867025e-05,-0.05486051353567634
0x04e73caf81ef64ce0c612699049d295e18dfe9bdd60d898fd3d8a64cac723661>0xd6591e966aebf061547ef34cdf3494ed318969887c8b7fb53f10ed5d5461a547,7110,9.233248955010873e-07,8.718103186829088e-07,5.151457681817855e-08,0.0007001964314720597,0.0006638565281027028,3.633990336935689e-05,MSE,colombia_first_round,COL_2026,PRE_ELECTION,CHALLENGE,30,A3,0.0009608979631059103,0.0009337078336840218,2.7190129421888532e-05,0.05579247030940463
0x0fb006e0c06caa4db12f7e30ec8c2483d658f83eb57b2ee8eb478e39beca3dfd>0xc00920db6f5e84821a61bd31578499bbc9bd125949572b589b7a9e4b0f13bad3,7197,1.4416229694517213e-06,1.4885411948870633e-06,-4.691822543534197e-08,0.00037971033657358065,0.00038749846150782437,-7.788124934243724e-06,MSE,colombia_first_round,COL_2026,PRE_ELECTION,CHALLENGE,30,A3,0.0012006760468384972,0.001220057865384697,-1.9381818546199744e-05,-0.03254542028640535
0xb611b3a7173f69e412b55561ed265d849e36693c248ff620d0e981c5b3f2e325>0xfbe85201ab2b4acff01cd5a3639039fc813d3448c64db081f70926bd9b9e74e9,6918,6.721551612021403e-07,6.430890897655138e-07,2.906607143662645e-08,0.0004484493594383163,0.00040602140107574624,4.242795836257007e-05,MSE,colombia_first_round,COL_2026,PRE_ELECTION,CHALLENGE,30,A3,0.0008198506944573141,0.0008019283570029893,1.792233745432487e-05,0.04324309789519756
0xc00920db6f5e84821a61bd31578499bbc9bd125949572b589b7a9e4b0f13bad3>0x0fb006e0c06caa4db12f7e30ec8c2483d658f83eb57b2ee8eb478e39beca3dfd,7201,9.092550142104293e-07,8.867972583106619e-07,2.2457755899767484e-08,0.0005851130803290917,0.000554726435445078,3.0386644884013788e-05,MSE,colombia_first_round,COL_2026,PRE_ELECTION,CHALLENGE,30,A3,0.0009535486428129555,0.0009416991336465495,1.1849509166405952e-05,0.02469907292099912
0xd6591e966aebf061547ef34cdf3494ed318969887c8b7fb53f10ed5d5461a547>0x04e73caf81ef64ce0c612699049d295e18dfe9bdd60d898fd3d8a64cac723661,7126,2.963603464384853e-07,3.389568385077223e-07,-4.259649206923701e-08,0.0005263521943331901,0.0005114160932987038,1.4936101034486232e-05,MSE,colombia_first_round,COL_2026,PRE_ELECTION,CHALLENGE,30,A3,0.0005443898845850144,0.0005821999987184149,-3.781011413340042e-05,-0.14373209027840922
0xfbe85201ab2b4acff01cd5a3639039fc813d3448c64db081f70926bd9b9e74e9>0xb611b3a7173f69e412b55561ed265d849e36693c248ff620d0e981c5b3f2e325,6836,1.1071522064518796e-06,1.0539135505830848e-06,5.323865586879482e-08,0.0006874001503158312,0.0006197022241678598,6.769792614797138e-05,MSE,colombia_first_round,COL_2026,PRE_ELECTION,CHALLENGE,30,A3,0.0010522130043160841,0.0010266029176770758,2.561008663900838e-05,0.0480861218164485
0x04e73caf81ef64ce0c612699049d295e18dfe9bdd60d898fd3d8a64cac723661>0xd6591e966aebf061547ef34cdf3494ed318969887c8b7fb53f10ed5d5461a547,7106,1.4378107790120309e-06,1.3375870421667324e-06,1.0022373684529847e-07,0.0008962405620546949,0.0008260530111400805,7.018755091461437e-05,MSE,colombia_first_round,COL_2026,PRE_ELECTION,CHALLENGE,60,A3,0.0011990874776312322,0.0011565409816200775,4.254649601115475e-05,0.06970579043381886
0x0fb006e0c06caa4db12f7e30ec8c2483d658f83eb57b2ee8eb478e39beca3dfd>0xc00920db6f5e84821a61bd31578499bbc9bd125949572b589b7a9e4b0f13bad3,7194,2.569001376329913e-06,2.618600120746241e-06,-4.959874441632772e-08,0.0005545927478927012,0.000561232737895807,-6.639990003105768e-06,MSE,colombia_first_round,COL_2026,PRE_ELECTION,CHALLENGE,60,A3,0.001602810461760814,0.001618208923701214,-1.5398461940400012e-05,-0.019306624306750942
0xb611b3a7173f69e412b55561ed265d849e36693c248ff620d0e981c5b3f2e325>0xfbe85201ab2b4acff01cd5a3639039fc813d3448c64db081f70926bd9b9e74e9,6916,1.2658010846370138e-06,1.2405957258049234e-06,2.520535883209038e-08,0.0005883916338229404,0.0005402852794952053,4.810635432773503e-05,MSE,colombia_first_round,COL_2026,PRE_ELECTION,CHALLENGE,60,A3,0.0011250782571168166,0.0011138203292295052,1.1257927887311451e-05,0.01991257484134513
0xc00920db6f5e84821a61bd31578499bbc9bd125949572b589b7a9e4b0f13bad3>0x0fb006e0c06caa4db12f7e30ec8c2483d658f83eb57b2ee8eb478e39beca3dfd,7199,1.5164720936430802e-06,1.4717363563406843e-06,4.473573730239596e-08,0.0007624063332268252,0.0007035104743948002,5.8895858832025026e-05,MSE,colombia_first_round,COL_2026,PRE_ELECTION,CHALLENGE,60,A3,0.001231451214479518,0.0012131514152572565,1.8299799222261555e-05,0.029499875065241425
0xd6591e966aebf061547ef34cdf3494ed318969887c8b7fb53f10ed5d5461a547>0x04e73caf81ef64ce0c612699049d295e18dfe9bdd60d898fd3d8a64cac723661,7124,4.939347382495509e-07,4.767868760959367e-07,1.714786215361418e-08,0.000684949031950067,0.0006285339425984803,5.641508935158666e-05,MSE,colombia_first_round,COL_2026,PRE_ELECTION,CHALLENGE,60,A3,0.0007028049076732112,0.0006904975569080145,1.2307350765196757e-05,0.03471685796869496
0xfbe85201ab2b4acff01cd5a3639039fc813d3448c64db081f70926bd9b9e74e9>0xb611b3a7173f69e412b55561ed265d849e36693c248ff620d0e981c5b3f2e325,6821,2.0436609163425805e-06,1.9128824279739403e-06,1.3077848836864015e-07,0.0009389047006794271,0.0008252365578193073,0.00011366814286011982,MSE,colombia_first_round,COL_2026,PRE_ELECTION,CHALLENGE,60,A3,0.0014295666883159318,0.001383069928808352,4.6496759507579696e-05,0.06399226374729851
0x04e73caf81ef64ce0c612699049d295e18dfe9bdd60d898fd3d8a64cac723661>0xd6591e966aebf061547ef34cdf3494ed318969887c8b7fb53f10ed5d5461a547,7098,2.1778377597628425e-06,2.0910287933619094e-06,8.680896640093317e-08,0.0010442198983270001,0.0009834707805816715,6.0749117745328594e-05,MSE,colombia_first_round,COL_2026,PRE_ELECTION,CHALLENGE,120,A3,0.0014757498974293857,0.0014460390013280794,2.971089610130629e-05,0.03986016222364806
0x0fb006e0c06caa4db12f7e30ec8c2483d658f83eb57b2ee8eb478e39beca3dfd>0xc00920db6f5e84821a61bd31578499bbc9bd125949572b589b7a9e4b0f13bad3,7191,4.451533156680147e-06,4.5391884766731885e-06,-8.765531999304136e-08,0.0007483545810970105,0.0007891021172228094,-4.074753612579897e-05,MSE,colombia_first_round,COL_2026,PRE_ELECTION,CHALLENGE,120,A3,0.0021098656726626338,0.0021305371333711102,-2.067146070847646e-05,-0.019691040571382087
0xb611b3a7173f69e412b55561ed265d849e36693c248ff620d0e981c5b3f2e325>0xfbe85201ab2b4acff01cd5a3639039fc813d3448c64db081f70926bd9b9e74e9,6910,1.6256350617711453e-06,1.693160032346493e-06,-6.75249705753477e-08,0.00059724443910277,0.0006301248637993707,-3.288042469660069e-05,MSE,colombia_first_round,COL_2026,PRE_ELECTION,CHALLENGE,120,A3,0.0012750039457865004,0.001301214829436897,-2.6210883650396597e-05,-0.04153759485340983
0xc00920db6f5e84821a61bd31578499bbc9bd125949572b589b7a9e4b0f13bad3>0x0fb006e0c06caa4db12f7e30ec8c2483d658f83eb57b2ee8eb478e39beca3dfd,7195,2.292996428972948e-06,2.263039251506356e-06,2.995717746659203e-08,0.0008021950244603661,0.0007586730819811544,4.3521942479211786e-05,MSE,colombia_first_round,COL_2026,PRE_ELECTION,CHALLENGE,120,A3,0.001514264319388444,0.0015043401382354843,9.924181152959734e-06,0.013064642006446603
0xd6591e966aebf061547ef34cdf3494ed318969887c8b7fb53f10ed5d5461a547>0x04e73caf81ef64ce0c612699049d295e18dfe9bdd60d898fd3d8a64cac723661,7119,6.073342282789357e-07,6.183874737818109e-07,-1.1053245502875204e-08,0.0007524285096639915,0.0007106671331834064,4.1761376480585173e-05,MSE,colombia_first_round,COL_2026,PRE_ELECTION,CHALLENGE,120,A3,0.000779316513541793,0.0007863761655733285,-7.059652031535441e-06,-0.018199609026150067
0xfbe85201ab2b4acff01cd5a3639039fc813d3448c64db081f70926bd9b9e74e9>0xb611b3a7173f69e412b55561ed265d849e36693c248ff620d0e981c5b3f2e325,6797,3.7149398531750557e-06,3.6428894122240428e-06,7.205044095101293e-08,0.0011792577042119424,0.0011195528989401842,5.970480527175818e-05,MSE,colombia_first_round,COL_2026,PRE_ELECTION,CHALLENGE,120,A3,0.0019274179238491728,0.0019086354843772665,1.8782439471906305e-05,0.019394779942246823
0x0fb006e0c06caa4db12f7e30ec8c2483d658f83eb57b2ee8eb478e39beca3dfd>0xc00920db6f5e84821a61bd31578499bbc9bd125949572b589b7a9e4b0f13bad3,677,0.08909713926362076,0.09064256306615007,-0.001545423802529311,0.36135578691309217,0.38203243724591507,-0.0206766503328229,BRIER,colombia_first_round,COL_2026,ACTIVE_RESULTS,CHALLENGE,30,A1,,,,
0xb611b3a7173f69e412b55561ed265d849e36693c248ff620d0e981c5b3f2e325>0xfbe85201ab2b4acff01cd5a3639039fc813d3448c64db081f70926bd9b9e74e9,666,0.0030573504501881263,0.003773167624388076,-0.0007158171741999497,0.020230697872238367,0.027160954092563205,-0.0069302562203248375,BRIER,colombia_first_round,COL_2026,ACTIVE_RESULTS,CHALLENGE,30,A1,,,,
0xc00920db6f5e84821a61bd31578499bbc9bd125949572b589b7a9e4b0f13bad3>0x0fb006e0c06caa4db12f7e30ec8c2483d658f83eb57b2ee8eb478e39beca3dfd,677,0.0038956540314896183,0.003967963858913228,-7.230982742360923e-05,0.02241023295967522,0.024733511838152488,-0.002323278878477268,BRIER,colombia_first_round,COL_2026,ACTIVE_RESULTS,CHALLENGE,30,A1,,,,
0xfbe85201ab2b4acff01cd5a3639039fc813d3448c64db081f70926bd9b9e74e9>0xb611b3a7173f69e412b55561ed265d849e36693c248ff620d0e981c5b3f2e325,666,0.07962640464279841,0.0817004043391387,-0.002073999696340284,0.3027540588143669,0.33103380356570294,-0.028279744751336044,BRIER,colombia_first_round,COL_2026,ACTIVE_RESULTS,CHALLENGE,30,A1,,,,
0x065c9c419b6e1efa736760d175f0bb544af3b06c908d2bdcf7a942092faec5a7>0xfbe85201ab2b4acff01cd5a3639039fc813d3448c64db081f70926bd9b9e74e9,661,0.011212162346464077,0.014720543861883133,-0.003508381515419056,0.06695852495305214,0.08571943286282593,-0.01876090790977379,BRIER,colombia_runoff,COL_2026,ACTIVE_RESULTS,CHALLENGE,30,A1,,,,
0x0fb006e0c06caa4db12f7e30ec8c2483d658f83eb57b2ee8eb478e39beca3dfd>0xa7b2cabe6466638637347bf3fac755dc0fa5ed6f31f4e59fef37496eb95dbb10,661,0.26798180733028876,0.2930092664711619,-0.02502745914087312,0.8626370778308444,1.0804201966703812,-0.21778311883953683,BRIER,colombia_runoff,COL_2026,ACTIVE_RESULTS,CHALLENGE,30,A1,,,,
0xa7b2cabe6466638637347bf3fac755dc0fa5ed6f31f4e59fef37496eb95dbb10>0x0fb006e0c06caa4db12f7e30ec8c2483d658f83eb57b2ee8eb478e39beca3dfd,661,0.00834975237199289,0.015270899175668243,-0.006921146803675353,0.05041199624548957,0.07922107550898391,-0.028809079263494346,BRIER,colombia_runoff,COL_2026,ACTIVE_RESULTS,CHALLENGE,30,A1,,,,
0xfbe85201ab2b4acff01cd5a3639039fc813d3448c64db081f70926bd9b9e74e9>0x065c9c419b6e1efa736760d175f0bb544af3b06c908d2bdcf7a942092faec5a7,661,0.15440520093260265,0.15292278892955669,0.0014824120030459687,0.5766729582775229,0.5750557108462953,0.0016172474312275975,BRIER,colombia_runoff,COL_2026,ACTIVE_RESULTS,CHALLENGE,30,A1,,,,
0x0fb006e0c06caa4db12f7e30ec8c2483d658f83eb57b2ee8eb478e39beca3dfd>0xc00920db6f5e84821a61bd31578499bbc9bd125949572b589b7a9e4b0f13bad3,613,1.9129010449319183e-06,1.971852888967997e-06,-5.8951844036078946e-08,0.0002396271972735712,0.00031715407700904567,-7.752687973547448e-05,MSE,colombia_first_round,COL_2026,ACTIVE_RESULTS,CHALLENGE,30,A2,0.0013830766590944691,0.0014042267939930492,-2.11501348985801e-05,-0.030818031174308386
0xb611b3a7173f69e412b55561ed265d849e36693c248ff620d0e981c5b3f2e325>0xfbe85201ab2b4acff01cd5a3639039fc813d3448c64db081f70926bd9b9e74e9,665,7.373275588181034e-07,7.984997104447302e-07,-6.117215162662675e-08,0.00024057557425611757,0.0002801667409334327,-3.959116667731513e-05,MSE,colombia_first_round,COL_2026,ACTIVE_RESULTS,CHALLENGE,30,A2,0.0008586777968586956,0.0008935881100623095,-3.4910313203613845e-05,-0.0829646890246208
0xc00920db6f5e84821a61bd31578499bbc9bd125949572b589b7a9e4b0f13bad3>0x0fb006e0c06caa4db12f7e30ec8c2483d658f83eb57b2ee8eb478e39beca3dfd,675,1.3541169613728394e-06,1.4073201784239904e-06,-5.320321705115094e-08,0.00028954035894099734,0.0003407356640075349,-5.119530506653754e-05,MSE,colombia_first_round,COL_2026,ACTIVE_RESULTS,CHALLENGE,30,A2,0.00116366531329796,0.0011863052635911174,-2.2639950293157395e-05,-0.03928997167069831
0xfbe85201ab2b4acff01cd5a3639039fc813d3448c64db081f70926bd9b9e74e9>0xb611b3a7173f69e412b55561ed265d849e36693c248ff620d0e981c5b3f2e325,609,6.982968950048986e-07,7.959005379305391e-07,-9.760364292564047e-08,0.0002845875892514922,0.0003403307484665059,-5.57431592150137e-05,MSE,colombia_first_round,COL_2026,ACTIVE_RESULTS,CHALLENGE,30,A2,0.000835641606793785,0.0008921325786734498,-5.649097187966482e-05,-0.13977384637369147
0x065c9c419b6e1efa736760d175f0bb544af3b06c908d2bdcf7a942092faec5a7>0xfbe85201ab2b4acff01cd5a3639039fc813d3448c64db081f70926bd9b9e74e9,656,1.8061143012051114e-07,1.991963545089727e-07,-1.8584924388461558e-08,0.000238433815942593,0.0002304364228345567,7.997393108036315e-06,MSE,colombia_runoff,COL_2026,ACTIVE_RESULTS,CHALLENGE,30,A2,0.0004249840351360403,0.00044631418811076656,-2.133015297472627e-05,-0.10290004556223799
0x0fb006e0c06caa4db12f7e30ec8c2483d658f83eb57b2ee8eb478e39beca3dfd>0xa7b2cabe6466638637347bf3fac755dc0fa5ed6f31f4e59fef37496eb95dbb10,419,1.9255753510643566e-06,2.091208409850974e-06,-1.6563305878661749e-07,0.00036439654235548416,0.00047671389911637497,-0.00011231735676089081,MSE,colombia_runoff,COL_2026,ACTIVE_RESULTS,CHALLENGE,30,A2,0.0013876510191919136,0.0014461011063722252,-5.845008718031162e-05,-0.08601743821401965
0xa7b2cabe6466638637347bf3fac755dc0fa5ed6f31f4e59fef37496eb95dbb10>0x0fb006e0c06caa4db12f7e30ec8c2483d658f83eb57b2ee8eb478e39beca3dfd,656,6.946407801788907e-08,1.1697282742844798e-07,-4.7508749410558916e-08,0.0001504474625614794,0.0001727784048217854,-2.233094226030598e-05,MSE,colombia_runoff,COL_2026,ACTIVE_RESULTS,CHALLENGE,30,A2,0.00026356038780114333,0.0003420129053536547,-7.845251755251139e-05,-0.6839326277147736
0xfbe85201ab2b4acff01cd5a3639039fc813d3448c64db081f70926bd9b9e74e9>0x065c9c419b6e1efa736760d175f0bb544af3b06c908d2bdcf7a942092faec5a7,548,6.096349919342647e-07,6.812485081067509e-07,-7.161351617248618e-08,0.0001773776495353468,0.0002707735283796764,-9.339587884432961e-05,MSE,colombia_runoff,COL_2026,ACTIVE_RESULTS,CHALLENGE,30,A2,0.0007807912601548923,0.000825377797197593,-4.458653704270067e-05,-0.11746949751894831
0x0fb006e0c06caa4db12f7e30ec8c2483d658f83eb57b2ee8eb478e39beca3dfd>0xc00920db6f5e84821a61bd31578499bbc9bd125949572b589b7a9e4b0f13bad3,664,8.573375184879352e-05,8.608260948692461e-05,-3.4885763813109023e-07,0.0021179158302323444,0.002195952593433798,-7.80367632014535e-05,MSE,colombia_first_round,COL_2026,ACTIVE_RESULTS,CHALLENGE,30,A3,0.009259252229461811,0.00927807143144116,-1.8819201979347958e-05,-0.004069081669799798
0xb611b3a7173f69e412b55561ed265d849e36693c248ff620d0e981c5b3f2e325>0xfbe85201ab2b4acff01cd5a3639039fc813d3448c64db081f70926bd9b9e74e9,666,1.5705459654003248e-05,1.5520285652482425e-05,1.851740015208223e-07,0.0015363877552576827,0.001557530353739541,-2.114259848185829e-05,MSE,colombia_first_round,COL_2026,ACTIVE_RESULTS,CHALLENGE,30,A3,0.003963011437531218,0.003939579375070697,2.3432062460520577e-05,0.011790422286279429
0xc00920db6f5e84821a61bd31578499bbc9bd125949572b589b7a9e4b0f13bad3>0x0fb006e0c06caa4db12f7e30ec8c2483d658f83eb57b2ee8eb478e39beca3dfd,674,3.694246402911528e-05,3.707437647613046e-05,-1.3191244701517746e-07,0.0024828176542107776,0.0025177578647055283,-3.494021049475077e-05,MSE,colombia_first_round,COL_2026,ACTIVE_RESULTS,CHALLENGE,30,A3,0.006078031262597724,0.006088873169653845,-1.0841907056120467e-05,-0.003570753886671283
0xfbe85201ab2b4acff01cd5a3639039fc813d3448c64db081f70926bd9b9e74e9>0xb611b3a7173f69e412b55561ed265d849e36693c248ff620d0e981c5b3f2e325,651,3.155034822312113e-05,3.123580687966914e-05,3.1454134345198934e-07,0.0014259030013798386,0.001472418706822244,-4.651570544240546e-05,MSE,colombia_first_round,COL_2026,ACTIVE_RESULTS,CHALLENGE,30,A3,0.005616969665497681,0.005588900328299758,2.806933719792272e-05,0.009969504654198496
0x065c9c419b6e1efa736760d175f0bb544af3b06c908d2bdcf7a942092faec5a7>0xfbe85201ab2b4acff01cd5a3639039fc813d3448c64db081f70926bd9b9e74e9,658,4.172114541971831e-06,4.056448776837045e-06,1.1566576513478562e-07,0.000781804805247938,0.0007628873437945845,1.8917461453353524e-05,MSE,colombia_runoff,COL_2026,ACTIVE_RESULTS,CHALLENGE,30,A3,0.002042575467876727,0.002014062753947117,2.8512713929609943e-05,0.02772353538503751
0x0fb006e0c06caa4db12f7e30ec8c2483d658f83eb57b2ee8eb478e39beca3dfd>0xa7b2cabe6466638637347bf3fac755dc0fa5ed6f31f4e59fef37496eb95dbb10,659,3.333089993161477e-05,3.3429833817344944e-05,-9.89338857301729e-08,0.0011186914976215024,0.0011265742050760922,-7.882707454589773e-06,MSE,colombia_runoff,COL_2026,ACTIVE_RESULTS,CHALLENGE,30,A3,0.005773291949279438,0.00578185383915444,-8.56188987500249e-06,-0.0029682332590225953
0xa7b2cabe6466638637347bf3fac755dc0fa5ed6f31f4e59fef37496eb95dbb10>0x0fb006e0c06caa4db12f7e30ec8c2483d658f83eb57b2ee8eb478e39beca3dfd,652,3.837850428456284e-06,4.13958914658197e-06,-3.0173871812568535e-07,0.0007093103716337625,0.0007376975739058506,-2.838720227208813e-05,MSE,colombia_runoff,COL_2026,ACTIVE_RESULTS,CHALLENGE,30,A3,0.0019590432431307596,0.002034598030713185,-7.55547875824253e-05,-0.078621802425754
0xfbe85201ab2b4acff01cd5a3639039fc813d3448c64db081f70926bd9b9e74e9>0x065c9c419b6e1efa736760d175f0bb544af3b06c908d2bdcf7a942092faec5a7,652,3.358743700668002e-05,3.4184152522010216e-05,-5.967155153301982e-07,0.0010042764881570097,0.0010414231018614699,-3.7146613704460135e-05,MSE,colombia_runoff,COL_2026,ACTIVE_RESULTS,CHALLENGE,30,A3,0.005795466936035441,0.005846721519108825,-5.125458307338442e-05,-0.017766033032276942
0x0fb006e0c06caa4db12f7e30ec8c2483d658f83eb57b2ee8eb478e39beca3dfd>0xc00920db6f5e84821a61bd31578499bbc9bd125949572b589b7a9e4b0f13bad3,659,0.00015661366468294917,0.00015691535219495504,-3.016875120058721e-07,0.0029115864950001557,0.002993323399463741,-8.173690446358541e-05,MSE,colombia_first_round,COL_2026,ACTIVE_RESULTS,CHALLENGE,60,A3,0.012514538133025492,0.012526585815574611,-1.204768254911906e-05,-0.0019263166634700258
0xb611b3a7173f69e412b55561ed265d849e36693c248ff620d0e981c5b3f2e325>0xfbe85201ab2b4acff01cd5a3639039fc813d3448c64db081f70926bd9b9e74e9,665,2.6701467041989664e-05,2.622836861267167e-05,4.7309842931799384e-07,0.002295968895071358,0.0022971411370828593,-1.1722420115013558e-06,MSE,colombia_first_round,COL_2026,ACTIVE_RESULTS,CHALLENGE,60,A3,0.005167346228190024,0.005121363940657964,4.598228753205976e-05,0.01771806877030457
0xc00920db6f5e84821a61bd31578499bbc9bd125949572b589b7a9e4b0f13bad3>0x0fb006e0c06caa4db12f7e30ec8c2483d658f83eb57b2ee8eb478e39beca3dfd,673,6.671706650057262e-05,6.643465792818709e-05,2.8240857238552726e-07,0.0038633877022664132,0.003873626428735172,-1.0238726468758935e-05,MSE,colombia_first_round,COL_2026,ACTIVE_RESULTS,CHALLENGE,60,A3,0.008168051573084771,0.0081507458510364,1.730572204837119e-05,0.004232928502381072
0xfbe85201ab2b4acff01cd5a3639039fc813d3448c64db081f70926bd9b9e74e9>0xb611b3a7173f69e412b55561ed265d849e36693c248ff620d0e981c5b3f2e325,651,8.198987478432583e-05,8.173062414828074e-05,2.5925063604509294e-07,0.002398506698574499,0.002419969318694588,-2.1462620120089263e-05,MSE,colombia_first_round,COL_2026,ACTIVE_RESULTS,CHALLENGE,60,A3,0.009054826049368692,0.009040499109467394,1.4326939901297686e-05,0.0031619835586656412
0x065c9c419b6e1efa736760d175f0bb544af3b06c908d2bdcf7a942092faec5a7>0xfbe85201ab2b4acff01cd5a3639039fc813d3448c64db081f70926bd9b9e74e9,657,1.406394492979267e-05,1.3783860794782057e-05,2.8008413501061313e-07,0.0012040491024198573,0.001167968356588012,3.608074583184525e-05,MSE,colombia_runoff,COL_2026,ACTIVE_RESULTS,CHALLENGE,60,A3,0.003750192652357032,0.003712662224709118,3.753042764791407e-05,0.01991504776282867
0x0fb006e0c06caa4db12f7e30ec8c2483d658f83eb57b2ee8eb478e39beca3dfd>0xa7b2cabe6466638637347bf3fac755dc0fa5ed6f31f4e59fef37496eb95dbb10,657,8.990240471191103e-05,9.261359864452623e-05,-2.711193932615201e-06,0.0019034997456943328,0.0019526589996805197,-4.915925398618691e-05,MSE,colombia_runoff,COL_2026,ACTIVE_RESULTS,CHALLENGE,60,A3,0.009481687861974314,0.009623595931070997,-0.00014190806909668285,-0.03015707912711704
0xa7b2cabe6466638637347bf3fac755dc0fa5ed6f31f4e59fef37496eb95dbb10>0x0fb006e0c06caa4db12f7e30ec8c2483d658f83eb57b2ee8eb478e39beca3dfd,650,1.2581495756442597e-05,1.3365757451706808e-05,-7.842616952642115e-07,0.001147819494182931,0.0011889548691004592,-4.1135374917528316e-05,MSE,colombia_runoff,COL_2026,ACTIVE_RESULTS,CHALLENGE,60,A3,0.0035470404221607903,0.0036559208760183538,-0.00010888045385756351,-0.06233453561057041
0xfbe85201ab2b4acff01cd5a3639039fc813d3448c64db081f70926bd9b9e74e9>0x065c9c419b6e1efa736760d175f0bb544af3b06c908d2bdcf7a942092faec5a7,651,9.152317328957111e-05,9.323175062429716e-05,-1.7085773347260514e-06,0.0017668953170616385,0.001802334188214113,-3.5438871152474426e-05,MSE,colombia_runoff,COL_2026,ACTIVE_RESULTS,CHALLENGE,60,A3,0.009566774445421566,0.009655658994822527,-8.888454940096137e-05,-0.018668248415297687
0x0fb006e0c06caa4db12f7e30ec8c2483d658f83eb57b2ee8eb478e39beca3dfd>0xc00920db6f5e84821a61bd31578499bbc9bd125949572b589b7a9e4b0f13bad3,658,0.00040031223323203985,0.00039541632598936435,4.895907242675503e-06,0.004813033250181248,0.00497358924948856,-0.00016055599930731197,MSE,colombia_first_round,COL_2026,ACTIVE_RESULTS,CHALLENGE,120,A3,0.020007804308120367,0.019885077972926442,0.00012272633519392478,0.012230221402795862
0xb611b3a7173f69e412b55561ed265d849e36693c248ff620d0e981c5b3f2e325>0xfbe85201ab2b4acff01cd5a3639039fc813d3448c64db081f70926bd9b9e74e9,663,6.496654509867746e-05,6.232558825173587e-05,2.6409568469415933e-06,0.0037723194610126257,0.0037562104073480384,1.610905366458736e-05,MSE,colombia_first_round,COL_2026,ACTIVE_RESULTS,CHALLENGE,120,A3,0.00806018269635853,0.007894655676578674,0.00016552701977985695,0.04065102804728577
0xc00920db6f5e84821a61bd31578499bbc9bd125949572b589b7a9e4b0f13bad3>0x0fb006e0c06caa4db12f7e30ec8c2483d658f83eb57b2ee8eb478e39beca3dfd,672,0.00016974514297780064,0.00016925438129334084,4.907616844597982e-07,0.006625380794720269,0.006669157220503761,-4.3776425783492376e-05,MSE,colombia_first_round,COL_2026,ACTIVE_RESULTS,CHALLENGE,120,A3,0.013028627824057323,0.013009780216949894,1.884760710742922e-05,0.002891167758031111
0xfbe85201ab2b4acff01cd5a3639039fc813d3448c64db081f70926bd9b9e74e9>0xb611b3a7173f69e412b55561ed265d849e36693c248ff620d0e981c5b3f2e325,651,0.0001969385172121329,0.00019845036540175556,-1.5118481896226699e-06,0.003856191872438976,0.003959381747096059,-0.00010318987465708336,MSE,colombia_first_round,COL_2026,ACTIVE_RESULTS,CHALLENGE,120,A3,0.014033478443070803,0.014087241227499285,-5.376278442848284e-05,-0.007676752171309273
0x065c9c419b6e1efa736760d175f0bb544af3b06c908d2bdcf7a942092faec5a7>0xfbe85201ab2b4acff01cd5a3639039fc813d3448c64db081f70926bd9b9e74e9,655,4.1119901325210916e-05,3.98788234586771e-05,1.2410778665338152e-06,0.0017377327810840265,0.0017100224497025014,2.7710331381525103e-05,MSE,colombia_runoff,COL_2026,ACTIVE_RESULTS,CHALLENGE,120,A3,0.006412480122792656,0.006314968207257824,9.751191553483175e-05,0.030181927157809135
0x0fb006e0c06caa4db12f7e30ec8c2483d658f83eb57b2ee8eb478e39beca3dfd>0xa7b2cabe6466638637347bf3fac755dc0fa5ed6f31f4e59fef37496eb95dbb10,652,0.00017657938676372435,0.00018601013270000682,-9.430745936282465e-06,0.0029390011338162286,0.003071859695130844,-0.00013285856131461547,MSE,colombia_runoff,COL_2026,ACTIVE_RESULTS,CHALLENGE,120,A3,0.01328831767996703,0.013638553174732532,-0.00035023549476550196,-0.05340796629281235
0xa7b2cabe6466638637347bf3fac755dc0fa5ed6f31f4e59fef37496eb95dbb10>0x0fb006e0c06caa4db12f7e30ec8c2483d658f83eb57b2ee8eb478e39beca3dfd,650,3.372922161081833e-05,3.530146892212516e-05,-1.5722473113068345e-06,0.0015700136830963103,0.0018049522391947214,-0.0002349385560984111,MSE,colombia_runoff,COL_2026,ACTIVE_RESULTS,CHALLENGE,120,A3,0.00580768642497323,0.0059415039276369385,-0.00013381750266370888,-0.046613803586933386
0xfbe85201ab2b4acff01cd5a3639039fc813d3448c64db081f70926bd9b9e74e9>0x065c9c419b6e1efa736760d175f0bb544af3b06c908d2bdcf7a942092faec5a7,648,0.0002480955273052625,0.00024682668331559346,1.2688439896690212e-06,0.0031817273123388506,0.0032656152191451247,-8.38879068062741e-05,MSE,colombia_runoff,COL_2026,ACTIVE_RESULTS,CHALLENGE,120,A3,0.01575104845098454,0.01571071873962466,4.0329711359882864e-05,0.005114336414891536