task,regime,null_model,observed_system_delta_primary,valid_draws,required_valid_draws,null_mean,null_std,p_value,q_value,rejected_bh_0_05,status
A1,PRE_ELECTION,NULL_A_CIRCULAR_SHIFT,-0.03049303620010434,250,250,-0.029605185983820146,0.0015687012988066936,0.6772908366533864,0.9030544488711818666666666667,False,OK
A1,PRE_ELECTION,NULL_B_BLOCK_TIME_PERMUTATION,-0.03049303620010434,250,250,-0.029431735611337592,0.0005022158724969193,0.9840637450199203,0.9840637450199203,False,OK
A2,PRE_ELECTION,NULL_A_CIRCULAR_SHIFT,-1.0235849078948486e-08,250,250,-1.068008543603198e-08,5.19824942573662e-10,0.1952191235059761,0.1952191235059761,False,OK
A2,PRE_ELECTION,NULL_B_BLOCK_TIME_PERMUTATION,-1.0235849078948486e-08,250,250,-1.0688311039584863e-08,4.349281765737366e-10,0.1593625498007968,0.1952191235059761,False,OK
A3,PRE_ELECTION,NULL_A_CIRCULAR_SHIFT,1.112705708646472e-08,250,250,1.2464944505710557e-08,1.9119371844178345e-09,0.7609561752988048,0.796812749003984,False,OK
A3,PRE_ELECTION,NULL_B_BLOCK_TIME_PERMUTATION,1.112705708646472e-08,250,250,1.2290795742833773e-08,1.4463914513709334e-09,0.796812749003984,0.796812749003984,False,OK
A1,ACTIVE_RESULTS,NULL_A_CIRCULAR_SHIFT,-0.00479776574467684,250,250,-0.007306923871329145,0.0011660254502899382,0.01593625498007968,0.03187250996015936,True,OK
A1,ACTIVE_RESULTS,NULL_B_BLOCK_TIME_PERMUTATION,-0.00479776574467684,250,250,-0.007178840022991862,0.0006825788326263203,0.00398406374501992,0.01593625498007968,True,OK
A2,ACTIVE_RESULTS,NULL_A_CIRCULAR_SHIFT,-7.178388804970266e-08,250,250,-1.090869005209499e-07,2.2578018107807675e-08,0.01195219123505976,0.02390438247011952,True,OK
A2,ACTIVE_RESULTS,NULL_B_BLOCK_TIME_PERMUTATION,-7.178388804970266e-08,250,250,-1.0616564556085725e-07,1.8086675209654403e-08,0.01195219123505976,0.02390438247011952,True,OK
A3,ACTIVE_RESULTS,NULL_A_CIRCULAR_SHIFT,-1.0784713677809086e-07,250,250,-2.052658529167359e-07,6.160961373432153e-08,0.04780876494023904,0.13545816733067728,False,OK
A3,ACTIVE_RESULTS,NULL_B_BLOCK_TIME_PERMUTATION,-1.0784713677809086e-07,250,250,-1.9106146368033054e-07,5.613293137697874e-08,0.06772908366533864,0.13545816733067728,False,OK