condition_id,market_id,event_id,acquisition_class,acquisition_tier,created_at_utc,end_date_utc,fill_rows,tokens_expected,tokens_with_rows,first_fill_utc,last_fill_utc,first_fill_minus_created_seconds,last_fill_minus_end_seconds,missing_block_rows,condition_id_mismatch_rows,zero_fill_reason
0x01175ab5a40ea7f54b7b0a0aaf3574232e3374091e0bad5a0b9603741ae5d85b,629519,57182,FILLS_P1,P1,2025-10-09T23:19:24.563377Z,,992,2,2,2025-10-16T15:58:27Z,2026-09-21T12:37:56Z,578342.436623,,0,0,
0x02c3cd1157c317eb2877e03f6056f57dff88c98c777d0c016b799a73a0929e09,3515263,833439,FILLS_P0,P0,2026-08-11T14:12:06.07039Z,2027-01-05T04:59:00Z,179,2,2,2026-08-12T19:38:37Z,2026-09-14T22:33:09Z,105990.92961,-9699951.0,0,0,
0x0465cd005a54781e052b679e2c42c7ae5b772490fdda54316f157bf537536456,631044,57681,FILLS_P1,P1,2025-10-10T19:37:08.015286Z,,1527,2,2,2025-10-21T22:23:17Z,2026-09-21T19:15:31Z,960368.984714,,0,0,
0x058e93e8de37bdfe39ab87b9270c4e5f849d5b46ab8d8d1a7fe0ad0a3e761c06,3515278,833441,FILLS_P0,P0,2026-08-11T14:12:31.056578Z,2027-01-05T04:59:00Z,508,2,2,2026-08-11T20:28:01Z,2026-09-20T17:00:55Z,22529.943422,-9201485.0,0,0,
0x06cf5176c58552873973a8979ff9846d18cf0dc7bdd85ef3132b8874ea8c5268,3515249,833436,FILLS_P0,P0,2026-08-11T14:10:44.368341Z,2027-01-05T04:59:00Z,476,2,2,2026-08-13T16:56:04Z,2026-09-21T10:46:24Z,182719.631659,-9137556.0,0,0,
0x086445ea07954a360aeeddc96c292160832662b0227bdc8f07bc353dd511966f,629477,57177,FILLS_P1,P1,2025-10-09T23:13:58.33326Z,,1709,2,2,2025-10-14T05:07:57Z,2026-09-21T17:27:49Z,366838.66674,,0,0,
0x096f26b2abcfde3ee7863e7916ca17682522715f7631debd4878a43ee6c797a9,1178882,162226,FILLS_P0,P0,2026-01-13T22:00:58.045528Z,2026-11-03T00:00:00Z,1421,2,2,2026-01-14T03:12:04Z,2026-09-21T22:28:30Z,18665.954472,-3634290.0,0,0,
0x09ab26922f9d9e991d8c0a43c9df4acb1fa8f14ae687d4835be11f97fdbfdaf4,3515332,833461,FILLS_P0,P0,2026-08-11T14:18:06.184882Z,2027-01-05T04:59:00Z,78,2,2,2026-08-11T14:40:01Z,2026-09-18T08:56:34Z,1314.815118,-9403346.0,0,0,
0x0c25c95d3c8db3393ea7df81e7078a2b7e8b7bb6b96cf7e30dac3ce403f26f35,3708434,872267,FILLS_P0,P0,2026-08-18T19:26:56.115224Z,2026-11-03T23:59:00Z,205,2,2,2026-08-18T22:16:55Z,2026-09-21T18:41:51Z,10198.884776,-3734229.0,0,0,
0x0c850ba78ba995c9324706b69a63e774c0e0673fda8ee6fbc4de430b7b4b5393,3729339,877336,FILLS_P0,P0,2026-08-19T20:01:25.3293Z,2027-04-01T03:59:00Z,87,2,2,2026-08-19T23:10:55Z,2026-09-21T02:36:35Z,11369.6707,-16593745.0,0,0,
0x0cbce21b32aca8e63e16ee289a0fcdb77b5ef36699986a3e588842c1740cda38,3515246,833436,FILLS_P0,P0,2026-08-11T14:10:43.864737Z,2027-01-05T04:59:00Z,201,2,2,2026-08-13T02:41:13Z,2026-09-17T13:02:51Z,131429.135263,-9474969.0,0,0,
0x0d283a78304a9f43a79f26c60aef707c3a5c8c412c84978b9d98f21ac5862779,3515201,833407,FILLS_P0,P0,2026-08-11T14:01:17.488424Z,2027-01-05T04:59:00Z,127,2,2,2026-08-11T17:22:33Z,2026-09-20T12:26:16Z,12075.511576,-9217964.0,0,0,
0x0d8711f5f475002d8236dcf4c848882aee7a2f34a515dda6ff0623906bf862a3,919495,103166,FILLS_P0,P0,2025-12-12T12:41:09.431924Z,2027-01-05T04:59:00Z,912,2,2,2025-12-20T05:59:38Z,2026-09-21T06:30:26Z,667108.568076,-9152914.0,0,0,
0x0fb6d91a3bbf566c563ae342154407576ddb99c3174d58641a500d2fa45d1db5,3515349,833462,FILLS_P0,P0,2026-08-11T14:18:41.325237Z,2027-01-05T04:59:00Z,56,2,2,2026-08-13T01:04:45Z,2026-09-21T13:12:45Z,125163.674763,-9128775.0,0,0,
0x10646c23de96f39d35a76a5d8a8d89cf0987ed64b3e1585bb35761d87f532210,3515342,833462,FILLS_P0,P0,2026-08-11T14:18:40.342334Z,2026-11-03T00:00:00Z,70,2,2,2026-08-11T17:21:39Z,2026-09-21T12:13:00Z,10978.657666,-3671220.0,0,0,
0x10ab8d8beb55929d465b5df48647f6d90b03aea3fd0a88c6c34e9706b3778d20,3515223,833418,FILLS_P0,P0,2026-08-11T14:06:05.285374Z,2027-01-05T04:59:00Z,85,2,2,2026-08-11T16:55:15Z,2026-09-19T11:51:35Z,10149.714626,-9306445.0,0,0,
0x110170493c7d4c5d438a01dbab7390bdd58ded3321ac096221cf1040f2e9270b,629271,57154,FILLS_P1,P1,2025-10-09T22:36:25.689102Z,,799,2,2,2025-10-14T01:25:21Z,2026-09-21T23:27:16Z,355735.310898,,0,0,
0x116ab31f9999c4089e7b86e38500bec4ccb845d6bfa39a9c136e8c9cdd77113c,907692,101856,FILLS_P0,P0,2025-12-10T18:05:33.476645Z,2026-11-04T04:59:00Z,678,2,2,2025-12-15T22:02:23Z,2026-09-20T14:09:40Z,446209.523355,-3854960.0,0,0,
0x129dbcb7d39ff8df5f0d7685a2db6400b5db37d3963914486fbb7fd2bc96a923,630883,57664,FILLS_P1,P1,2025-10-10T19:12:31.894823Z,,1975,2,2,2025-10-14T07:04:59Z,2026-09-21T17:13:07Z,301947.105177,,0,0,
0x12b727031b38130d945b3e164386874360d9a32fdd7e3d00ed2adb13857e089b,629690,57222,FILLS_P1,P1,2025-10-10T00:00:22.505586Z,,1829,2,2,2026-01-20T00:08:34Z,2026-09-21T21:58:52Z,8813291.494414,,0,0,
0x13c80cd3222962adf5d4eef98cd571ac14e5b739ab4fbd23a5d2ef2d86c80192,3515300,833451,FILLS_P0,P0,2026-08-11T14:14:17.087966Z,2027-01-05T04:59:00Z,131,2,2,2026-08-11T21:39:00Z,2026-09-19T03:58:15Z,26682.912034,-9334845.0,0,0,
0x1492f2bc4193ad740d8f9bf77254c9f2e3fc596a31803e4dd45a6a906fdd6884,3515247,833436,FILLS_P0,P0,2026-08-11T14:10:44.041998Z,2027-01-05T04:59:00Z,243,2,2,2026-08-13T16:12:16Z,2026-09-18T08:54:46Z,180091.958002,-9403454.0,0,0,
0x15de5f99db14dd323df50b4c0af7d756cea681bdc3adbe1f1b6be7194a59c978,629296,57156,FILLS_P1,P1,2025-10-09T22:46:03.921198Z,,602,2,2,2025-10-14T03:27:15Z,2026-09-21T14:25:05Z,362471.078802,,0,0,
0x176f5ced89c60922ebf610fdb9f7038a198cb0332df65208db0dfbb63f21ea8a,3515265,833439,FILLS_P0,P0,2026-08-11T14:12:06.586917Z,2027-01-05T04:59:00Z,185,2,2,2026-08-12T13:46:48Z,2026-09-20T15:00:52Z,84881.413083,-9208688.0,0,0,
0x17d8c697aa69e53ef8062fc4b42ff6f8f7983ec569a021aab6d707d6f797780a,630951,57671,FILLS_P1,P1,2025-10-10T19:24:28.608484Z,,887,2,2,2025-10-14T05:38:05Z,2026-09-03T01:06:21Z,296016.391516,,0,0,
0x18cc1dd29f0b816135d5337cebae4d1f8b42a2c8b951e893936f35fd235ecc94,919490,103166,FILLS_P0,P0,2025-12-12T12:41:07.095226Z,2027-01-05T04:59:00Z,1199,2,2,2025-12-20T05:59:38Z,2026-09-21T13:14:39Z,667110.904774,-9128661.0,0,0,
0x192bd02fa99bb9e2b89fcb515a6651fdd52241b34a1a0fc48f4ae079c540d4f1,3515220,833418,FILLS_P0,P0,2026-08-11T14:06:04.541072Z,2027-01-05T04:59:00Z,53,2,2,2026-08-11T16:56:33Z,2026-09-21T12:17:51Z,10228.458928,-9132069.0,0,0,
0x196e9ecf249c09f200d52ed1d64fe5080f16ca357eddb2afbfbf6e1e18418cfb,3515341,833462,FILLS_P0,P0,2026-08-11T14:18:40.213556Z,2026-11-03T00:00:00Z,117,2,2,2026-08-11T17:21:06Z,2026-09-21T12:13:00Z,10945.786444,-3671220.0,0,0,
0x19951c9cab7d96a7b49094395bea4e7adff845beee1e5d268b4dbea323134135,3515344,833462,FILLS_P0,P0,2026-08-11T14:18:40.627028Z,2026-11-03T00:00:00Z,82,2,2,2026-08-11T17:21:57Z,2026-09-21T12:13:00Z,10996.372972,-3671220.0,0,0,
0x19f7f17f4d4058ecf9fd4b94e9e3b4ded136a7ce7b5ef66a1a9f0122b26a1c88,3515227,833419,FILLS_P0,P0,2026-08-11T14:06:24.002821Z,2027-01-05T04:59:00Z,61,2,2,2026-08-12T03:01:34Z,2026-09-09T18:57:09Z,46509.997179,-10144911.0,0,0,
0x1a70ed303a7ee2d7581f9219174d6b6d40c699ba833a1defff72fc190eb64d11,3515276,833441,FILLS_P0,P0,2026-08-11T14:12:30.679631Z,2027-01-05T04:59:00Z,309,2,2,2026-08-11T14:38:04Z,2026-09-20T12:22:21Z,1533.320369,-9218199.0,0,0,
0x1a7cdea3793ecc245cc5dbfaebf71b223f0680dc7adf0fdd7e1cb31bac28e384,3515996,833596,FILLS_P0,P0,2026-08-11T15:08:20.736589Z,2026-11-04T04:59:00Z,77,2,2,2026-08-11T18:27:24Z,2026-09-18T08:57:27Z,11943.263411,-4046493.0,0,0,
0x1ada88a781ee8d2e8f392dcba10216be82e7d2c7137d33f28c6029f733f13aad,907691,101856,FILLS_P0,P0,2025-12-10T18:05:32.997946Z,2026-11-04T04:59:00Z,592,2,2,2025-12-15T22:02:23Z,2026-09-20T14:09:40Z,446210.002054,-3854960.0,0,0,
0x1ae68b612dbd37d2685c994ff630b677a94440ff86d952e628bb2a875940161f,2773663,659973,FILLS_P0,P0,2026-07-02T19:52:22.728972Z,2027-01-05T04:59:00Z,622,2,2,2026-07-03T04:07:55Z,2026-09-19T11:37:54Z,29732.271028,-9307266.0,0,0,
0x1b7fa10e6b102c964bbd4a7cb0a4b7a341e17fcb9f8a2c8a5d6a3b30dfb5c394,629641,57208,FILLS_P1,P1,2025-10-09T23:54:55.77261Z,,791,2,2,2025-10-14T06:36:09Z,2026-09-16T11:29:22Z,369673.22739,,0,0,
0x1c017cbb38a9d0ab233ebb265b25c78290317e6a2470657ca18a73a112397b55,630925,57669,FILLS_P1,P1,2025-10-10T19:20:57.491816Z,,1619,2,2,2025-11-21T21:28:15Z,2026-09-21T04:29:03Z,3636437.508184,,0,0,
0x1c9c149595ae513378ae7a4567b3808f0618a326c3677781172c4dc630d39c41,3515196,833406,FILLS_P0,P0,2026-08-11T14:00:56.704868Z,2027-01-05T04:59:00Z,150,2,2,2026-08-12T13:20:58Z,2026-09-21T17:37:33Z,84001.295132,-9112887.0,0,0,
0x1ce7e25df1db3927de35a835652c608dabf9f577e266b5c8b53fdca62b22f3a1,4641984,1038915,FILLS_P0,P0,2026-09-17T17:25:54.523864Z,2026-11-03T23:59:00Z,22,2,2,2026-09-18T02:51:51Z,2026-09-20T12:56:37Z,33956.476136,-3841343.0,0,0,
0x1d96fc643d4e8d0cf98a3a8e3138c50fc0e43e984aa4b446fae85319d80043d0,3516242,833601,FILLS_P0,P0,2026-08-11T15:11:51.646212Z,2026-11-04T04:59:00Z,116,2,2,2026-08-14T06:01:18Z,2026-09-21T13:41:59Z,226166.353788,-3770221.0,0,0,
0x1e9eacc55b3498cf3ffbd9a8261b184668fc88a6d23fc239505379cac54ff870,2773666,659973,FILLS_P0,P0,2026-07-02T19:52:23.068887Z,2027-01-05T04:59:00Z,419,2,2,2026-07-03T04:07:55Z,2026-09-20T00:24:07Z,29731.931113,-9261293.0,0,0,
0x20f8d283859e0aa98802f618f26954660aea7a171ebd2869425edfbf9b3fe824,3515972,833579,FILLS_P0,P0,2026-08-11T15:07:32.120744Z,2027-04-01T03:59:00Z,417,2,2,2026-08-11T22:28:10Z,2026-09-21T13:18:41Z,26437.879256,-16555219.0,0,0,
0x217a8a10e4ec9f7d12d5b94024d4853f326c9b0de14b119b62d8b779f67d8111,919498,103166,FILLS_P0,P0,2025-12-12T12:41:10.831063Z,2027-01-05T04:59:00Z,807,2,2,2025-12-20T05:59:38Z,2026-09-18T13:02:48Z,667107.168937,-9388572.0,0,0,
0x21eb03c35b97071a01b6a630c69191a991cb819d436bb38c89db7b4f372b7eac,3515275,833441,FILLS_P0,P0,2026-08-11T14:12:30.494315Z,2027-01-05T04:59:00Z,466,2,2,2026-08-12T00:05:06Z,2026-09-21T14:39:29Z,35555.505685,-9123571.0,0,0,
0x22492ab0d5c936a0c8b24e241bcbe959ee4d7e52f227a8d128d38a025316eb85,629324,57160,FILLS_P1,P1,2025-10-09T22:51:08.591709Z,,2019,2,2,2025-10-14T06:14:55Z,2026-09-21T18:05:33Z,372226.408291,,0,0,
0x22e986868fae24a9e7b6fff86e063cc90843c85c4a9dd65b2628bbf5663997c7,630706,57643,FILLS_P1,P1,2025-10-10T18:44:20.676358Z,,865,2,2,2025-10-14T08:17:31Z,2026-09-21T20:56:22Z,307990.323642,,0,0,
0x2486ea1973f8202ea6a2f188f0ed2b9ac1b35e142a966e82049454d2cf0685f4,3515289,833450,FILLS_P0,P0,2026-08-11T14:13:33.76565Z,2027-01-05T04:59:00Z,164,2,2,2026-08-11T16:46:58Z,2026-09-21T12:16:03Z,9204.23435,-9132177.0,0,0,
0x26d2b09d5f5d5bfd520454b3e896f368672f3a9ee542e0af6ef08e3a25e445b0,629398,57169,FILLS_P1,P1,2025-10-09T23:00:25.50112Z,,2193,2,2,2025-10-14T05:45:29Z,2026-09-21T14:13:21Z,369903.49888,,0,0,
0x27125b38c94335d4f4fe770a94c285758cff76279a29b337f6e1f352d7eefee1,3515270,833440,FILLS_P0,P0,2026-08-11T14:12:17.475709Z,2027-01-05T04:59:00Z,569,2,2,2026-08-11T20:08:39Z,2026-09-21T15:51:59Z,21381.524291,-9119221.0,0,0,
0x27242cefc16ce0010d621935789f28275693b44f7b18e6f920cfd9fa6653af67,3515307,833452,FILLS_P0,P0,2026-08-11T14:14:31.859988Z,2026-11-03T00:00:00Z,105,2,2,2026-08-11T17:24:10Z,2026-09-21T13:28:47Z,11378.140012,-3666673.0,0,0,
0x28a95a26dda9c431ef65ba8245abe85bf6524dd9082cd60be8bccf7e90e51e73,3708435,872267,FILLS_P0,P0,2026-08-18T19:26:56.387477Z,2026-11-03T23:59:00Z,360,2,2,2026-08-18T22:04:13Z,2026-09-21T18:51:10Z,9436.612523,-3733670.0,0,0,
0x29a7e4048f5ece395b73240c1db0c5e8390a6413f934251368dad576f877983c,2773661,659973,FILLS_P0,P0,2026-07-02T19:52:22.465954Z,2027-01-05T04:59:00Z,483,2,2,2026-07-03T04:08:01Z,2026-09-18T13:05:15Z,29738.534046,-9388425.0,0,0,
0x2a576fa3ba72588ab56857b87e870f31f2c2e3e0a3e88943ebd207a8952af3f1,919497,103166,FILLS_P0,P0,2025-12-12T12:41:10.378973Z,2027-01-05T04:59:00Z,774,2,2,2025-12-20T05:59:38Z,2026-09-21T17:52:33Z,667107.621027,-9111987.0,0,0,
0x2ac9f8c8601556e8287223972744d4fa29c90a2c201335d8338d5131ce3154f3,4641981,1038915,FILLS_P0,P0,2026-09-17T17:25:53.624276Z,2026-11-03T23:59:00Z,35,2,2,2026-09-18T02:51:51Z,2026-09-21T13:22:48Z,33957.375724,-3753372.0,0,0,
0x2b5664b6e1dd248c43bc0fb3b2b3d6e5425348285d25ac127f63fe2566419397,3515211,833416,FILLS_P0,P0,2026-08-11T14:02:48.875848Z,2027-01-05T04:59:00Z,33,2,2,2026-08-12T04:34:57Z,2026-09-07T23:07:22Z,52328.124152,-10302698.0,0,0,
0x2b8d4561166e2a3e15009488f7a4bb0826f9a4a1103dd611d584d917718e6727,3729066,877283,FILLS_P0,P0,2026-08-19T19:59:14.163472Z,2026-11-04T04:59:00Z,118,2,2,2026-08-19T23:54:46Z,2026-09-19T14:53:47Z,14131.836528,-3938713.0,0,0,
0x2c4a0e5c507b552a9d80299cee3fde54cc11405e3a728f3b8ae67bf400578d36,3516247,833601,FILLS_P0,P0,2026-08-11T15:11:52.060497Z,2026-11-04T04:59:00Z,224,2,2,2026-08-11T21:48:37Z,2026-09-21T12:07:53Z,23804.939503,-3775867.0,0,0,
0x2fb2b4f6d030ed03404e844400cf763a5dfc70275a3d6bd03770287cd7bced56,943821,106193,FILLS_P0,P0,2025-12-15T22:40:52.589063Z,,1840,2,2,2025-12-19T13:50:56Z,2026-09-20T19:36:10Z,313803.410937,,0,0,
0x326b44d394499280b808162a80be6f5e5fec2d9e32e5352c13f04fb0292b706f,3515264,833439,FILLS_P0,P0,2026-08-11T14:12:06.378447Z,2027-01-05T04:59:00Z,170,2,2,2026-08-12T19:43:58Z,2026-09-21T21:05:07Z,106311.621553,-9100433.0,0,0,
0x327f766c3a96387a5e910656c76af857a60d2b13ff6970cd97bf9dbc2db13ed6,3515261,833439,FILLS_P0,P0,2026-08-11T14:12:05.620907Z,2027-01-05T04:59:00Z,76,2,2,2026-08-12T19:43:58Z,2026-09-18T08:54:49Z,106312.379093,-9403451.0,0,0,
0x3289a7b6746c1c4ddc0d01fffd71394067eaea510f464ea87316ebf06332fe6c,3515214,833416,FILLS_P0,P0,2026-08-11T14:02:49.618733Z,2027-01-05T04:59:00Z,30,2,2,2026-08-12T04:34:57Z,2026-09-21T12:10:24Z,52327.381267,-9132516.0,0,0,
0x34107616d95603f3726616805a403db21a64492cf0e8df1175fa1a9dba38c3fc,2683267,633839,FILLS_P0,P0,2026-06-25T17:26:23.623917Z,2026-11-03T23:59:00Z,157,2,2,2026-06-25T17:58:13Z,2026-09-21T18:05:03Z,1909.376083,-3736437.0,0,0,
0x34818a4824b2a406b7ccf2d4ff12b09ef3b7e0e6bc32cb92ad8781da8460ff88,3515308,833452,FILLS_P0,P0,2026-08-11T14:14:32.063115Z,2026-11-03T00:00:00Z,170,2,2,2026-08-11T21:41:34Z,2026-09-21T13:28:48Z,26821.936885,-3666672.0,0,0,
0x34918035a590555ba1fb1d6a019d766ab6e557d63e7f3140b63b4550eee7f417,630963,57672,FILLS_P1,P1,2025-10-10T19:25:45.735897Z,,9030,2,2,2025-11-05T16:47:29Z,2026-09-21T23:51:09Z,2236903.264103,,0,0,
0x34e0f396a5790dec6d50b9bc8f0929f8449c547a27cec80f44c138575e796e53,3516006,833598,FILLS_P0,P0,2026-08-11T15:09:28.568921Z,2026-11-04T04:59:00Z,88,2,2,2026-08-11T20:12:15Z,2026-09-18T08:55:40Z,18166.431079,-4046600.0,0,0,
0x36607fe8b9e08348816930aae289e624e7e63aabbc7e68392507a26248433a19,3515352,833463,FILLS_P0,P0,2026-08-11T14:18:48.853593Z,2027-01-05T04:59:00Z,285,2,2,2026-08-12T21:01:54Z,2026-09-20T22:31:19Z,110585.146407,-9181661.0,0,0,
0x36ed4680a4ce307b782205cfca5f6031c39c3a69811c5c1cd03b7d0f85c4153c,2683258,633839,FILLS_P0,P0,2026-06-25T17:26:22.557076Z,2026-11-03T23:59:00Z,320,2,2,2026-06-25T17:59:49Z,2026-09-21T18:05:03Z,2006.442924,-3736437.0,0,0,
0x378f6ce7b81670608a5a4f0fcf740e3dbb44c3e402e5b0beba49871a5c05b259,630858,57662,FILLS_P1,P1,2025-10-10T19:09:20.824923Z,,788,2,2,2025-10-14T05:07:29Z,2026-09-01T07:09:12Z,295088.175077,,0,0,
0x38a1025bfc56539ed1ff8fdd468283d55cf9002412decd61aa8d6c578c7d01a2,630734,57647,FILLS_P1,P1,2025-10-10T18:55:03.219617Z,,3864,2,2,2025-10-14T05:00:55Z,2026-09-21T21:45:34Z,295551.780383,,0,0,
0x38fa3007c7be18a217849262667e39266341cb2fd7b5f8da75472b0a9e420480,943826,106193,FILLS_P0,P0,2025-12-15T22:40:55.220655Z,,4280,2,2,2025-12-19T13:50:30Z,2026-09-21T21:44:49Z,313774.779345,,0,0,
0x39eef049f022888eb90966763c7000cceee75dea7a7ee707634a20ecda395f14,3515298,833451,FILLS_P0,P0,2026-08-11T14:14:16.662174Z,2027-01-05T04:59:00Z,81,2,2,2026-08-12T03:18:51Z,2026-09-19T11:37:51Z,47074.337826,-9307269.0,0,0,
0x3b5260e993f1eb6e127dffa8ee40b29a30a7b7343ad1041c33c389e15810c565,630833,57660,FILLS_P1,P1,2025-10-10T19:05:36.15041Z,,910,2,2,2026-04-23T13:31:40Z,2026-09-21T04:10:54Z,16827963.84959,,0,0,
0x3c4fcfac1fab52188ae1675bd6fb06321aef0588edfe434406774e80827ca059,3515266,833439,FILLS_P0,P0,2026-08-11T14:12:06.784041Z,2027-01-05T04:59:00Z,182,2,2,2026-08-12T13:22:33Z,2026-09-21T11:57:41Z,83426.215959,-9133279.0,0,0,
0x3ce6295fd9f1a6e2798a8a8a8845f69aca182b8cf35dc59db7203415cbe8d48e,630870,57663,FILLS_P1,P1,2025-10-10T19:10:45.066251Z,,537,2,2,2025-10-15T14:00:13Z,2026-09-19T19:04:41Z,413367.933749,,0,0,
0x3ec7f76f6b3d8110e0f87e686b0a584c8165bee42f8ea46be281fcfd884cacfd,3515260,833438,FILLS_P0,P0,2026-08-11T14:11:48.01496Z,2027-01-05T04:59:00Z,72,2,2,2026-08-12T06:14:09Z,2026-09-21T18:03:07Z,57740.98504,-9111353.0,0,0,
0x3f8d20cfcf2136d0c001663603c2d7f7be0fb920534d09a193f3165a40fe9469,630666,57640,FILLS_P1,P1,2025-10-10T18:37:34.62866Z,,825,2,2,2025-10-15T09:10:47Z,2026-09-21T14:24:48Z,397992.37134,,0,0,
0x3fd189cac9280dfc49a07115581e8d4c9e0b7e1c1e8580a44e9ff3d74e39cf2d,630806,57658,FILLS_P1,P1,2025-10-10T19:02:23.922913Z,,5568,2,2,2025-10-15T06:17:53Z,2026-09-21T22:01:24Z,386129.077087,,0,0,
0x40016ccec38f60de0055b5b0faa2fc7816d968cde5e5e1217648aa72d3261571,3515212,833416,FILLS_P0,P0,2026-08-11T14:02:49.178211Z,2027-01-05T04:59:00Z,118,2,2,2026-08-12T04:34:57Z,2026-09-18T13:02:02Z,52327.821789,-9388618.0,0,0,
0x40c6ba349d7f6051dd8c5a2c9bf81018969945bbd06d8f3c1b13c9298d3dd039,3515279,833441,FILLS_P0,P0,2026-08-11T14:12:31.243532Z,2027-01-05T04:59:00Z,189,2,2,2026-08-12T00:05:06Z,2026-09-20T07:30:07Z,35554.756468,-9235733.0,0,0,
0x411339e9dc4d1f2167ab4197f8b2cb4b65d2a455e568b7fce3adc5c0e6c5f4bf,3515335,833461,FILLS_P0,P0,2026-08-11T14:18:06.968806Z,2027-01-05T04:59:00Z,87,2,2,2026-08-11T14:40:01Z,2026-09-18T09:11:34Z,1314.031194,-9402446.0,0,0,
0x4151b05d1d98bb10d1a459f013d8583267b5fc6fa9e7bc755653f074f4a5e33a,630760,57649,FILLS_P1,P1,2025-10-10T18:57:43.328554Z,,842,2,2,2025-10-14T04:01:37Z,2026-09-18T00:59:09Z,291833.671446,,0,0,
0x41fecd2dbaa00b1a36e492f139894b6936524bd2845a42475fb7daeae08fec0c,3409452,812886,FILLS_P0,P0,2026-08-07T21:41:19.777851Z,2026-11-04T04:59:00Z,62,2,2,2026-08-09T08:37:37Z,2026-09-21T21:09:19Z,125777.222149,-3743381.0,0,0,
0x42f85d003616f3e480ecb80789f5201198857d9a9afad27f74f8bf3e78221a2b,3515269,833440,FILLS_P0,P0,2026-08-11T14:12:17.236612Z,2027-01-05T04:59:00Z,333,2,2,2026-08-11T20:08:39Z,2026-09-20T14:59:22Z,21381.763388,-9208778.0,0,0,
0x4408e08c75e73c34e4a9d0f96148d5c154fc780d39c99ef32867eb15ec7c278f,3515252,833437,FILLS_P0,P0,2026-08-11T14:10:59.655874Z,2027-01-05T04:59:00Z,221,2,2,2026-08-11T20:42:42Z,2026-09-21T11:37:45Z,23502.344126,-9134475.0,0,0,
0x44b642636473fb07f0c2319a1d25729a36134969076ffdbb8979cbfdda612b14,630818,57659,FILLS_P1,P1,2025-10-10T19:03:55.106668Z,,1713,2,2,2025-10-18T08:22:28Z,2026-09-21T16:59:14Z,652712.893332,,0,0,
0x45165a4a2a03b178007446496ec61a551125ec2bc56eae79d444b68b322af3cd,629571,57186,FILLS_P1,P1,2025-10-09T23:27:45.576675Z,,724,2,2,2025-10-14T06:31:21Z,2026-09-21T21:28:34Z,371015.423325,,0,0,
0x45603784c0d1f2dab989eee4771b16a64d8ae01eac147df2e56a1582def49aab,630990,57674,FILLS_P1,P1,2025-10-10T19:29:18.863143Z,,326,2,2,2025-10-14T05:34:33Z,2026-09-17T15:21:31Z,295514.136857,,0,0,
0x457e4d4fc56ca3836fccb7a8bf539c787504ac841a933d65f5de0736fcae2567,629412,57172,FILLS_P1,P1,2025-10-09T23:05:13.453401Z,,1041,2,2,2025-10-14T03:12:33Z,2026-09-21T08:12:36Z,360439.546599,,0,0,
0x46c862237fc39f6357ce2efa748274e4539c1ffe60cd6a89e3fe689373fa27a8,943819,106193,FILLS_P0,P0,2025-12-15T22:40:51.504347Z,,3727,2,2,2025-12-19T13:49:02Z,2026-09-21T23:08:15Z,313690.495653,,0,0,
0x479d1a77b118ac88cc0e7e5eb4659e4954d55cd87a84d7f2b22bf5c3a8333813,629451,57175,FILLS_P1,P1,2025-10-09T23:10:00.678942Z,,1100,2,2,2025-10-14T03:01:09Z,2026-09-19T21:45:38Z,359468.321058,,0,0,
0x48385c4a78d5babfebad26995a0cf7b813c39d5ddd7653ad2aa3ace7ab52ddbc,3729382,877350,FILLS_P0,P0,2026-08-19T20:02:38.137545Z,2026-11-03T23:59:00Z,59,2,2,2026-08-19T23:04:55Z,2026-09-20T13:43:57Z,10936.862455,-3838503.0,0,0,
0x4900fd99a53dc19621b3de761cdd75401fcd5733d785b9840275fe14ccd7d74c,629518,57182,FILLS_P1,P1,2025-10-09T23:19:24.098537Z,,1072,2,2,2025-11-07T13:36:51Z,2026-09-21T14:57:08Z,2470646.901463,,0,0,
0x495cde47690b9a5844c69bc2ea507c994c10a29557aa7453979ec0df7847bf2e,907688,101856,FILLS_P0,P0,2025-12-10T18:05:31.572639Z,2026-11-04T04:59:00Z,1071,2,2,2025-12-15T22:02:23Z,2026-09-20T15:41:25Z,446211.427361,-3849455.0,0,0,
0x4a30e54dc3b2846a735363bf46c2550f1d4be98a68c00e422cb1f59a22621b65,3515333,833461,FILLS_P0,P0,2026-08-11T14:18:06.469565Z,2027-01-05T04:59:00Z,82,2,2,2026-08-11T14:40:01Z,2026-09-18T08:56:34Z,1314.530435,-9403346.0,0,0,
0x4a33185ffd8b31b68480d0c8f1acc05a8ccf5499d92e19a64b4b7680022a6bc5,3515949,833577,FILLS_P0,P0,2026-08-11T15:06:17.054048Z,2026-11-04T04:59:00Z,279,2,2,2026-08-11T19:36:16Z,2026-09-21T05:04:15Z,16198.945952,-3801285.0,0,0,
0x4b1a3fc9acea30f8b7d6016af2352788504c17a7131594a88d87350cce72b92c,3515995,833596,FILLS_P0,P0,2026-08-11T15:08:20.509179Z,2026-11-04T04:59:00Z,213,2,2,2026-08-11T18:27:22Z,2026-09-21T21:44:19Z,11941.490821,-3741281.0,0,0,
0x4b6d354831374f40d664728aa1cf4093e58f782c25ba82b782d0e08c06270486,943824,106193,FILLS_P0,P0,2025-12-15T22:40:54.176502Z,,4455,2,2,2025-12-19T13:52:14Z,2026-09-21T14:49:11Z,313879.823498,,0,0,
0x4b98409373ff7b6daf1f99369f623e2d09299f74ff5c14def3e9e8887caa4176,3515345,833462,FILLS_P0,P0,2026-08-11T14:18:40.765065Z,2026-11-03T00:00:00Z,65,2,2,2026-08-11T17:22:28Z,2026-09-21T12:13:00Z,11027.234935,-3671220.0,0,0,
0x4c2d2eb7345d1766e6040d8f7acaee9ad5649f281b3ce6ad6cba4a4b95e1f1f9,3409450,812886,FILLS_P0,P0,2026-08-07T21:41:19.362749Z,2026-11-04T04:59:00Z,113,2,2,2026-08-09T08:37:36Z,2026-09-21T21:09:19Z,125776.637251,-3743381.0,0,0,
0x4c75401ce0c43bbbf81fd43a07784c1b683092c36edc5bbe8f60c80dba802686,3515297,833451,FILLS_P0,P0,2026-08-11T14:14:16.318049Z,2027-01-05T04:59:00Z,53,2,2,2026-08-12T03:18:51Z,2026-08-31T05:27:49Z,47074.681951,-10971071.0,0,0,
0x4cd035dcfb450c9a6bc9aa13f3aa94fabc01e47499d05d28ef653ef42939c364,629544,57184,FILLS_P1,P1,2025-10-09T23:23:46.669271Z,,1370,2,2,2025-10-14T03:43:13Z,2026-09-20T22:16:31Z,361166.330729,,0,0,
0x4d8d13e33bec0960ea72b2631464f34fb7b96044eb86c16f65c069d118a5bdbc,630898,57667,FILLS_P1,P1,2025-10-10T19:17:23.253984Z,,500,2,2,2025-10-15T13:53:15Z,2026-09-21T14:13:45Z,412551.746016,,0,0,
0x4e2799a583dd5bb6c73ebf7615bb43c5872c4887bd5ccbcc536c725276a4cb4c,2683261,633839,FILLS_P0,P0,2026-06-25T17:26:22.910748Z,2026-11-03T23:59:00Z,538,2,2,2026-06-25T17:59:13Z,2026-09-21T18:05:04Z,1970.089252,-3736436.0,0,0,
0x4fe5297c22f75d8eb4c7280c7f2e1266c4972829637c9a16d32f0a82f1c19ada,3515304,833452,FILLS_P0,P0,2026-08-11T14:14:31.2084Z,2026-11-03T00:00:00Z,84,2,2,2026-08-11T17:23:45Z,2026-09-21T13:28:47Z,11353.7916,-3666673.0,0,0,
0x50180c9ee164f6f474a403ac4ea0b44e910cf7f93025f87bc7e3c62169e54c98,3516004,833598,FILLS_P0,P0,2026-08-11T15:09:28.279368Z,2026-11-04T04:59:00Z,111,2,2,2026-08-11T19:18:21Z,2026-09-18T08:55:39Z,14932.720632,-4046601.0,0,0,
0x52f293d32b8b66aca00334ba6a95e226e5c4d5fa0f311a091ef70edaaa701879,907690,101856,FILLS_P0,P0,2025-12-10T18:05:32.522724Z,2026-11-04T04:59:00Z,2662,2,2,2025-12-15T22:02:23Z,2026-09-20T14:09:40Z,446210.477276,-3854960.0,0,0,
0x54ff2e4ca18c44b46a5d538a09054c97665cc7a01ead6e6baad4ffdd126a7c8a,630628,57637,FILLS_P1,P1,2025-10-10T18:31:50.832344Z,,377,2,2,2025-10-14T03:43:31Z,2026-09-18T13:20:17Z,292300.167656,,0,0,
0x55d1e14fcbacc8b7150efe7031c814575fad66cb85dc8b233eaacc6adaf69cd4,3515219,833417,FILLS_P0,P0,2026-08-11T14:04:47.140331Z,2027-01-05T04:59:00Z,150,2,2,2026-08-12T13:50:03Z,2026-09-21T12:06:39Z,85515.859669,-9132741.0,0,0,
0x55f8333c05a9693135c74efeb660c473d9b7a46c02be73ce828914313dda5faf,919493,103166,FILLS_P0,P0,2025-12-12T12:41:08.46113Z,2027-01-05T04:59:00Z,1170,2,2,2025-12-20T05:59:38Z,2026-09-20T17:58:49Z,667109.53887,-9198011.0,0,0,
0x57599a84bf50c94b958adb020aa2a25bf02e26453e500d3b739d86e6b783774c,630845,57661,FILLS_P1,P1,2025-10-10T19:07:26.155157Z,,1364,2,2,2025-10-16T15:53:37Z,2026-09-21T23:27:55Z,506770.844843,,0,0,
0x58b1d112b4a3a2616da6a77b8d755cc478c1d6f71ed3dedaa5e1fd794e4b0e61,629614,57206,FILLS_P1,P1,2025-10-09T23:50:53.94999Z,,671,2,2,2025-10-14T07:38:13Z,2026-09-21T20:45:34Z,373639.05001,,0,0,
0x5b1bf714787712f3aa5e071e19a830563adb02632e3121a6b844731887183641,2773660,659973,FILLS_P0,P0,2026-07-02T19:52:22.341966Z,2027-01-05T04:59:00Z,468,2,2,2026-07-03T04:08:01Z,2026-09-18T13:05:15Z,29738.658034,-9388425.0,0,0,
0x5d763463cd2a9bd939d49bbb5b4bbaf5fc2cd9ecee5966e6fcce0b6de57179fc,943829,106193,FILLS_P0,P0,2025-12-15T22:40:56.705498Z,,1967,2,2,2025-12-19T13:52:04Z,2026-09-19T04:54:18Z,313867.294502,,0,0,
0x5eb660082d749c35ec496dae4c1f52e3950487b4d3c63215d2e27910dab38819,629531,57183,FILLS_P1,P1,2025-10-09T23:20:56.687474Z,,716,2,2,2025-10-14T07:24:17Z,2026-09-21T06:36:00Z,374600.312526,,0,0,
0x5fc6b3630d5ac24ab426625377c4a79d47c1af32f09fb76233273640935c5161,3729065,877283,FILLS_P0,P0,2026-08-19T19:59:14.021375Z,2026-11-04T04:59:00Z,393,2,2,2026-08-19T23:15:40Z,2026-09-21T23:33:55Z,11785.978625,-3734705.0,0,0,
0x60ca789c3914e542823bc01188d432a26d4a53fdc09f7dead731f9f9c603db94,629364,57163,FILLS_P1,P1,2025-10-09T22:57:18.384052Z,,630,2,2,2025-10-14T05:57:07Z,2026-09-19T08:11:45Z,370788.615948,,0,0,
0x616b03ffaa6759b972f271954af938147b16e0efc7ef6c547aa075cfeb3ce80d,3515277,833441,FILLS_P0,P0,2026-08-11T14:12:30.866308Z,2027-01-05T04:59:00Z,586,2,2,2026-08-11T20:28:03Z,2026-09-20T23:16:37Z,22532.133692,-9178943.0,0,0,
0x619d9a2de5a4f6c3b5532f7e8e64aa7aca24c4e65592e013d6a66849e86da2c6,3729067,877283,FILLS_P0,P0,2026-08-19T19:59:14.299708Z,2026-11-04T04:59:00Z,81,2,2,2026-08-20T00:23:21Z,2026-09-21T23:58:24Z,15846.700292,-3733236.0,0,0,
0x61f56bc038a9a977112942f7f10494b4ea61feca5ac653279ad71a895003e099,3515291,833450,FILLS_P0,P0,2026-08-11T14:13:34.184699Z,2027-01-05T04:59:00Z,319,2,2,2026-08-11T16:46:58Z,2026-09-18T08:58:22Z,9203.815301,-9403238.0,0,0,
0x634a3f86442266dd61a345decc781aeac8c890afb6080cbbbe94bc0e4421b3b0,3515305,833452,FILLS_P0,P0,2026-08-11T14:14:31.372712Z,2026-11-03T00:00:00Z,95,2,2,2026-08-11T17:24:24Z,2026-09-21T13:28:47Z,11392.627288,-3666673.0,0,0,
0x635cf7b83cc98964832c9ee8fc6cf8489197e7fac906f017d6e117adf30f48b9,3515346,833462,FILLS_P0,P0,2026-08-11T14:18:40.90117Z,2027-01-05T04:59:00Z,55,2,2,2026-08-12T23:47:21Z,2026-09-21T12:13:00Z,120520.09883,-9132360.0,0,0,
0x6664de877892786b699c552ef88f25ff6e4828f9a847e4f40e4d6d9cd30b1485,629708,57225,FILLS_P1,P1,2025-10-10T00:02:05.057243Z,,2437,2,2,2025-10-14T03:44:25Z,2026-09-21T03:40:58Z,358939.942757,,0,0,
0x6710d045eb7bceb5467d0e2cf1084f353ab9eff53f627d33589e8bcbe4851162,630976,57673,FILLS_P1,P1,2025-10-10T19:26:55.526564Z,,1282,2,2,2025-10-14T12:36:53Z,2026-09-21T14:24:56Z,320997.473436,,0,0,
0x679d63e29063458d948854f5cc700e724cdc16af3761f7707921ae0865795fad,907687,101856,FILLS_P0,P0,2025-12-10T18:05:31.09911Z,2026-11-03T00:00:00Z,954,2,2,2025-12-15T22:02:23Z,2026-09-21T18:16:54Z,446211.90089,-3649386.0,0,0,
0x69dd45f38191d1193f9d13d87455d741be4e107d4aba3b59460de0ddba8fb4e0,3516134,833599,FILLS_P0,P0,2026-08-11T15:11:09.344735Z,2026-11-04T04:59:00Z,272,2,2,2026-08-11T21:37:37Z,2026-09-20T13:23:36Z,23187.655265,-3857724.0,0,0,
0x69f3bb6857b214f8b733317eca4a72142915a0dfbc4e8da64b7ab8b9439e2944,4641982,1038915,FILLS_P0,P0,2026-09-17T17:25:53.924227Z,2026-11-03T23:59:00Z,31,2,2,2026-09-18T02:51:51Z,2026-09-21T11:50:17Z,33957.075773,-3758923.0,0,0,
0x6a4970cc0cb28947b838cec0bc32a6f6bc9d0f81a18e2c112d5c5974a69d77cd,629491,57178,FILLS_P1,P1,2025-10-09T23:15:29.87079Z,,616,2,2,2025-10-14T06:31:05Z,2026-09-20T00:41:31Z,371735.12921,,0,0,
0x6b8330c9192bb6cbab0660df1b197f9f444f2e7871c2267c53b8f6f2e724d0c6,3515274,833441,FILLS_P0,P0,2026-08-11T14:12:30.318768Z,2027-01-05T04:59:00Z,166,2,2,2026-08-12T00:05:06Z,2026-09-21T19:40:25Z,35555.681232,-9105515.0,0,0,
0x6bb9f4558d8264cc6d717ce1dcebdfc129970a541648b6b4b22f4c9fb5e43f70,3516136,833599,FILLS_P0,P0,2026-08-11T15:11:09.703339Z,2026-11-04T04:59:00Z,140,2,2,2026-08-11T21:37:37Z,2026-09-19T21:50:57Z,23187.296661,-3913683.0,0,0,
0x6d920fec91a46f896304932eb9423bcfb748727b148d3b6c65958c92f81aa27c,3516240,833601,FILLS_P0,P0,2026-08-11T15:11:51.455063Z,2026-11-04T04:59:00Z,86,2,2,2026-08-11T18:44:42Z,2026-09-21T11:30:56Z,12770.544937,-3778084.0,0,0,
0x6eaee3fbb7729a9ec5641c77e1d7d7bedcc2120d67cf833fc3e67a37e03854dd,3515950,833577,FILLS_P0,P0,2026-08-11T15:06:17.294413Z,2026-11-04T04:59:00Z,76,2,2,2026-08-11T19:36:16Z,2026-09-21T14:01:33Z,16198.705587,-3769047.0,0,0,
0x6eb33950352e2132dfafb8188ade6e0e9f43fcff1b9d9b04a647dba935da9954,3515262,833439,FILLS_P0,P0,2026-08-11T14:12:05.870898Z,2027-01-05T04:59:00Z,74,2,2,2026-08-12T19:43:58Z,2026-09-18T08:54:49Z,106312.129102,-9403451.0,0,0,
0x6f56cdf896a8cdb2552661dd7b3d54dab6ef418d5be0d8a96dea3f16cbf31632,630790,57655,FILLS_P1,P1,2025-10-10T19:00:52.934616Z,,606,2,2,2025-10-14T07:21:35Z,2026-09-18T23:21:57Z,303642.065384,,0,0,
0x6fd50b47f79642adc8f53a26a214273179e3e90f83fa09d0172ec74e9ca07651,3729379,877350,FILLS_P0,P0,2026-08-19T20:02:37.587787Z,2027-04-01T03:59:00Z,188,2,2,2026-08-19T23:04:55Z,2026-09-21T15:02:48Z,10937.412213,-16548972.0,0,0,
0x707eb5c6df23e32e0b770dd0ccd1245abb7fac0dcfd24d8b68dd99e5ca737180,629505,57181,FILLS_P1,P1,2025-10-09T23:17:25.158655Z,,1583,2,2,2025-10-14T15:06:31Z,2026-09-21T20:03:46Z,402545.841345,,0,0,
0x71c05b735300b6087ff5588bcc7e83fecf009293d794f613c63c92ea8a16fb2b,629338,57161,FILLS_P1,P1,2025-10-09T22:53:22.779663Z,,1740,2,2,2025-10-14T01:46:31Z,2026-09-20T20:37:29Z,355988.220337,,0,0,
0x72adf05cd7a49c3b3d6682aca44d79503bdf3abbba819357ce3f97655527366e,3515994,833596,FILLS_P0,P0,2026-08-11T15:08:20.325926Z,2026-11-04T04:59:00Z,244,2,2,2026-08-11T18:27:22Z,2026-09-21T17:37:45Z,11941.674074,-3756075.0,0,0,
0x72cae644cd7309b4a0f7c028393e56a1fe090d89fdb5388019f974c7fcc0e942,629350,57162,FILLS_P1,P1,2025-10-09T22:55:36.478175Z,,492,2,2,2025-10-14T03:31:03Z,2026-09-10T08:08:30Z,362126.521825,,0,0,
0x7388c35aa1b4bcec747a29d1b54fef4979228caa5a8d258a7b3d2162e45f35f3,3515294,833450,FILLS_P0,P0,2026-08-11T14:13:34.63946Z,2027-01-05T04:59:00Z,114,2,2,2026-08-11T16:47:04Z,2026-09-18T09:15:58Z,9209.36054,-9402182.0,0,0,
0x73a9911393e7bd2262904c4413d9614f68bb6290ddf7d88ed607f1562d08fb05,629337,57161,FILLS_P1,P1,2025-10-09T22:53:22.267145Z,,2087,2,2,2025-10-14T01:46:41Z,2026-09-21T03:53:08Z,355998.732855,,0,0,
0x76cface9f6df604ff32447bce58656b7a72b6659324d089c73a13a99f06c8aae,629464,57176,FILLS_P1,P1,2025-10-09T23:11:44.174114Z,,3652,2,2,2025-10-14T07:26:27Z,2026-09-18T22:46:10Z,375282.825886,,0,0,
0x77051d8ddec1e312de90cdf2ce026ce1c4df4c1c264cfa1525e55995b542fb0c,943827,106193,FILLS_P0,P0,2025-12-15T22:40:55.717066Z,,3023,2,2,2025-12-19T13:53:36Z,2026-09-19T15:33:38Z,313960.282934,,0,0,
0x77358a14211b7ebcccf5655aab327cbd30c9f1043b916213215b8a7047afb472,3515198,833407,FILLS_P0,P0,2026-08-11T14:01:16.815344Z,2027-01-05T04:59:00Z,139,2,2,2026-08-13T05:22:16Z,2026-09-20T12:27:15Z,141659.184656,-9217905.0,0,0,
0x77fc73831d5d59ee5e2f418feabb6126389d5553dce7d1c7237871be4e418c42,3515267,833440,FILLS_P0,P0,2026-08-11T14:12:16.411309Z,2027-01-05T04:59:00Z,107,2,2,2026-08-11T20:08:39Z,2026-09-19T13:57:57Z,21382.588691,-9298863.0,0,0,
0x7a4d265dd587ab8d26c4af0b4a6d552c5493e241d8b437af735b0b8e4792f427,3515301,833451,FILLS_P0,P0,2026-08-11T14:14:17.313654Z,2027-01-05T04:59:00Z,84,2,2,2026-08-11T21:39:00Z,2026-09-18T02:23:22Z,26682.686346,-9426938.0,0,0,
0x7d1c65c48b700353f5f230cc42d760f414f4c1d62abc33842362d4705a322620,3409453,812886,FILLS_P0,P0,2026-08-07T21:41:19.938403Z,2026-11-04T04:59:00Z,204,2,2,2026-08-09T08:37:36Z,2026-09-21T22:21:07Z,125776.061597,-3739073.0,0,0,
0x7e13750d97a6ec3a54e7d7fe685b85f062ac515627a83ca827158efe1e40f232,3515273,833441,FILLS_P0,P0,2026-08-11T14:12:30.099301Z,2027-01-05T04:59:00Z,158,2,2,2026-08-12T00:05:07Z,2026-09-21T19:49:30Z,35556.900699,-9104970.0,0,0,
0x7efa2fed0a76530f35624387440b2aa6ee1520f7027f84b1a14ec83d796327a2,3515974,833579,FILLS_P0,P0,2026-08-11T15:07:32.527952Z,2027-04-01T03:59:00Z,163,2,2,2026-08-11T20:52:57Z,2026-09-20T16:16:27Z,20724.472048,-16630953.0,0,0,
0x7fe8bb84dc0b896f1658819fe45a1d9456ba6ca7182c296f7f85cce373056b6f,3708436,872267,FILLS_P0,P0,2026-08-18T19:26:56.544885Z,2026-11-03T23:59:00Z,117,2,2,2026-08-18T22:07:18Z,2026-09-21T23:03:01Z,9621.455115,-3718559.0,0,0,
0x7ff4e4b2f389acdd96ef18bb34684b9219a972b7ef0cde5856d28f5d5325f3d4,919492,103166,FILLS_P0,P0,2025-12-12T12:41:08.018734Z,2027-01-05T04:59:00Z,978,2,2,2025-12-20T05:59:38Z,2026-09-19T22:10:23Z,667109.981266,-9269317.0,0,0,
0x812d9ea644c58f1e889643bbd9184e9c5fdacbba55d1f9fef2eb2d55ce5dc1c2,943825,106193,FILLS_P0,P0,2025-12-15T22:40:54.642795Z,,2882,2,2,2025-12-19T13:53:46Z,2026-09-21T16:39:30Z,313971.357205,,0,0,
0x814f5203f08088877a5e70911f5f1c7d13030d986a9237822e6f708a27111c62,630654,57639,FILLS_P1,P1,2025-10-10T18:36:09.45391Z,,887,2,2,2025-10-14T03:43:17Z,2026-09-21T15:34:20Z,292027.54609,,0,0,
0x824729308aa17105c4a3c693afd5689e9f92ab4c115f73a4bc1fe93d2a4ee0b2,3515215,833417,FILLS_P0,P0,2026-08-11T14:04:46.606302Z,2027-01-05T04:59:00Z,130,2,2,2026-08-11T14:52:03Z,2026-09-20T04:06:49Z,2836.393698,-9247931.0,0,0,
0x83ea7b50cb1515399617a957a5a44547506282b2147f1509ed83c7067c762994,3515210,833416,FILLS_P0,P0,2026-08-11T14:02:48.584141Z,2027-01-05T04:59:00Z,24,2,2,2026-08-12T04:34:55Z,2026-08-31T18:08:04Z,52326.415859,-10925456.0,0,0,
0x86d01cd0326485be426759c6b37cd17e8a71595836c267c5786c4e18d2115b71,3515993,833596,FILLS_P0,P0,2026-08-11T15:08:20.018814Z,2026-11-04T04:59:00Z,327,2,2,2026-08-11T18:27:22Z,2026-09-21T20:01:13Z,11941.981186,-3747467.0,0,0,
0x86ffa053e9aae00a47623b4806e35805df241e6ad28328727f01d29aadd4fe4f,629311,57159,FILLS_P1,P1,2025-10-09T22:49:01.866147Z,,579,2,2,2025-10-14T01:37:59Z,2026-08-19T20:20:46Z,355737.133853,,0,0,
0x883c09380a078565f29485a9d3671fff48853a87de9a5bf48bc204f7161250c9,629584,57187,FILLS_P1,P1,2025-10-09T23:29:20.135404Z,,865,2,2,2025-10-17T23:36:28Z,2026-09-20T04:06:43Z,691627.864596,,0,0,
0x88830764b3a37974653c31867d89a05ee06d83b67671fb9e5d88dfc6b4c2b68a,629438,57174,FILLS_P1,P1,2025-10-09T23:08:30.570044Z,,624,2,2,2025-10-14T05:19:07Z,2026-09-21T12:02:53Z,367836.429956,,0,0,
0x88aba88e96d4ecee310c1c1cf3a4ec41ef919f27fe16acabec09b420a17feab6,3515975,833579,FILLS_P0,P0,2026-08-11T15:07:32.728146Z,2027-04-01T03:59:00Z,114,2,2,2026-08-14T06:22:01Z,2026-09-20T20:03:20Z,227668.271854,-16617340.0,0,0,
0x891a9657557a94b028fcdcc67016ecc9b5c3f09d8646dc8fd3ae13b1dea0943b,3515354,833463,FILLS_P0,P0,2026-08-11T14:18:49.138691Z,2027-01-05T04:59:00Z,451,2,2,2026-08-12T21:01:54Z,2026-09-20T22:39:38Z,110584.861309,-9181162.0,0,0,
0x89e2bb6a985d0ca0c23b64dd396c11dd1c16ccd004e3ee34f575578b2152c762,629654,57209,FILLS_P1,P1,2025-10-09T23:56:44.321672Z,,565,2,2,2025-10-15T03:16:23Z,2026-09-20T06:26:58Z,443978.678328,,0,0,
0x8c0ae98a3edd23b909b658a24b3af106f211c9dfb746def8be65a756c4f8e427,4641986,1038915,FILLS_P0,P0,2026-09-17T17:25:55.125318Z,2026-11-03T23:59:00Z,20,2,2,2026-09-18T02:51:51Z,2026-09-19T15:50:48Z,33955.874682,-3917292.0,0,0,
0x8ccbfc876e2f979a0ab1423589abea04bb71512cc6bd5d9dbeef7f820b8f8e69,629184,57141,FILLS_P1,P1,2025-10-09T21:48:39.464616Z,,1334,2,2,2025-10-14T05:43:47Z,2026-09-21T06:30:05Z,374107.535384,,0,0,
0x8d65ff57f443011c4c10e7aa50aa54b3a3b5e2b940cb3ca97c0357bbcaee0b36,629583,57187,FILLS_P1,P1,2025-10-09T23:29:19.621282Z,,962,2,2,2025-10-14T06:32:21Z,2026-09-21T19:39:33Z,370981.378718,,0,0,
0x8d729c1018e7b84f97bb0a4080b0e91736bb1b897cb7e49351d1a3ff0844e5ba,3515248,833436,FILLS_P0,P0,2026-08-11T14:10:44.197724Z,2027-01-05T04:59:00Z,354,2,2,2026-08-13T16:56:04Z,2026-09-21T16:20:58Z,182719.802276,-9117482.0,0,0,
0x8d8b01d24d6b661a7f94ed75bcfecd3b11e2261b9d80c70afe4378bff1f5d96d,3515340,833462,FILLS_P0,P0,2026-08-11T14:18:40.066052Z,2026-11-03T00:00:00Z,39,2,2,2026-08-12T04:51:34Z,2026-09-19T15:38:35Z,52373.933948,-3831685.0,0,0,
0x8f254fc1ee753908b00d4e42e5b98a867ac009e50fa6427aa3ee0980078f8d7f,3515226,833419,FILLS_P0,P0,2026-08-11T14:06:23.770728Z,2027-01-05T04:59:00Z,65,2,2,2026-08-12T03:01:34Z,2026-09-19T15:58:11Z,46510.229272,-9291649.0,0,0,
0x9001a5ee27ec0f8c89c0dae9cf48af26c8c82790025f663f3c75e9b8b6c747d4,3515213,833416,FILLS_P0,P0,2026-08-11T14:02:49.418554Z,2027-01-05T04:59:00Z,48,2,2,2026-08-12T04:34:57Z,2026-09-20T22:37:28Z,52327.581446,-9181292.0,0,0,
0x90ca1a2f149a6c48151723dfc4459bb88e14c8ef03f1faa64eb61610c0901a00,3515268,833440,FILLS_P0,P0,2026-08-11T14:12:16.994552Z,2027-01-05T04:59:00Z,286,2,2,2026-08-11T20:08:39Z,2026-09-20T06:31:24Z,21382.005448,-9239256.0,0,0,
0x94521176f57d2ce81dde01e0b7699ca4279423042d37ed53908f0c8bfefe7e14,630964,57672,FILLS_P1,P1,2025-10-10T19:25:46.24843Z,,10626,2,2,2025-10-14T12:36:47Z,2026-09-21T23:34:10Z,321060.75157,,0,0,
0x951ffdc4c2a43366b77f526f40695b14ddf7eaa4d81ebe569cb49cf5afa00f37,2683264,633839,FILLS_P0,P0,2026-06-25T17:26:23.260929Z,2027-01-05T04:59:00Z,238,2,2,2026-06-25T17:59:49Z,2026-09-21T18:05:04Z,2005.739071,-9111236.0,0,0,
0x95fcb08000e081c89355eaced1bcea82fad212e6b0bc505493092b789cadf2a3,3515194,833406,FILLS_P0,P0,2026-08-11T14:00:56.315492Z,2027-01-05T04:59:00Z,82,2,2,2026-08-11T22:13:04Z,2026-09-17T00:09:30Z,29527.684508,-9521370.0,0,0,
0x9642af4cc2517f99d59a2c07849ae6a65d33441c4e6c2256eeaba9537febf6e9,4641983,1038915,FILLS_P0,P0,2026-09-17T17:25:54.241969Z,2026-11-03T23:59:00Z,26,2,2,2026-09-18T02:51:51Z,2026-09-19T15:50:36Z,33956.758031,-3917304.0,0,0,
0x9654f26388e982fb566059486d3af4ded2f80564ea32ec0af4b51e04f1c02a07,629426,57173,FILLS_P1,P1,2025-10-09T23:06:51.395868Z,,528,2,2,2025-10-17T23:31:08Z,2026-09-18T13:24:14Z,692656.604132,,0,0,
0x9666847bd410c5c4437d6199c73dc90fa63581b122d6a060c99f00a42f4b08f8,3515221,833418,FILLS_P0,P0,2026-08-11T14:06:04.741366Z,2027-01-05T04:59:00Z,28,2,2,2026-08-11T16:56:33Z,2026-09-01T01:18:00Z,10228.258634,-10899660.0,0,0,
0x96eac67574c85c3d398194871ed3d2ef0312f0e74cc49c977c960cbc993aeaff,3515271,833440,FILLS_P0,P0,2026-08-11T14:12:17.813157Z,2027-01-05T04:59:00Z,222,2,2,2026-08-11T20:08:39Z,2026-09-19T13:59:56Z,21381.186843,-9298744.0,0,0,
0x975fb50d7228d0af302d55ead0f332692aecf3e7211103b3d911faae6d5b0b61,3729337,877336,FILLS_P0,P0,2026-08-19T20:01:24.956411Z,2027-04-01T03:59:00Z,227,2,2,2026-08-19T23:10:54Z,2026-09-20T15:51:57Z,11369.043589,-16632423.0,0,0,
0x9767768d75f0fde1ad998e52b83999315cd5f45152a143a0153366915513e0d2,629640,57208,FILLS_P1,P1,2025-10-09T23:54:55.309193Z,,304,2,2,2025-10-26T19:53:43Z,2026-09-10T20:46:01Z,1454327.690807,,0,0,
0x99ddb1f7e198f148d8d007eaf9e7ced1a7994641bc82ef2b3acb0dfd41555853,3516135,833599,FILLS_P0,P0,2026-08-11T15:11:09.528736Z,2026-11-04T04:59:00Z,232,2,2,2026-08-11T21:37:37Z,2026-09-21T18:59:49Z,23187.471264,-3751151.0,0,0,
0x9aa20b4b387d7038f271464dda0d3137ad72aba90827ad3ce58d18c46587aa4e,3729340,877336,FILLS_P0,P0,2026-08-19T20:01:25.580873Z,2027-04-01T03:59:00Z,135,2,2,2026-08-19T23:10:54Z,2026-09-20T20:44:11Z,11368.419127,-16614889.0,0,0,
0x9b625a7b2fc6e94fb1f9874cf07d685d8fd518d2ed4a74f0d1f2eaf20d821550,3515302,833452,FILLS_P0,P0,2026-08-11T14:14:30.877744Z,2026-11-03T00:00:00Z,44,2,2,2026-08-11T21:41:33Z,2026-09-21T13:28:48Z,26822.122256,-3666672.0,0,0,
0x9c1af44b89d0f8bf813387d120bca949f8836d52764afc30dd6199a0d9379e2f,2683269,633839,FILLS_P0,P0,2026-06-25T17:26:23.867405Z,2026-11-03T23:59:00Z,288,2,2,2026-06-25T17:59:49Z,2026-09-21T18:07:07Z,2005.132595,-3736313.0,0,0,
0x9e0e14b5d512c669ad63b9e289d83c1a47b52306043e11503dd15e33fb305d2c,3516137,833599,FILLS_P0,P0,2026-08-11T15:11:09.972832Z,2026-11-04T04:59:00Z,169,2,2,2026-08-11T21:37:37Z,2026-09-21T11:36:56Z,23187.027168,-3777724.0,0,0,
0x9e40e1cb42b948a35883aa0e1b3e36a30b45dfc83f53a4e7b7d29f3f45db44f1,3515255,833437,FILLS_P0,P0,2026-08-11T14:11:00.212244Z,2027-01-05T04:59:00Z,357,2,2,2026-08-11T20:42:43Z,2026-09-21T11:37:47Z,23502.787756,-9134473.0,0,0,
0x9eea97f621fb222ce29cb6f47e487669d2fe2e6d6a23475e156769efb6e6330a,3515338,833461,FILLS_P0,P0,2026-08-11T14:18:07.760125Z,2026-11-03T00:00:00Z,563,2,2,2026-08-11T14:40:01Z,2026-09-21T19:52:22Z,1313.239875,-3643658.0,0,0,
0xa13e008241618125c9a3785a6c961ad1f9dadea17a76f64f4b60da9a812ef1ea,3515947,833577,FILLS_P0,P0,2026-08-11T15:06:16.351759Z,2026-11-04T04:59:00Z,241,2,2,2026-08-11T19:36:16Z,2026-09-21T05:04:00Z,16199.648241,-3801300.0,0,0,
0xa17a0c3f62dde443f22cdd253908871c6762295118b172a8977c97627e049fc7,3515253,833437,FILLS_P0,P0,2026-08-11T14:10:59.851964Z,2026-11-03T00:00:00Z,308,2,2,2026-08-11T20:42:43Z,2026-09-21T11:37:45Z,23503.148036,-3673335.0,0,0,
0xa1a7c37fa0c1329657b1d35b449677b05dd453ac890c7158acfbb75a60274046,2773662,659973,FILLS_P0,P0,2026-07-02T19:52:22.583932Z,2027-01-05T04:59:00Z,798,2,2,2026-07-03T04:07:55Z,2026-09-21T22:28:01Z,29732.416068,-9095459.0,0,0,
0xa27ede552fde4e5933ddcf701bf839ce6d6147fce3d1713d5ec8ce2a8e5c9e82,3515217,833417,FILLS_P0,P0,2026-08-11T14:04:46.889415Z,2027-01-05T04:59:00Z,144,2,2,2026-08-12T13:50:04Z,2026-09-21T12:08:24Z,85517.110585,-9132636.0,0,0,
0xa2e43598547f2e90e3eee195812c8814202b9b66f6c540d7e15a265cbe93f68f,919489,103166,FILLS_P0,P0,2025-12-12T12:41:06.612838Z,2027-01-05T04:59:00Z,1707,2,2,2025-12-19T09:55:18Z,2026-09-21T19:50:03Z,594851.387162,-9104937.0,0,0,
0xa3d90c5e709894a5791cba9b908271cce28836004775d867c24d148c2f33748b,3515200,833407,FILLS_P0,P0,2026-08-11T14:01:17.267849Z,2027-01-05T04:59:00Z,343,2,2,2026-08-13T05:07:34Z,2026-09-20T12:26:15Z,140776.732151,-9217965.0,0,0,
0xa62d039f7d0a26933aec980123242d0985d1cbe8a1139bda5dc5e719c675b626,3729381,877350,FILLS_P0,P0,2026-08-19T20:02:37.951179Z,2027-04-01T03:59:00Z,67,2,2,2026-08-19T23:04:55Z,2026-09-19T16:27:35Z,10937.048821,-16716685.0,0,0,
0xa64200651d90b388262c854c32a88e061e45c7b0922102bb00cc936e50d7e3ec,3515224,833418,FILLS_P0,P0,2026-08-11T14:06:05.501439Z,2027-01-05T04:59:00Z,76,2,2,2026-08-11T16:56:33Z,2026-09-21T23:17:00Z,10227.498561,-9092520.0,0,0,
0xa6af312109c285d70f39a4f8d8e3d4a2e7e12bcabe5ab03527396a3a1377925d,919491,103166,FILLS_P0,P0,2025-12-12T12:41:07.567631Z,2027-01-05T04:59:00Z,1091,2,2,2025-12-20T05:59:38Z,2026-09-21T13:36:24Z,667110.432369,-9127356.0,0,0,
0xa7ff180532ac8e0a5efa29eeee07fc8cfdc0cd3bd830ef93b5ca53cbb9922633,629734,57227,FILLS_P1,P1,2025-10-10T00:06:12.660424Z,,685,2,2,2025-12-31T22:19:43Z,2026-09-18T11:17:18Z,7164810.339576,,0,0,
0xa81e63ff4a59e8611215a7cc37c86e4ac6164924b86a1f4aab73379a073f88fb,943822,106193,FILLS_P0,P0,2025-12-15T22:40:53.166376Z,,2362,2,2,2025-12-19T13:53:08Z,2026-09-21T21:44:49Z,313934.833624,,0,0,
0xa82ff3ef92f0436cc7e40c20441938f434b076509934272eeb80817af5593a8b,3515299,833451,FILLS_P0,P0,2026-08-11T14:14:16.83048Z,2027-01-05T04:59:00Z,147,2,2,2026-08-12T03:18:51Z,2026-09-18T02:23:22Z,47074.16952,-9426938.0,0,0,
0xa87687a54024e8789673ae661ddb9e02cb17761143f4bd8380469b3f913d136f,3515216,833417,FILLS_P0,P0,2026-08-11T14:04:46.764984Z,2027-01-05T04:59:00Z,149,2,2,2026-08-11T21:48:37Z,2026-09-20T04:06:49Z,27830.235016,-9247931.0,0,0,
0xabec79e7d7f55592b05f2d1962ef4180ec431a29757221d1f944288b40738883,2683260,633839,FILLS_P0,P0,2026-06-25T17:26:22.795802Z,2027-01-05T04:59:00Z,167,2,2,2026-06-25T17:59:49Z,2026-09-21T18:05:04Z,2006.204198,-9111236.0,0,0,
0xac0a3a8dbdbcc98a78ed87805c6a8707097fc42e29117e798ea0097e4fa2190a,3515257,833438,FILLS_P0,P0,2026-08-11T14:11:47.304405Z,2027-01-05T04:59:00Z,83,2,2,2026-08-12T06:14:09Z,2026-09-17T18:12:22Z,57741.695595,-9456398.0,0,0,
0xad23b96e7a01232f86955c2a719bd7b63f937e093a220bad52fbc8bd0664dedb,630679,57641,FILLS_P1,P1,2025-10-10T18:39:39.017712Z,,531,2,2,2025-10-14T05:51:31Z,2026-09-18T13:32:24Z,299511.982288,,0,0,
0xae1d21f8632f37e11493fef7307b4d09c6b27697be5c820806a840559b1b2e06,630819,57659,FILLS_P1,P1,2025-10-10T19:03:55.653703Z,,924,2,2,2026-01-15T23:04:24Z,2026-09-21T05:30:25Z,8395228.346297,,0,0,
0xaf37b86a1ba7faf04b8cc09e3d0b3235909ce9080cc615c174176b2ce0832326,3515350,833463,FILLS_P0,P0,2026-08-11T14:18:48.568829Z,2027-01-05T04:59:00Z,190,2,2,2026-08-12T21:01:54Z,2026-09-14T13:44:01Z,110585.431171,-9731699.0,0,0,
0xaf874c80349379303164629c3962b1456f667ca1d44edf95e0474dd13483a4b3,629183,57141,FILLS_P1,P1,2025-10-09T21:48:38.980236Z,,1384,2,2,2025-10-14T00:40:19Z,2026-09-21T18:11:24Z,355900.019764,,0,0,
0xafb9b578ba4d31e4a1dafbe4cabbe7322f70eb2e4ffd192b0c2c21ebd65068ed,3515337,833461,FILLS_P0,P0,2026-08-11T14:18:07.434585Z,2027-01-05T04:59:00Z,306,2,2,2026-08-11T14:40:01Z,2026-09-18T18:13:30Z,1313.565415,-9369930.0,0,0,
0xb06a70e578b05ea40897325cbaae6e98d049364d9b3f867deaf74c66fc42794b,3515295,833451,FILLS_P0,P0,2026-08-11T14:14:15.426802Z,2027-01-05T04:59:00Z,61,2,2,2026-08-12T03:18:51Z,2026-09-18T13:03:42Z,47075.573198,-9388518.0,0,0,
0xb0a2ecfa22546348deb077cde02e968b12e18f447eeea75e967dfbad6f86ee2b,3515272,833440,FILLS_P0,P0,2026-08-11T14:12:18.153399Z,2027-01-05T04:59:00Z,151,2,2,2026-08-11T20:08:39Z,2026-09-19T13:57:57Z,21380.846601,-9298863.0,0,0,
0xb0d3a7ee81de36db65c2ef02d18cc9fe77e14f43360a86d19260148b5781e728,3515195,833406,FILLS_P0,P0,2026-08-11T14:00:56.510553Z,2027-01-05T04:59:00Z,139,2,2,2026-08-11T22:12:07Z,2026-09-17T00:09:28Z,29470.489447,-9521372.0,0,0,
0xb2ce24bdd043abf35f09428cad5e67ffc5d6cae16b7a3556dec55fb539dd1253,943820,106193,FILLS_P0,P0,2025-12-15T22:40:52.04751Z,,1899,2,2,2025-12-19T13:52:56Z,2026-09-21T12:47:35Z,313923.95249,,0,0,
0xb395b8d3e51a31c7b16137ea8754fe58d7212b44db924d104c4af5cecfc6911e,3515293,833450,FILLS_P0,P0,2026-08-11T14:13:34.497846Z,2027-01-05T04:59:00Z,251,2,2,2026-08-11T14:37:48Z,2026-09-17T19:34:58Z,1453.502154,-9451442.0,0,0,
0xb407effd32fdcc914a5a8ac99d6c18944a45cb7a44d129df7656553d4c45c284,4641985,1038915,FILLS_P0,P0,2026-09-17T17:25:54.842813Z,2026-11-03T23:59:00Z,29,2,2,2026-09-18T02:51:51Z,2026-09-20T03:29:07Z,33956.157187,-3875393.0,0,0,
0xb4f759137826cb3396dcdc368981d9d6a474f354f34e3fb125528d53efe78dfa,3515309,833452,FILLS_P0,P0,2026-08-11T14:14:32.240364Z,2026-11-03T00:00:00Z,137,2,2,2026-08-11T21:41:33Z,2026-09-21T13:28:47Z,26820.759636,-3666673.0,0,0,
0xb56dd8333f58c0df07da8b5ba16d8cb8e71b1e0963b90c85154db2e63cd25afe,3515336,833461,FILLS_P0,P0,2026-08-11T14:18:07.196909Z,2027-01-05T04:59:00Z,132,2,2,2026-08-11T14:40:01Z,2026-09-21T12:15:48Z,1313.803091,-9132192.0,0,0,
0xb63fbd776203cada01a13bb21b3c52c500bcf904bdfc71627022db1f891f95c5,629506,57181,FILLS_P1,P1,2025-10-09T23:17:25.620853Z,,2322,2,2,2025-10-14T05:44:51Z,2026-09-21T12:29:45Z,368845.379147,,0,0,
0xb6ec95d3c85157f887de4c20c715aaef8f3aec15be46f29271cd19a7995b78ee,3515218,833417,FILLS_P0,P0,2026-08-11T14:04:47.011921Z,2027-01-05T04:59:00Z,173,2,2,2026-08-12T13:50:03Z,2026-09-21T12:17:06Z,85515.988079,-9132114.0,0,0,
0xb8b5349814450b8bba2ecdda2eeb9f48bd3c795bfb858bedf7a383712b877743,630747,57648,FILLS_P1,P1,2025-10-10T18:56:16.29031Z,,1741,2,2,2025-10-14T04:41:19Z,2026-09-21T22:31:36Z,294302.70969,,0,0,
0xb9477f9f9edea11c4ab5561a756e8af01b6384ce23ef3cc6eec459cc8fcd051f,3515343,833462,FILLS_P0,P0,2026-08-11T14:18:40.4858Z,2026-11-03T00:00:00Z,68,2,2,2026-08-13T01:04:45Z,2026-09-21T12:13:00Z,125164.5142,-3671220.0,0,0,
0xba093f5c98e6c7d389a18ad4849ce5e82c2238f6daaf40755c1399d093e9a8f4,919496,103166,FILLS_P0,P0,2025-12-12T12:41:09.926567Z,2027-01-05T04:59:00Z,953,2,2,2025-12-20T05:59:38Z,2026-09-18T15:26:33Z,667108.073433,-9379947.0,0,0,
0xba3301ac91a9a6024ef0dac778f6f8c3a4260396f7eaf6a11519ec4b1ab27aff,3729338,877336,FILLS_P0,P0,2026-08-19T20:01:25.14905Z,2027-04-01T03:59:00Z,70,2,2,2026-08-19T23:10:55Z,2026-09-20T15:51:57Z,11369.85095,-16632423.0,0,0,
0xba93703f13b3836d6a5ae2a5afdd03cec5b43729a93d225483b1969bc5fb275f,2364515,528267,FILLS_P0,P0,2026-05-26T20:34:46.506366Z,2027-01-05T04:59:00Z,366,2,2,2026-05-27T16:02:55Z,2026-09-18T15:48:42Z,70088.493634,-9378618.0,0,0,
0xbb35bf34a3f27ed8ecaa744e3e0427eafa5ae5a28798fac80ff46b8c942277bf,630977,57673,FILLS_P1,P1,2025-10-10T19:26:56.037132Z,,254,2,2,2025-10-27T20:47:59Z,2026-09-21T14:24:56Z,1473662.962868,,0,0,
0xbb42c00426ef563a78accbcdb3ce443dd3ca62780498d2acef1ef983bddd26de,3516245,833601,FILLS_P0,P0,2026-08-11T15:11:51.883885Z,2027-04-01T03:59:00Z,35,2,2,2026-08-14T13:15:57Z,2026-09-21T11:29:30Z,252245.116115,-16561770.0,0,0,
0xbb7b226d5c7b7915823add2c98019703b401a619165d3b348c8c3ea30318da9c,2683259,633839,FILLS_P0,P0,2026-06-25T17:26:22.676985Z,2027-01-05T04:59:00Z,198,2,2,2026-06-25T17:59:49Z,2026-09-21T18:05:03Z,2006.323015,-9111237.0,0,0,
0xbfeb6d4cf3eab6071e204219b0647c8224d63a12778df467311b5f2a4b3a5bd4,630805,57658,FILLS_P1,P1,2025-10-10T19:02:23.440065Z,,6577,2,2,2025-10-15T21:01:35Z,2026-09-21T19:50:18Z,439151.559935,,0,0,
0xbffe774b66ae7f58944414faa2a0c93e0e693f72f3c0fbd177946bd3a49ec63b,3515250,833436,FILLS_P0,P0,2026-08-11T14:10:44.530142Z,2027-01-05T04:59:00Z,249,2,2,2026-08-13T16:56:04Z,2026-09-21T09:36:09Z,182719.469858,-9141771.0,0,0,
0xc1ad6d8be22507599eadb11c4090c057f87f4c489a3d136b363dcb108775548f,2773664,659973,FILLS_P0,P0,2026-07-02T19:52:22.841269Z,2027-01-05T04:59:00Z,422,2,2,2026-07-03T04:07:55Z,2026-09-17T14:53:34Z,29732.158731,-9468326.0,0,0,
0xc1e1d5a2814a6abf40e304c00a43cfd05519caa11b04665c709b0a94d8c34d05,631031,57679,FILLS_P1,P1,2025-10-10T19:35:52.809057Z,,577,2,2,2025-10-19T13:39:43Z,2026-09-20T06:11:40Z,756230.190943,,0,0,
0xc21ac08bdb96bf9c25ed1e7bdae4f2408e0dc51446fc0bae584a45954558409d,907689,101856,FILLS_P0,P0,2025-12-10T18:05:32.055482Z,2026-11-03T00:00:00Z,1285,2,2,2025-12-15T22:02:23Z,2026-09-20T14:09:40Z,446210.944518,-3750620.0,0,0,
0xc278586816b6ddb13ef8e949738b7237ca0e4b47485e5077437b80a1b3eba1a8,3515258,833438,FILLS_P0,P0,2026-08-11T14:11:47.488186Z,2027-01-05T04:59:00Z,208,2,2,2026-08-11T20:52:37Z,2026-09-21T21:35:57Z,24049.511814,-9098583.0,0,0,
0xc5b92069aa1a3319830b2e44bf51ecee36e849790bde3fd68339f5beb5a8ffad,629532,57183,FILLS_P1,P1,2025-10-09T23:20:57.239481Z,,730,2,2,2025-11-02T20:31:59Z,2026-09-21T17:38:34Z,2063461.760519,,0,0,
0xc6111ea9194ceda56e30ffa589935f920974f8716dfb242a649526ace097e7c5,3516003,833598,FILLS_P0,P0,2026-08-11T15:09:28.14103Z,2026-11-04T04:59:00Z,322,2,2,2026-08-11T20:12:15Z,2026-09-19T20:28:11Z,18166.85897,-3918649.0,0,0,
0xc65ec2459a79fb749948503161d42e13c4cb8bb0b670f0dd1ce2c71d7950b459,629627,57207,FILLS_P1,P1,2025-10-09T23:52:17.648334Z,,4784,2,2,2025-10-14T03:10:15Z,2026-09-18T13:39:35Z,357477.351666,,0,0,
0xc721711c5c5005bd04e0506a7fd2e62f38df2cf401e02059a10c04a0e3c82ffb,907686,101856,FILLS_P0,P0,2025-12-10T18:05:30.635251Z,2026-11-04T04:59:00Z,1006,2,2,2025-12-15T22:02:23Z,2026-09-20T14:09:40Z,446212.364749,-3854960.0,0,0,
0xc8c5760c26490b0cd0bedcf1c61aa86c5e09c8b2886b84ff4ea2db81d5f29388,631018,57678,FILLS_P1,P1,2025-10-10T19:33:34.01559Z,,1252,2,2,2025-10-14T05:24:55Z,2026-09-21T18:03:54Z,294680.98441,,0,0,
0xc9eb66c41d39a6a3875b9eb7ba39e3529f007b256de370579307f8f565854fb7,2683257,633839,FILLS_P0,P0,2026-06-25T17:26:22.437771Z,2027-01-05T04:59:00Z,219,2,2,2026-06-25T17:59:49Z,2026-09-21T18:05:03Z,2006.562229,-9111237.0,0,0,
0xcceae66d81c60f90c9679ab531b865bd7e9f95cc54f7b0634a24095519b10d65,629325,57160,FILLS_P1,P1,2025-10-09T22:51:09.045562Z,,1620,2,2,2025-10-14T05:59:43Z,2026-09-21T13:15:39Z,371313.954438,,0,0,
0xcd953913ecd5bf5387092bf447fe13190871b2bc9436c85b0918b4767c3fa58a,629691,57222,FILLS_P1,P1,2025-10-10T00:00:23.020487Z,,2162,2,2,2025-10-14T11:28:33Z,2026-09-21T17:33:36Z,386889.979513,,0,0,
0xce2fbf43e5f80c97a786296645db34ea8c6730c3da4fb31baf3b3f6591a6d4c7,3729064,877283,FILLS_P0,P0,2026-08-19T19:59:13.884745Z,2026-11-04T04:59:00Z,58,2,2,2026-08-20T00:23:31Z,2026-09-21T12:53:56Z,15857.115255,-3773104.0,0,0,
0xce462d7dd2fcb06b3eeb9718a1489349fe2ae0ee84f10c8e6c0a1d40cc967c48,629376,57164,FILLS_P1,P1,2025-10-09T22:58:58.283612Z,,307,2,2,2025-10-14T06:29:35Z,2026-09-21T14:13:36Z,372636.716388,,0,0,
0xcf26973ee6873733bf53be81dd88622b36b663e6d594e74b9860958f2072139d,3515303,833452,FILLS_P0,P0,2026-08-11T14:14:31.044043Z,2026-11-03T00:00:00Z,109,2,2,2026-08-11T17:24:36Z,2026-09-21T13:28:47Z,11404.955957,-3666673.0,0,0,
0xd0494c166b850c77dd91d1508d5297b303efad73d428cfe25d95776d52cd9367,3515356,833463,FILLS_P0,P0,2026-08-11T14:18:49.428913Z,2027-01-05T04:59:00Z,553,2,2,2026-08-12T21:01:54Z,2026-09-21T01:23:02Z,110584.571087,-9171358.0,0,0,
0xd059a400cfceb9720559a5a67f53aa94381da88fa2007af5ce30f75facf57953,630857,57662,FILLS_P1,P1,2025-10-10T19:09:20.25837Z,,922,2,2,2025-10-14T09:02:49Z,2026-09-21T20:53:16Z,309208.74163,,0,0,
0xd103195d48bf6183e28c4140bd374dd3e907e8f8d411374cb4d2d124ec4c216d,630832,57660,FILLS_P1,P1,2025-10-10T19:05:35.623835Z,,2626,2,2,2025-10-16T07:01:23Z,2026-09-21T16:44:27Z,474947.376165,,0,0,
0xd178c9873eaffe93cddae79bfaa63d7fc853cbe81562da216839a4e971367c5c,3515355,833463,FILLS_P0,P0,2026-08-11T14:18:49.283595Z,2027-01-05T04:59:00Z,586,2,2,2026-08-12T21:01:54Z,2026-09-21T18:24:01Z,110584.716405,-9110099.0,0,0,
0xd2812e59bd6fed210509d41594231dbdd9fc3f0de0f8312c0b671e9d43c51b91,631003,57675,FILLS_P1,P1,2025-10-10T19:31:03.309Z,,410,2,2,2025-10-14T05:28:09Z,2026-09-17T18:04:12Z,295025.691,,0,0,
0xd44a02b02781c3f0fcff5324dce87490997401489954f4b1eb98e6c4f8234e45,3515222,833418,FILLS_P0,P0,2026-08-11T14:06:04.971121Z,2027-01-05T04:59:00Z,71,2,2,2026-08-11T16:56:33Z,2026-09-21T18:51:04Z,10228.028879,-9108476.0,0,0,
0xd4f569bedabfa7668e6f644880afc0c9f690de75a578beb6f78a4da1db8c9aca,3515199,833407,FILLS_P0,P0,2026-08-11T14:01:17.056012Z,2027-01-05T04:59:00Z,298,2,2,2026-08-11T22:05:37Z,2026-09-21T11:49:50Z,29059.943988,-9133750.0,0,0,
0xd50c016598c499fceea10a1a714e48d9b4953487fe215daeaf916068fae722f1,630733,57647,FILLS_P1,P1,2025-10-10T18:55:02.698034Z,,3956,2,2,2025-10-14T05:02:25Z,2026-09-21T21:41:45Z,295642.301966,,0,0,
0xd59f25520a8c0ea44a9c9741a97c8c3d769e21f1479b9a14e1a9d475e91f522a,630884,57664,FILLS_P1,P1,2025-10-10T19:12:32.411129Z,,2350,2,2,2025-10-14T07:04:59Z,2026-09-21T09:41:38Z,301946.588871,,0,0,
0xd5bf8b1d5cd968a8f9d8e352219b6a31e0ea0ec9c34bb0e04f4aab22ec43d5c8,3515353,833463,FILLS_P0,P0,2026-08-11T14:18:49.002353Z,2027-01-05T04:59:00Z,363,2,2,2026-08-12T21:01:54Z,2026-09-20T22:31:19Z,110584.997647,-9181661.0,0,0,
0xd5e57dc8f33263bfc1f2c8c71c138a3f8a6941c705ed2c5c90f196745e59b49d,3515339,833461,FILLS_P0,P0,2026-08-11T14:18:08.012331Z,2027-01-05T04:59:00Z,103,2,2,2026-08-11T14:40:01Z,2026-09-18T08:56:34Z,1312.987669,-9403346.0,0,0,
0xd66eadbd64b3e815e31c7994470b44fe15c7ef1146f78937d0cfaa4c04fcfda7,629721,57226,FILLS_P1,P1,2025-10-10T00:03:50.286679Z,,4402,2,2,2025-10-28T01:32:11Z,2026-09-20T03:53:21Z,1560500.713321,,0,0,
0xd73a3ca0e0544f2b5bd4f32fca4a7d4fb691a260b431f5afa58f52a41c13d896,629397,57169,FILLS_P1,P1,2025-10-09T23:00:25.007208Z,,2281,2,2,2025-10-14T15:05:49Z,2026-09-21T20:24:10Z,403523.992792,,0,0,
0xd8ebecf28c4b6148a515c247e65230ae7990f5626ef8202841135b2b6963a9b9,629425,57173,FILLS_P1,P1,2025-10-09T23:06:50.915857Z,,1196,2,2,2025-10-14T07:13:01Z,2026-09-18T13:24:14Z,374770.084143,,0,0,
0xdab2a45cdb460dde36d3ef90e89222f5251bfbc6d6b721764803d8d95bdab6a7,629284,57155,FILLS_P1,P1,2025-10-09T22:42:12.874252Z,,498,2,2,2025-10-14T01:44:35Z,2026-09-19T14:17:47Z,356542.125748,,0,0,
0xdb5e85a7661c18e08c651fb77042a630c23cecc3c4f0fc52351ef12110f10f47,3516005,833598,FILLS_P0,P0,2026-08-11T15:09:28.431715Z,2026-11-04T04:59:00Z,265,2,2,2026-08-11T20:12:16Z,2026-09-18T09:11:12Z,18167.568285,-4045668.0,0,0,
0xdb8fb581be31b38b83219f4b3471ad78529a5cfb6f7fc51a9ff0c28873b685ad,4641987,1038915,FILLS_P0,P0,2026-09-17T17:25:55.480517Z,2026-11-03T23:59:00Z,67,2,2,2026-09-17T18:42:31Z,2026-09-21T16:46:23Z,4595.519483,-3741157.0,0,0,
0xdb9b47929435349bfc4f7a65e0ceb89d5cea388a87c4c6f10d0f736253ae0d76,630720,57646,FILLS_P1,P1,2025-10-10T18:51:00.414347Z,,1032,2,2,2025-10-27T17:00:31Z,2026-09-21T18:28:42Z,1462170.585653,,0,0,
0xdc8722085b2f7d79541fd0d620945f192408429dcf38d4f357d434bc70286e48,3515259,833438,FILLS_P0,P0,2026-08-11T14:11:47.656204Z,2027-01-05T04:59:00Z,157,2,2,2026-08-11T20:52:48Z,2026-09-21T06:21:39Z,24060.343796,-9153441.0,0,0,
0xdd292df360f080b15e5eca283d64de30fa79e57a370c536f8f47bea03afdcd60,3515256,833438,FILLS_P0,P0,2026-08-11T14:11:47.139965Z,2027-01-05T04:59:00Z,85,2,2,2026-08-12T06:14:07Z,2026-09-20T11:41:54Z,57739.860035,-9220626.0,0,0,
0xde2a119ca20179db4387489814841767c1c60347f0b820f1387809494c617f2a,2683268,633839,FILLS_P0,P0,2026-06-25T17:26:23.744945Z,2026-11-03T23:59:00Z,236,2,2,2026-06-25T17:57:43Z,2026-09-21T18:05:04Z,1879.255055,-3736436.0,0,0,
0xdfed579a4b7ec69c7c5be236818138ee073afe88dfcca3c69864a09abc0c6809,3515229,833419,FILLS_P0,P0,2026-08-11T14:06:24.568338Z,2027-01-05T04:59:00Z,76,2,2,2026-08-12T03:37:43Z,2026-09-21T03:56:49Z,48678.431662,-9162131.0,0,0,
0xe010e18ab99e83f0790d876db2ef02f82dff9ecea023d6a104a6f8a5591a5e9a,3515348,833462,FILLS_P0,P0,2026-08-11T14:18:41.168362Z,2026-11-03T00:00:00Z,76,2,2,2026-08-13T01:04:45Z,2026-09-21T13:22:51Z,125163.831638,-3667029.0,0,0,
0xe109380d49786b25c8c20ca88bfbf5ffabbe0a91a25a9d8795312d5a9701f998,630989,57674,FILLS_P1,P1,2025-10-10T19:29:18.313953Z,,303,2,2,2025-10-14T05:35:25Z,2026-09-18T13:23:41Z,295566.686047,,0,0,
0xe1bde52116b7a998462c3dd2bf14be10ec0af1ac6db81bdba05348ac38c6ce60,3515334,833461,FILLS_P0,P0,2026-08-11T14:18:06.713298Z,2026-11-03T00:00:00Z,79,2,2,2026-08-11T14:40:01Z,2026-09-18T09:11:34Z,1314.286702,-3941306.0,0,0,
0xe1d1e2bdaf781bf7efcf6ce28a9fd1849e95b3a572590b669909dcecadd3e3a4,3515948,833577,FILLS_P0,P0,2026-08-11T15:06:16.665056Z,2026-11-04T04:59:00Z,252,2,2,2026-08-11T19:36:16Z,2026-09-21T05:04:01Z,16199.334944,-3801299.0,0,0,
0xe269ccc143831e23d8ad01fcf44644f7482494b9bfc5a27cce3844c648bdfdeb,3515351,833463,FILLS_P0,P0,2026-08-11T14:18:48.707738Z,2027-01-05T04:59:00Z,246,2,2,2026-08-12T21:01:54Z,2026-09-14T13:10:04Z,110585.292262,-9733736.0,0,0,
0xe2e6e1e073b89092fc55a87972e9e447296fc9699f47e48f5c6203231d3de5cc,3515251,833437,FILLS_P0,P0,2026-08-11T14:10:59.487585Z,2027-01-05T04:59:00Z,223,2,2,2026-08-11T20:42:43Z,2026-09-21T11:37:45Z,23503.512415,-9134475.0,0,0,
0xe483e9cc1c786012f786030ba7795e158be0ca5b0831528eca8f06de0784c491,3515225,833419,FILLS_P0,P0,2026-08-11T14:06:23.529565Z,2027-01-05T04:59:00Z,42,2,2,2026-08-12T03:01:34Z,2026-09-18T08:57:25Z,46510.470435,-9403295.0,0,0,
0xe655180a65e17b6959aa722821312de23513cba6c6d2e3a55f47f198977316bf,631045,57681,FILLS_P1,P1,2025-10-10T19:37:08.559775Z,,1744,2,2,2025-10-14T12:36:19Z,2026-09-21T11:01:30Z,320350.440225,,0,0,
0xe7b879bc922dc9906c6909b66f5dcd6248c8a7f34d279e55863c11b10d39e43d,3409451,812886,FILLS_P0,P0,2026-08-07T21:41:19.558841Z,2026-11-04T04:59:00Z,122,2,2,2026-08-09T08:37:36Z,2026-09-21T21:26:07Z,125776.441159,-3742373.0,0,0,
0xe831d837e17278de50029fcf609d1c72338ed4e1352ce8a4fb7406ddef3c63ad,943828,106193,FILLS_P0,P0,2025-12-15T22:40:56.218331Z,,2063,2,2,2025-12-19T13:51:18Z,2026-09-19T16:34:59Z,313821.781669,,0,0,
0xe8560fef4526510f1c6c92b9153b2906be86b2c7ea8e66e9d85f35885c7a0045,3515347,833462,FILLS_P0,P0,2026-08-11T14:18:41.035685Z,2026-11-03T00:00:00Z,62,2,2,2026-08-12T23:57:27Z,2026-09-21T12:13:00Z,121125.964315,-3671220.0,0,0,
0xe88925a120b1e265dbfc825bb9bcd67576d789924254dcba0cfcbd8b5fe00757,3515290,833450,FILLS_P0,P0,2026-08-11T14:13:33.981884Z,2027-01-05T04:59:00Z,150,2,2,2026-08-11T14:51:28Z,2026-09-21T09:51:18Z,2274.018116,-9140862.0,0,0,
0xe8ef7b1fe9ab55ec04593bed28c424c0adc29c60c4da500a69ed9bf9792b6dc6,3515197,833406,FILLS_P0,P0,2026-08-11T14:00:56.878483Z,2027-01-05T04:59:00Z,118,2,2,2026-08-12T17:31:25Z,2026-09-21T18:42:15Z,99028.121517,-9109005.0,0,0,
0xe8f6367e334e7440084773c1dc7ec294d37cf39ea6b84b470bbe2bb26f506436,630871,57663,FILLS_P1,P1,2025-10-10T19:10:45.61012Z,,369,2,2,2025-11-14T22:33:20Z,2026-09-02T05:58:57Z,3036154.38988,,0,0,
0xe9b5814b6b770008d8ed384c45d41703e648d9dce3cdf3d2d15108431d4d865f,630911,57668,FILLS_P1,P1,2025-10-10T19:19:18.25328Z,,649,2,2,2025-10-14T03:14:05Z,2026-09-21T15:00:46Z,287686.74672,,0,0,
0xeb4481ec7ce9bd076ebc3ecd662aaeaec831eb04bdd4a0bbe734a42dbdd5755c,4641980,1038915,FILLS_P0,P0,2026-09-17T17:25:53.326743Z,2026-11-03T23:59:00Z,23,2,2,2026-09-18T02:51:51Z,2026-09-19T20:53:20Z,33957.673257,-3899140.0,0,0,
0xebd6d3afbfca95f3dc565da671bd50885c2211308bc3c6bf49664d32121b5f5a,3515306,833452,FILLS_P0,P0,2026-08-11T14:14:31.523743Z,2026-11-03T00:00:00Z,86,2,2,2026-08-11T14:27:19Z,2026-09-21T13:28:47Z,767.476257,-3666673.0,0,0,
0xec02ac6b65c1c91e37ca42737f2dac41c94a5e21f7b54122b6815c0941551b25,3515296,833451,FILLS_P0,P0,2026-08-11T14:14:15.957305Z,2027-01-05T04:59:00Z,46,2,2,2026-08-12T03:18:51Z,2026-09-04T13:15:19Z,47075.042695,-10597421.0,0,0,
0xee84f81ac4694cf2fdbbdeb293438f97143a6b35b7178bcfbbb097c494aae1c4,2683265,633839,FILLS_P0,P0,2026-06-25T17:26:23.380395Z,2026-11-03T23:59:00Z,295,2,2,2026-06-25T17:59:49Z,2026-09-21T19:01:52Z,2005.619605,-3733028.0,0,0,
0xeec26e9d0efd895ba65bc3f1f0cbe99f66a56833682430dc266277a6c9e6e60f,630938,57670,FILLS_P1,P1,2025-10-10T19:23:01.379727Z,,1019,2,2,2025-10-14T03:00:07Z,2026-09-21T20:24:21Z,286625.620273,,0,0,
0xeee75e18b53425c67035084fb8be5414331614ab4e5ec59574bc73e11817be93,629465,57176,FILLS_P1,P1,2025-10-09T23:11:44.673697Z,,4729,2,2,2025-10-14T04:17:45Z,2026-09-18T13:24:00Z,363960.326303,,0,0,
0xf08cf87d7608ad296024bbcc28ac1315e6b3c92e74a8920906eb8f91932a0411,3515292,833450,FILLS_P0,P0,2026-08-11T14:13:34.345791Z,2027-01-05T04:59:00Z,265,2,2,2026-08-11T16:46:57Z,2026-09-19T11:37:53Z,9202.654209,-9307267.0,0,0,
0xf0f29d2994ea37406d158d72e9dde22035eef4bba5ed2ece5be846cef6435948,2683266,633839,FILLS_P0,P0,2026-06-25T17:26:23.501439Z,2026-11-03T23:59:00Z,294,2,2,2026-06-25T17:59:49Z,2026-09-21T18:05:03Z,2005.498561,-3736437.0,0,0,
0xf2c6b7f5658ceeddd86bc5d5abe0b4940814765aba78a00afe4a28b6f313c453,2683263,633839,FILLS_P0,P0,2026-06-25T17:26:23.143267Z,2027-01-05T04:59:00Z,225,2,2,2026-06-25T17:59:49Z,2026-09-21T18:05:03Z,2005.856733,-9111237.0,0,0,
0xf301c0842eeb33bd0a7718e4775bfb98b326a28bf837e18d65057e3516a5f6cb,919494,103166,FILLS_P0,P0,2025-12-12T12:41:08.966947Z,2027-01-05T04:59:00Z,1007,2,2,2025-12-20T05:59:38Z,2026-09-17T19:31:12Z,667109.033053,-9451668.0,0,0,
0xf56c286873bff2b10191339ea89569476b0b4d60f9025b8eec98e8e2fde71dc5,3729380,877350,FILLS_P0,P0,2026-08-19T20:02:37.759686Z,2027-04-01T03:59:00Z,57,2,2,2026-08-19T23:04:55Z,2026-09-19T16:04:12Z,10937.240314,-16718088.0,0,0,
0xf60b3ee3fcf62780cbb5e29ec2ac55161cc720c72887fb1cc3e4735a6047d6fc,3515973,833579,FILLS_P0,P0,2026-08-11T15:07:32.314961Z,2027-04-01T03:59:00Z,271,2,2,2026-08-14T06:22:00Z,2026-09-21T03:46:23Z,227667.685039,-16589557.0,0,0,
0xf9b68b99b3ca714f63e49c5a595ade99bf65585e00bfa0e2ebd112cdc090456c,943823,106193,FILLS_P0,P0,2025-12-15T22:40:53.684441Z,,2803,2,2,2025-12-19T13:50:44Z,2026-09-21T21:44:49Z,313790.315559,,0,0,
0xf9b998d7de887c1c905b1e1bd9ae38e32eda748c42bd958d3ba1cec9bf5ab79f,629667,57210,FILLS_P1,P1,2025-10-09T23:58:35.282365Z,,423,2,2,2025-10-14T01:53:41Z,2026-09-17T14:54:04Z,352505.717635,,0,0,
0xfa49cb668d9136a1d2fa5452218005a2e75c7a6a43efe9cd8236ad7d7738a055,3515254,833437,FILLS_P0,P0,2026-08-11T14:11:00.012397Z,2027-01-05T04:59:00Z,624,2,2,2026-08-11T20:42:43Z,2026-09-21T11:59:39Z,23502.987603,-9133161.0,0,0,
0xfb866625fdfccc5a58ab7f1b53d6c7b5ac214ee38fa38668312b4adc2ee2c1d0,629413,57172,FILLS_P1,P1,2025-10-09T23:05:14.030908Z,,942,2,2,2025-10-14T07:09:01Z,2026-09-21T01:54:29Z,374626.969092,,0,0,
0xfbc403f1c19120e16aa170e5c76476699375b71f091d48d26be2525704cc0691,3515288,833450,FILLS_P0,P0,2026-08-11T14:13:33.560484Z,2027-01-05T04:59:00Z,100,2,2,2026-08-11T16:47:04Z,2026-09-18T08:58:22Z,9210.439516,-9403238.0,0,0,
0xfbd0a65112e26d9a2a68dc47f8a95c6c14d22650cb4837c5429b546726661b71,629720,57226,FILLS_P1,P1,2025-10-10T00:03:49.801027Z,,4590,2,2,2025-10-14T07:34:15Z,2026-09-21T14:24:11Z,372625.198973,,0,0,
0xfc1bb6d021fca4d4015c71ab05db0b9a27a14afc1749fafc27fc91af20374fde,3515228,833419,FILLS_P0,P0,2026-08-11T14:06:24.282683Z,2027-01-05T04:59:00Z,60,2,2,2026-08-11T14:50:06Z,2026-08-31T19:20:36Z,2621.717317,-10921104.0,0,0,
0xfc5c740e4617eb9908ceada7c91bfbe1cd41f172d703ef811d544e60a7a70bb5,630844,57661,FILLS_P1,P1,2025-10-10T19:07:25.215601Z,,1905,2,2,2025-10-14T19:09:39Z,2026-09-21T21:25:30Z,345733.784399,,0,0,
0xfe816a4d6929a3e9c80e9c198db462b2c629b6b4e8867b1f2fa7cce3df844414,2683262,633839,FILLS_P0,P0,2026-06-25T17:26:23.027544Z,2027-01-05T04:59:00Z,408,2,2,2026-06-25T17:59:49Z,2026-09-21T18:05:07Z,2005.972456,-9111233.0,0,0,
0xff67198c49e8fea7ded1a40070789645e2535193b39758295e1cdb4bec3e0f91,2773665,659973,FILLS_P0,P0,2026-07-02T19:52:22.958465Z,2027-01-05T04:59:00Z,406,2,2,2026-07-03T04:07:55Z,2026-09-17T14:53:12Z,29732.041535,-9468348.0,0,0,
