tx_hash,condition_id,market_id,event_id,acquisition_class,timestamp,utc_date,taker_rows,taker_size,maker_rows,maker_size,residual_size_taker_minus_maker,cause_class,source_rows_for_tx,outside_scope_rows_for_tx,outside_scope_condition_ids,scoped_source_taker_size,scoped_source_maker_size,scoped_source_delta,outside_scope_taker_size,outside_scope_maker_size,outside_scope_delta,transaction_delta,transaction_delta_balances_across_scope,source_duplicate_key_rows
0x08cf6ee20ea44bad98dd62825d8f060522a4f95f37cee1ab453fa735600da069,0x69dd45f38191d1193f9d13d87455d741be4e107d4aba3b59460de0ddba8fb4e0,3516134,833599,FILLS_P0,1788193642,2026-08-31,1,20.1219,2,20.122,-0.0001,UNEXPLAINED_RESIDUAL,3,0,[],20.1219,20.122,-0.0001,0,0,0,-0.0001,False,0
0x096af46c05b0194de96a84e834ebf7dc87098ef95f4480caef40333d145961ac,0xcd953913ecd5bf5387092bf447fe13190871b2bc9436c85b0918b4767c3fa58a,629691,57222,FILLS_P1,1786636050,2026-08-13,1,532.9471,15,532.9472,-0.0001,UNEXPLAINED_RESIDUAL,16,0,[],532.9471,532.9472,-0.0001,0,0,0,-0.0001,False,0
0x0b54eed7c4ed10d4fbdfdf3e0c681f8287463fdbb0def0447a222a5a4905fd54,0xaf874c80349379303164629c3962b1456f667ca1d44edf95e0474dd13483a4b3,629183,57141,FILLS_P1,1760420929,2025-10-14,1,5.282,2,5.2821,-0.0001,UNEXPLAINED_RESIDUAL,3,0,[],5.282,5.2821,-0.0001,0,0,0,-0.0001,False,0
0x1001987c612d3aa959597c3774ee95893cb2ddcee64c52c1656c0a795f56bde8,0x20f8d283859e0aa98802f618f26954660aea7a171ebd2869425edfbf9b3fe824,3515972,833579,FILLS_P0,1788252174,2026-09-01,1,234.9187,8,234.9188,-0.0001,UNEXPLAINED_RESIDUAL,9,0,[],234.9187,234.9188,-0.0001,0,0,0,-0.0001,False,0
0x1318cde7aab8b28d28b505a82166a6dca0b4348912b1dd33e882a28b6331a693,0x38fa3007c7be18a217849262667e39266341cb2fd7b5f8da75472b0a9e420480,943826,106193,FILLS_P0,1787039352,2026-08-18,1,4.9633,2,4.9632,0.0001,UNEXPLAINED_RESIDUAL,3,0,[],4.9633,4.9632,0.0001,0,0,0,0.0001,False,0
0x188d48aa0e110d63e1c02a026ff250730d7f7f816aaf5f0b38dc5933cb1a358c,0x34918035a590555ba1fb1d6a019d766ab6e557d63e7f3140b63b4550eee7f417,630963,57672,FILLS_P1,1780123711,2026-05-30,1,1023.2882,6,1023.2883,-0.0001,UNEXPLAINED_RESIDUAL,7,0,[],1023.2882,1023.2883,-0.0001,0,0,0,-0.0001,False,0
0x18a10441967c852a46d824265e38f18a32e04533586e90616ccb559c0e9a3ebd,0xc65ec2459a79fb749948503161d42e13c4cb8bb0b670f0dd1ce2c71d7950b459,629627,57207,FILLS_P1,1772191411,2026-02-27,1,31.3738,2,31.3737,0.0001,UNEXPLAINED_RESIDUAL,3,0,[],31.3738,31.3737,0.0001,0,0,0,0.0001,False,0
0x1d8467012bba499d27b1d8a42de2d257a150507794d4c52dfde66c4c52b24152,0x52f293d32b8b66aca00334ba6a95e226e5c4d5fa0f311a091ef70edaaa701879,907690,101856,FILLS_P0,1768929850,2026-01-20,1,26.2821,2,26.282,0.0001,UNEXPLAINED_RESIDUAL,3,0,[],26.2821,26.282,0.0001,0,0,0,0.0001,False,0
0x1e457caba0df61ef2673cf7da36eb785c623fc3ebe7e1b346801b4fc70af3fac,0x60ca789c3914e542823bc01188d432a26d4a53fdc09f7dead731f9f9c603db94,629364,57163,FILLS_P1,1762759754,2025-11-10,1,14.3542,2,14.3541,0.0001,UNEXPLAINED_RESIDUAL,3,0,[],14.3542,14.3541,0.0001,0,0,0,0.0001,False,0
0x21ea74e4ebe7ac78349222e1ab18ec1599d752f9d7b459e4067d30af33a48a6a,0x5eb660082d749c35ec496dae4c1f52e3950487b4d3c63215d2e27910dab38819,629531,57183,FILLS_P1,1781200624,2026-06-11,1,142.6712,4,142.6713,-0.0001,UNEXPLAINED_RESIDUAL,5,0,[],142.6712,142.6713,-0.0001,0,0,0,-0.0001,False,0
0x27e261f85c602f0d779888103569700f92cb76574ffcd01e6544ce5a80f92336,0xbfeb6d4cf3eab6071e204219b0647c8224d63a12778df467311b5f2a4b3a5bd4,630805,57658,FILLS_P1,1789128462,2026-09-11,1,1555.9437,9,1555.9438,-0.0001,UNEXPLAINED_RESIDUAL,10,0,[],1555.9437,1555.9438,-0.0001,0,0,0,-0.0001,False,0
0x2b1cd2fe9372da2f04aaed2e30c705602a7581905a4b847502072aeb70375403,0xd059a400cfceb9720559a5a67f53aa94381da88fa2007af5ce30f75facf57953,630857,57662,FILLS_P1,1777139104,2026-04-25,1,10.4167,2,10.4166,0.0001,UNEXPLAINED_RESIDUAL,3,0,[],10.4167,10.4166,0.0001,0,0,0,0.0001,False,0
0x2c2ade8a450e2fbb999f5f2f98c9757510396b6d615952ad0a59d4651a70792b,0x495cde47690b9a5844c69bc2ea507c994c10a29557aa7453979ec0df7847bf2e,907688,101856,FILLS_P0,1773498181,2026-03-14,1,15.3187,2,15.3188,-0.0001,UNEXPLAINED_RESIDUAL,3,0,[],15.3187,15.3188,-0.0001,0,0,0,-0.0001,False,0
0x3036053589c0af9b8dd4e9e5028fb03b5742a35fa70570f2ccf0dddd6483e824,0x7ff4e4b2f389acdd96ef18bb34684b9219a972b7ef0cde5856d28f5d5325f3d4,919492,103166,FILLS_P0,1776091917,2026-04-13,1,39.4188,2,39.4187,0.0001,UNEXPLAINED_RESIDUAL,3,0,[],39.4188,39.4187,0.0001,0,0,0,0.0001,False,0
0x34a42a145babcf67cfc1d9bf6fe51ed11040b5edf5273323175487911ca6c279,0xb0a2ecfa22546348deb077cde02e968b12e18f447eeea75e967dfbad6f86ee2b,3515272,833440,FILLS_P0,1788556413,2026-09-04,1,29.6227,3,29.6226,0.0001,UNEXPLAINED_RESIDUAL,4,0,[],29.6227,29.6226,0.0001,0,0,0,0.0001,False,0
0x38587515704457560065753210865cfc863cc7851007dc0d15b4e1658914efba,0x110170493c7d4c5d438a01dbab7390bdd58ded3321ac096221cf1040f2e9270b,629271,57154,FILLS_P1,1783319357,2026-07-06,1,100.6607,6,100.6608,-0.0001,UNEXPLAINED_RESIDUAL,7,0,[],100.6607,100.6608,-0.0001,0,0,0,-0.0001,False,0
0x4157e74f477c7eac6e5daf6150ef30652c94c5b155ec0fd812ce2df07cab2768,0xcceae66d81c60f90c9679ab531b865bd7e9f95cc54f7b0634a24095519b10d65,629325,57160,FILLS_P1,1779580274,2026-05-23,1,24.5069,2,24.507,-0.0001,UNEXPLAINED_RESIDUAL,3,0,[],24.5069,24.507,-0.0001,0,0,0,-0.0001,False,0
0x42d4eacf249dc399769607bf2d9548b50a754bc2b43dbe305c4e7aa2a6dfea34,0x086445ea07954a360aeeddc96c292160832662b0227bdc8f07bc353dd511966f,629477,57177,FILLS_P1,1776463442,2026-04-17,1,5.3661,2,5.366,0.0001,UNEXPLAINED_RESIDUAL,3,0,[],5.3661,5.366,0.0001,0,0,0,0.0001,False,0
0x4312f3504ae47e58995b79ef36a1727baf85c4e4cc57d66f810c8dd5a3a0aec5,0x1ada88a781ee8d2e8f392dcba10216be82e7d2c7137d33f28c6029f733f13aad,907691,101856,FILLS_P0,1775572927,2026-04-07,1,25.0038,3,25.0037,0.0001,UNEXPLAINED_RESIDUAL,4,0,[],25.0038,25.0037,0.0001,0,0,0,0.0001,False,0
0x4685043e9d51e0f1d3de2bb2e2c5f9d5339721437ec91b31b5ff1e028f2ecf69,0xae1d21f8632f37e11493fef7307b4d09c6b27697be5c820806a840559b1b2e06,630819,57659,FILLS_P1,1776222428,2026-04-15,1,13.8812,2,13.8813,-0.0001,UNEXPLAINED_RESIDUAL,3,0,[],13.8812,13.8813,-0.0001,0,0,0,-0.0001,False,0
0x4890f4197f01605c86666dc330f9e101c6f4255841ea9ab1cc0f781a2bc15973,0xf301c0842eeb33bd0a7718e4775bfb98b326a28bf837e18d65057e3516a5f6cb,919494,103166,FILLS_P0,1776091965,2026-04-13,1,56.1942,5,56.1943,-0.0001,UNEXPLAINED_RESIDUAL,6,0,[],56.1942,56.1943,-0.0001,0,0,0,-0.0001,False,0
0x6087e81b9249f2a92582b13a85b9ebf0db20a6c9ba24661afb8dde3184ac89ac,0xd59f25520a8c0ea44a9c9741a97c8c3d769e21f1479b9a14e1a9d475e91f522a,630884,57664,FILLS_P1,1773550309,2026-03-15,1,31.6687,4,31.6688,-0.0001,UNEXPLAINED_RESIDUAL,5,0,[],31.6687,31.6688,-0.0001,0,0,0,-0.0001,False,0
0x673e13de26368bbd973edb7359380b7151b0f81cfcda653ea143a11a9f6e69e2,0x679d63e29063458d948854f5cc700e724cdc16af3761f7707921ae0865795fad,907687,101856,FILLS_P0,1780284268,2026-06-01,1,73.3178,3,73.3177,0.0001,UNEXPLAINED_RESIDUAL,4,0,[],73.3178,73.3177,0.0001,0,0,0,0.0001,False,0
0x7243b3570766bc4f91e7b1ad86acfca5668e072285bccb7fcfa5813c4f1a01e6,0x1c017cbb38a9d0ab233ebb265b25c78290317e6a2470657ca18a73a112397b55,630925,57669,FILLS_P1,1771442174,2026-02-18,1,10.5419,2,10.542,-0.0001,UNEXPLAINED_RESIDUAL,3,0,[],10.5419,10.542,-0.0001,0,0,0,-0.0001,False,0
0x8b434e4b17ef6b90425e2c007bd4f4d0e4d2a3d0e05dc4027069032cf04863b4,0x129dbcb7d39ff8df5f0d7685a2db6400b5db37d3963914486fbb7fd2bc96a923,630883,57664,FILLS_P1,1775493427,2026-04-06,1,18.9163,2,18.9162,0.0001,UNEXPLAINED_RESIDUAL,3,0,[],18.9163,18.9162,0.0001,0,0,0,0.0001,False,0
0x92f8ee70156210ab8a8e2a9c5c21609087c110570718f415c78dd540bbc4e4ee,0xa2e43598547f2e90e3eee195812c8814202b9b66f6c540d7e15a265cbe93f68f,919489,103166,FILLS_P0,1776797092,2026-04-21,1,96.9437,4,96.9438,-0.0001,UNEXPLAINED_RESIDUAL,5,0,[],96.9437,96.9438,-0.0001,0,0,0,-0.0001,False,0
0x9466740270adb1865a82cac576b0e329995e5f6a159e1a7eef3af12355316fcb,0x1c017cbb38a9d0ab233ebb265b25c78290317e6a2470657ca18a73a112397b55,630925,57669,FILLS_P1,1776974980,2026-04-23,1,176.4433,5,176.4432,0.0001,UNEXPLAINED_RESIDUAL,6,0,[],176.4433,176.4432,0.0001,0,0,0,0.0001,False,0
0x97ba7a80f7a8c2d80cc85999077c59dc3f9f9c84df00b6026ccefa61a87ae97a,0x6664de877892786b699c552ef88f25ff6e4828f9a847e4f40e4d6d9cd30b1485,629708,57225,FILLS_P1,1777152716,2026-04-25,1,19.3462,2,19.3461,0.0001,UNEXPLAINED_RESIDUAL,3,0,[],19.3462,19.3461,0.0001,0,0,0,0.0001,False,0
0xa186139d02316e4f19b067674c449daa245f695c25fb0038becae21d98afc4cc,0xb63fbd776203cada01a13bb21b3c52c500bcf904bdfc71627022db1f891f95c5,629506,57181,FILLS_P1,1781751599,2026-06-18,1,50.0112,2,50.0113,-0.0001,UNEXPLAINED_RESIDUAL,3,0,[],50.0112,50.0113,-0.0001,0,0,0,-0.0001,False,0
0xa662a3cc9963febc21307d92653572583d34ae1d6fcdf0e06ee784c2e291613a,0x46c862237fc39f6357ce2efa748274e4539c1ffe60cd6a89e3fe689373fa27a8,943819,106193,FILLS_P0,1789945415,2026-09-20,1,2540.0723,5,2540.0722,0.0001,UNEXPLAINED_RESIDUAL,6,0,[],2540.0723,2540.0722,0.0001,0,0,0,0.0001,False,0
0xbd123bd1d248755fce34ac3c5cdcd7ea2f333a5f2537a42feac8ed07d18b662a,0x2c4a0e5c507b552a9d80299cee3fde54cc11405e3a728f3b8ae67bf400578d36,3516247,833601,FILLS_P0,1787245099,2026-08-20,1,61.4062,3,61.4063,-0.0001,UNEXPLAINED_RESIDUAL,4,0,[],61.4062,61.4063,-0.0001,0,0,0,-0.0001,False,0
0xbf35bd38bac8fd8d98acb5dc29382ffdf2c0aa2c3f007c7aa8d9c6d194d0f6c9,0x0d8711f5f475002d8236dcf4c848882aee7a2f34a515dda6ff0623906bf862a3,919495,103166,FILLS_P0,1774045591,2026-03-20,1,109.0426,6,109.0425,0.0001,UNEXPLAINED_RESIDUAL,7,0,[],109.0426,109.0425,0.0001,0,0,0,0.0001,False,0
0xc454be757b1b0f8a5ad4ac32fef9287ac1f41b0b83861246f9c3f61f19f7efc0,0xcd953913ecd5bf5387092bf447fe13190871b2bc9436c85b0918b4767c3fa58a,629691,57222,FILLS_P1,1783464566,2026-07-07,1,92.1957,4,92.1956,0.0001,UNEXPLAINED_RESIDUAL,5,0,[],92.1957,92.1956,0.0001,0,0,0,0.0001,False,0
0xc60557c06ec9029bc40f80bef2efb6dcc45527501e52f050e4914da74b2e8143,0xa6af312109c285d70f39a4f8d8e3d4a2e7e12bcabe5ab03527396a3a1377925d,919491,103166,FILLS_P0,1774720783,2026-03-28,1,5.5556,2,5.5555,0.0001,UNEXPLAINED_RESIDUAL,3,0,[],5.5556,5.5555,0.0001,0,0,0,0.0001,False,0
0xc67c166d1eb0b105edac0b886d95259053b00c28f4e22dc0fd6acf5ab6da1631,0xbfeb6d4cf3eab6071e204219b0647c8224d63a12778df467311b5f2a4b3a5bd4,630805,57658,FILLS_P1,1787579248,2026-08-24,1,38.0012,4,38.0013,-0.0001,UNEXPLAINED_RESIDUAL,5,0,[],38.0012,38.0013,-0.0001,0,0,0,-0.0001,False,0
0xcb1b11a6e382228889db882ccd13b65bf9277f7f609b0c0fc818b186425cce20,0xfc5c740e4617eb9908ceada7c91bfbe1cd41f172d703ef811d544e60a7a70bb5,630844,57661,FILLS_P1,1775224523,2026-04-03,1,839.2284,6,839.2285,-0.0001,UNEXPLAINED_RESIDUAL,7,0,[],839.2284,839.2285,-0.0001,0,0,0,-0.0001,False,0
0xd67b43a2c42300929fa8f965cd5ad135bc8b87f8b5ecc12c3c8471ae5cdc14cd,0xd73a3ca0e0544f2b5bd4f32fca4a7d4fb691a260b431f5afa58f52a41c13d896,629397,57169,FILLS_P1,1788176826,2026-08-31,1,43.4211,2,43.421,0.0001,UNEXPLAINED_RESIDUAL,3,0,[],43.4211,43.421,0.0001,0,0,0,0.0001,False,0
0xd81ef7afe037a8e98233b899bdd6cd8660dd3c113720e30e20886a9edb350787,0x73a9911393e7bd2262904c4413d9614f68bb6290ddf7d88ed607f1562d08fb05,629337,57161,FILLS_P1,1762602239,2025-11-08,1,76.6809,3,76.6808,0.0001,UNEXPLAINED_RESIDUAL,4,0,[],76.6809,76.6808,0.0001,0,0,0,0.0001,False,0
0xda27feab0252a375588126edf45a3afd59bcc9347cbb4ff165a256f7d5a2dfde,0x086445ea07954a360aeeddc96c292160832662b0227bdc8f07bc353dd511966f,629477,57177,FILLS_P1,1765197107,2025-12-08,1,55.0872,5,55.0873,-0.0001,UNEXPLAINED_RESIDUAL,6,0,[],55.0872,55.0873,-0.0001,0,0,0,-0.0001,False,0
0xe9d1826f25a4f8739f59714d5ce0cd3ff31b09cf17affa9811f14ddda778424b,0x3f8d20cfcf2136d0c001663603c2d7f7be0fb920534d09a193f3165a40fe9469,630666,57640,FILLS_P1,1771359893,2026-02-17,1,1.6058,2,1.6059,-0.0001,UNEXPLAINED_RESIDUAL,3,0,[],1.6058,1.6059,-0.0001,0,0,0,-0.0001,False,0
0xeb20f54b6d0e0204a29777700c636a6052965b024c1baf1ab71703d8937cb92c,0xfbd0a65112e26d9a2a68dc47f8a95c6c14d22650cb4837c5429b546726661b71,629720,57226,FILLS_P1,1787497176,2026-08-23,1,314.9178,3,314.9177,0.0001,UNEXPLAINED_RESIDUAL,4,0,[],314.9178,314.9177,0.0001,0,0,0,0.0001,False,0
0xf41a43cdb689c0630726e3cb7d94ab5e6ed11c5b1e3bddcfe224992659e3cc89,0x54ff2e4ca18c44b46a5d538a09054c97665cc7a01ead6e6baad4ffdd126a7c8a,630628,57637,FILLS_P1,1772483439,2026-03-02,1,12.7662,2,12.7663,-0.0001,UNEXPLAINED_RESIDUAL,3,0,[],12.7662,12.7663,-0.0001,0,0,0,-0.0001,False,0
0xf7e1c2e49ad299410957f169982b8c517817a512a1fd71a2f37959f61a9930ec,0x1ada88a781ee8d2e8f392dcba10216be82e7d2c7137d33f28c6029f733f13aad,907691,101856,FILLS_P0,1773498237,2026-03-14,1,30.0237,2,30.0238,-0.0001,UNEXPLAINED_RESIDUAL,3,0,[],30.0237,30.0238,-0.0001,0,0,0,-0.0001,False,0
