acquisition_class,acquisition_tier,block_number,block_number_provenance,condition_id,condition_id_matches_gamma,contract_archetype,counterparty_address,economic_direction,economic_direction_status,event_id,event_slug,event_title,evidence_grade,fill_id,gamma_condition_id,gamma_description_sha256,graph_link_ids_json,graph_relationship_classes_json,log_index,maker_address,market_active,market_closed,market_created_at,market_end_date,market_id,market_neg_risk,market_question,market_slug,market_start_date,mathematical_class,order_is_match_taker_order,order_role,outcome_label,participant_address,participant_address_semantics,price,relationship_class_set_json,side,sig_exchange_ids_json,sig_market_ids_json,size_shares,source,source_custody_bytes,source_custody_etag,source_custody_object,source_custody_sha256,source_trade_bytes,source_trade_etag,source_trade_object,source_trade_sha256,source_version,taker_address,timestamp,timestamp_utc,token_id,tx_hash,value_usd
FILLS_P1,P1,77650800,CUSTODY_TX_HASH_JOIN,0xdab2a45cdb460dde36d3ef90e89222f5251bfbc6d6b721764803d8d95bdab6a7,True,RACE_WINNER,0xa58d4f278d7953cd38eeb929f7e242bfc7c0b9b8,BUY,RECONSTRUCTED_FROM_SIGNED_ORDER_SIDE,57155,arkansas-governor-winner-2026,Arkansas Governor Election Winner,TRADE_FILL,0xf3509b6fe0d1d17f2b5d18e0ea20c97dba5e0a3ac6b0cbaed646ecee485fea49:232:102338577209265315381870206199608266895858545057511455426333199851251620807909,0xdab2a45cdb460dde36d3ef90e89222f5251bfbc6d6b721764803d8d95bdab6a7,f636859399a3d6c26785f0a25587b2c20fc92798ae03ccf80d5cc480085b7fa1,"[""V2:157:629284"",""V2:158:629284""]","[""EXACT_EQUIVALENT"",""NONEXHAUSTIVE_PARTITION""]",232,0x993c072519306017fe9a6b3ee6fa4a02b3056787,True,False,2025-10-09T22:42:12.874252Z,,629284,True,Will the Republicans win the Arkansas governor race in 2026?,will-the-republicans-win-the-arkansas-governor-race-in-2026,2025-10-13T23:27:33.614092Z,EXACT_STRUCTURAL,False,MAKER,Yes,0x993c072519306017fe9a6b3ee6fa4a02b3056787,maker_address owns the signed order; counterparty is taker_address,0.94,"[""CONDITIONAL_OUTCOME""]",buy,"[""846"",""847""]","[""157"",""158""]",40.0,POLYLEVIATHAN_OCI_TRADES,349306583,5a60b766-bbd5-4d49-aa50-0b4f34f0cad8,custody/2025-10-14.parquet,,55157984,2ea04075-d453-45a1-a4f0-1c70f2195cc6,trades/2025-10-14.parquet,,POLYLEVIATHAN_TRADES_LAKE_CANONICAL,0xa58d4f278d7953cd38eeb929f7e242bfc7c0b9b8,1760406275,2025-10-14T01:44:35Z,102338577209265315381870206199608266895858545057511455426333199851251620807909,0xf3509b6fe0d1d17f2b5d18e0ea20c97dba5e0a3ac6b0cbaed646ecee485fea49,37.6
FILLS_P1,P1,77650800,CUSTODY_TX_HASH_JOIN,0xdab2a45cdb460dde36d3ef90e89222f5251bfbc6d6b721764803d8d95bdab6a7,True,RACE_WINNER,0xa58d4f278d7953cd38eeb929f7e242bfc7c0b9b8,BUY,RECONSTRUCTED_FROM_SIGNED_ORDER_SIDE,57155,arkansas-governor-winner-2026,Arkansas Governor Election Winner,TRADE_FILL,0xf3509b6fe0d1d17f2b5d18e0ea20c97dba5e0a3ac6b0cbaed646ecee485fea49:246:102338577209265315381870206199608266895858545057511455426333199851251620807909,0xdab2a45cdb460dde36d3ef90e89222f5251bfbc6d6b721764803d8d95bdab6a7,f636859399a3d6c26785f0a25587b2c20fc92798ae03ccf80d5cc480085b7fa1,"[""V2:157:629284"",""V2:158:629284""]","[""EXACT_EQUIVALENT"",""NONEXHAUSTIVE_PARTITION""]",246,0x993c072519306017fe9a6b3ee6fa4a02b3056787,True,False,2025-10-09T22:42:12.874252Z,,629284,True,Will the Republicans win the Arkansas governor race in 2026?,will-the-republicans-win-the-arkansas-governor-race-in-2026,2025-10-13T23:27:33.614092Z,EXACT_STRUCTURAL,False,MAKER,Yes,0x993c072519306017fe9a6b3ee6fa4a02b3056787,maker_address owns the signed order; counterparty is taker_address,0.93,"[""CONDITIONAL_OUTCOME""]",buy,"[""846"",""847""]","[""157"",""158""]",100.0,POLYLEVIATHAN_OCI_TRADES,349306583,5a60b766-bbd5-4d49-aa50-0b4f34f0cad8,custody/2025-10-14.parquet,,55157984,2ea04075-d453-45a1-a4f0-1c70f2195cc6,trades/2025-10-14.parquet,,POLYLEVIATHAN_TRADES_LAKE_CANONICAL,0xa58d4f278d7953cd38eeb929f7e242bfc7c0b9b8,1760406275,2025-10-14T01:44:35Z,102338577209265315381870206199608266895858545057511455426333199851251620807909,0xf3509b6fe0d1d17f2b5d18e0ea20c97dba5e0a3ac6b0cbaed646ecee485fea49,93.0
FILLS_P1,P1,77650800,CUSTODY_TX_HASH_JOIN,0xdab2a45cdb460dde36d3ef90e89222f5251bfbc6d6b721764803d8d95bdab6a7,True,RACE_WINNER,0xa58d4f278d7953cd38eeb929f7e242bfc7c0b9b8,BUY,RECONSTRUCTED_FROM_SIGNED_ORDER_SIDE,57155,arkansas-governor-winner-2026,Arkansas Governor Election Winner,TRADE_FILL,0xf3509b6fe0d1d17f2b5d18e0ea20c97dba5e0a3ac6b0cbaed646ecee485fea49:260:102338577209265315381870206199608266895858545057511455426333199851251620807909,0xdab2a45cdb460dde36d3ef90e89222f5251bfbc6d6b721764803d8d95bdab6a7,f636859399a3d6c26785f0a25587b2c20fc92798ae03ccf80d5cc480085b7fa1,"[""V2:157:629284"",""V2:158:629284""]","[""EXACT_EQUIVALENT"",""NONEXHAUSTIVE_PARTITION""]",260,0x076ca0207aaa48365da2eb6a917edcbdee5e4e7b,True,False,2025-10-09T22:42:12.874252Z,,629284,True,Will the Republicans win the Arkansas governor race in 2026?,will-the-republicans-win-the-arkansas-governor-race-in-2026,2025-10-13T23:27:33.614092Z,EXACT_STRUCTURAL,False,MAKER,Yes,0x076ca0207aaa48365da2eb6a917edcbdee5e4e7b,maker_address owns the signed order; counterparty is taker_address,0.928,"[""CONDITIONAL_OUTCOME""]",buy,"[""846"",""847""]","[""157"",""158""]",20.0,POLYLEVIATHAN_OCI_TRADES,349306583,5a60b766-bbd5-4d49-aa50-0b4f34f0cad8,custody/2025-10-14.parquet,,55157984,2ea04075-d453-45a1-a4f0-1c70f2195cc6,trades/2025-10-14.parquet,,POLYLEVIATHAN_TRADES_LAKE_CANONICAL,0xa58d4f278d7953cd38eeb929f7e242bfc7c0b9b8,1760406275,2025-10-14T01:44:35Z,102338577209265315381870206199608266895858545057511455426333199851251620807909,0xf3509b6fe0d1d17f2b5d18e0ea20c97dba5e0a3ac6b0cbaed646ecee485fea49,18.56
FILLS_P1,P1,77651380,CUSTODY_TX_HASH_JOIN,0xdab2a45cdb460dde36d3ef90e89222f5251bfbc6d6b721764803d8d95bdab6a7,True,RACE_WINNER,0x5799a06d2163458af487588cbd96eaffa99d356d,SELL,RECONSTRUCTED_FROM_SIGNED_ORDER_SIDE,57155,arkansas-governor-winner-2026,Arkansas Governor Election Winner,TRADE_FILL,0xee34e448e553f43feabcf81936ff09d75612899ca564653da8895b192ec03d1f:158:102338577209265315381870206199608266895858545057511455426333199851251620807909,0xdab2a45cdb460dde36d3ef90e89222f5251bfbc6d6b721764803d8d95bdab6a7,f636859399a3d6c26785f0a25587b2c20fc92798ae03ccf80d5cc480085b7fa1,"[""V2:157:629284"",""V2:158:629284""]","[""EXACT_EQUIVALENT"",""NONEXHAUSTIVE_PARTITION""]",158,0x076ca0207aaa48365da2eb6a917edcbdee5e4e7b,True,False,2025-10-09T22:42:12.874252Z,,629284,True,Will the Republicans win the Arkansas governor race in 2026?,will-the-republicans-win-the-arkansas-governor-race-in-2026,2025-10-13T23:27:33.614092Z,EXACT_STRUCTURAL,False,MAKER,Yes,0x076ca0207aaa48365da2eb6a917edcbdee5e4e7b,maker_address owns the signed order; counterparty is taker_address,0.947,"[""CONDITIONAL_OUTCOME""]",sell,"[""846"",""847""]","[""157"",""158""]",18.5533,POLYLEVIATHAN_OCI_TRADES,349306583,5a60b766-bbd5-4d49-aa50-0b4f34f0cad8,custody/2025-10-14.parquet,,55157984,2ea04075-d453-45a1-a4f0-1c70f2195cc6,trades/2025-10-14.parquet,,POLYLEVIATHAN_TRADES_LAKE_CANONICAL,0x5799a06d2163458af487588cbd96eaffa99d356d,1760407435,2025-10-14T02:03:55Z,102338577209265315381870206199608266895858545057511455426333199851251620807909,0xee34e448e553f43feabcf81936ff09d75612899ca564653da8895b192ec03d1f,17.57
FILLS_P1,P1,77651380,CUSTODY_TX_HASH_JOIN,0xdab2a45cdb460dde36d3ef90e89222f5251bfbc6d6b721764803d8d95bdab6a7,True,RACE_WINNER,0xc5d563a36ae78145c45a50134d48a1215220f80a,BUY,RECONSTRUCTED_FROM_SIGNED_ORDER_SIDE,57155,arkansas-governor-winner-2026,Arkansas Governor Election Winner,TRADE_FILL,0xee34e448e553f43feabcf81936ff09d75612899ca564653da8895b192ec03d1f:160:102338577209265315381870206199608266895858545057511455426333199851251620807909,0xdab2a45cdb460dde36d3ef90e89222f5251bfbc6d6b721764803d8d95bdab6a7,f636859399a3d6c26785f0a25587b2c20fc92798ae03ccf80d5cc480085b7fa1,"[""V2:157:629284"",""V2:158:629284""]","[""EXACT_EQUIVALENT"",""NONEXHAUSTIVE_PARTITION""]",160,0x5799a06d2163458af487588cbd96eaffa99d356d,True,False,2025-10-09T22:42:12.874252Z,,629284,True,Will the Republicans win the Arkansas governor race in 2026?,will-the-republicans-win-the-arkansas-governor-race-in-2026,2025-10-13T23:27:33.614092Z,EXACT_STRUCTURAL,True,TAKER,Yes,0x5799a06d2163458af487588cbd96eaffa99d356d,maker_address owns the signed order; counterparty is taker_address,0.947,"[""CONDITIONAL_OUTCOME""]",buy,"[""846"",""847""]","[""157"",""158""]",18.5533,POLYLEVIATHAN_OCI_TRADES,349306583,5a60b766-bbd5-4d49-aa50-0b4f34f0cad8,custody/2025-10-14.parquet,,55157984,2ea04075-d453-45a1-a4f0-1c70f2195cc6,trades/2025-10-14.parquet,,POLYLEVIATHAN_TRADES_LAKE_CANONICAL,0xc5d563a36ae78145c45a50134d48a1215220f80a,1760407435,2025-10-14T02:03:55Z,102338577209265315381870206199608266895858545057511455426333199851251620807909,0xee34e448e553f43feabcf81936ff09d75612899ca564653da8895b192ec03d1f,17.57
FILLS_P1,P1,77654329,CUSTODY_TX_HASH_JOIN,0xdab2a45cdb460dde36d3ef90e89222f5251bfbc6d6b721764803d8d95bdab6a7,True,RACE_WINNER,0xc5d563a36ae78145c45a50134d48a1215220f80a,BUY,RECONSTRUCTED_FROM_SIGNED_ORDER_SIDE,57155,arkansas-governor-winner-2026,Arkansas Governor Election Winner,TRADE_FILL,0xd8e3899888d8767bb6d8c8367e6bff55ca53e5699360c6d2bdfeae1ac3a55e90:217:102338577209265315381870206199608266895858545057511455426333199851251620807909,0xdab2a45cdb460dde36d3ef90e89222f5251bfbc6d6b721764803d8d95bdab6a7,f636859399a3d6c26785f0a25587b2c20fc92798ae03ccf80d5cc480085b7fa1,"[""V2:157:629284"",""V2:158:629284""]","[""EXACT_EQUIVALENT"",""NONEXHAUSTIVE_PARTITION""]",217,0x4199a2fce252248448c7033da04c6ea04bc629f0,True,False,2025-10-09T22:42:12.874252Z,,629284,True,Will the Republicans win the Arkansas governor race in 2026?,will-the-republicans-win-the-arkansas-governor-race-in-2026,2025-10-13T23:27:33.614092Z,EXACT_STRUCTURAL,True,TAKER,Yes,0x4199a2fce252248448c7033da04c6ea04bc629f0,maker_address owns the signed order; counterparty is taker_address,0.946,"[""CONDITIONAL_OUTCOME""]",buy,"[""846"",""847""]","[""157"",""158""]",2.1141,POLYLEVIATHAN_OCI_TRADES,349306583,5a60b766-bbd5-4d49-aa50-0b4f34f0cad8,custody/2025-10-14.parquet,,55157984,2ea04075-d453-45a1-a4f0-1c70f2195cc6,trades/2025-10-14.parquet,,POLYLEVIATHAN_TRADES_LAKE_CANONICAL,0xc5d563a36ae78145c45a50134d48a1215220f80a,1760413333,2025-10-14T03:42:13Z,102338577209265315381870206199608266895858545057511455426333199851251620807909,0xd8e3899888d8767bb6d8c8367e6bff55ca53e5699360c6d2bdfeae1ac3a55e90,2.0
FILLS_P1,P1,77656525,CUSTODY_TX_HASH_JOIN,0xdab2a45cdb460dde36d3ef90e89222f5251bfbc6d6b721764803d8d95bdab6a7,True,RACE_WINNER,0xc72b7db4ba3cc69620933c00eb21dc5ad79e3756,BUY,RECONSTRUCTED_FROM_SIGNED_ORDER_SIDE,57155,arkansas-governor-winner-2026,Arkansas Governor Election Winner,TRADE_FILL,0x4b997e900fc9c49e388b08c99fff542d6d833c07c1786a28f707b4d6244fc267:305:102338577209265315381870206199608266895858545057511455426333199851251620807909,0xdab2a45cdb460dde36d3ef90e89222f5251bfbc6d6b721764803d8d95bdab6a7,f636859399a3d6c26785f0a25587b2c20fc92798ae03ccf80d5cc480085b7fa1,"[""V2:157:629284"",""V2:158:629284""]","[""EXACT_EQUIVALENT"",""NONEXHAUSTIVE_PARTITION""]",305,0x0db290495bbde756199381b4ff2389c7c1e54e2f,True,False,2025-10-09T22:42:12.874252Z,,629284,True,Will the Republicans win the Arkansas governor race in 2026?,will-the-republicans-win-the-arkansas-governor-race-in-2026,2025-10-13T23:27:33.614092Z,EXACT_STRUCTURAL,False,MAKER,Yes,0x0db290495bbde756199381b4ff2389c7c1e54e2f,maker_address owns the signed order; counterparty is taker_address,0.93,"[""CONDITIONAL_OUTCOME""]",buy,"[""846"",""847""]","[""157"",""158""]",27.87,POLYLEVIATHAN_OCI_TRADES,349306583,5a60b766-bbd5-4d49-aa50-0b4f34f0cad8,custody/2025-10-14.parquet,,55157984,2ea04075-d453-45a1-a4f0-1c70f2195cc6,trades/2025-10-14.parquet,,POLYLEVIATHAN_TRADES_LAKE_CANONICAL,0xc72b7db4ba3cc69620933c00eb21dc5ad79e3756,1760417725,2025-10-14T04:55:25Z,102338577209265315381870206199608266895858545057511455426333199851251620807909,0x4b997e900fc9c49e388b08c99fff542d6d833c07c1786a28f707b4d6244fc267,25.9191
FILLS_P1,P1,77658047,CUSTODY_TX_HASH_JOIN,0xdab2a45cdb460dde36d3ef90e89222f5251bfbc6d6b721764803d8d95bdab6a7,True,RACE_WINNER,0x0db290495bbde756199381b4ff2389c7c1e54e2f,BUY,RECONSTRUCTED_FROM_SIGNED_ORDER_SIDE,57155,arkansas-governor-winner-2026,Arkansas Governor Election Winner,TRADE_FILL,0x4959a5a624eb85962a30c50ecc4259a36e2dbf7b2cec4a82d3002270b10f1ab1:384:102338577209265315381870206199608266895858545057511455426333199851251620807909,0xdab2a45cdb460dde36d3ef90e89222f5251bfbc6d6b721764803d8d95bdab6a7,f636859399a3d6c26785f0a25587b2c20fc92798ae03ccf80d5cc480085b7fa1,"[""V2:157:629284"",""V2:158:629284""]","[""EXACT_EQUIVALENT"",""NONEXHAUSTIVE_PARTITION""]",384,0x076ca0207aaa48365da2eb6a917edcbdee5e4e7b,True,False,2025-10-09T22:42:12.874252Z,,629284,True,Will the Republicans win the Arkansas governor race in 2026?,will-the-republicans-win-the-arkansas-governor-race-in-2026,2025-10-13T23:27:33.614092Z,EXACT_STRUCTURAL,False,MAKER,Yes,0x076ca0207aaa48365da2eb6a917edcbdee5e4e7b,maker_address owns the signed order; counterparty is taker_address,0.921,"[""CONDITIONAL_OUTCOME""]",buy,"[""846"",""847""]","[""157"",""158""]",20.0,POLYLEVIATHAN_OCI_TRADES,349306583,5a60b766-bbd5-4d49-aa50-0b4f34f0cad8,custody/2025-10-14.parquet,,55157984,2ea04075-d453-45a1-a4f0-1c70f2195cc6,trades/2025-10-14.parquet,,POLYLEVIATHAN_TRADES_LAKE_CANONICAL,0x0db290495bbde756199381b4ff2389c7c1e54e2f,1760420769,2025-10-14T05:46:09Z,102338577209265315381870206199608266895858545057511455426333199851251620807909,0x4959a5a624eb85962a30c50ecc4259a36e2dbf7b2cec4a82d3002270b10f1ab1,18.42
FILLS_P1,P1,77658047,CUSTODY_TX_HASH_JOIN,0xdab2a45cdb460dde36d3ef90e89222f5251bfbc6d6b721764803d8d95bdab6a7,True,RACE_WINNER,0xc5d563a36ae78145c45a50134d48a1215220f80a,SELL,RECONSTRUCTED_FROM_SIGNED_ORDER_SIDE,57155,arkansas-governor-winner-2026,Arkansas Governor Election Winner,TRADE_FILL,0x4959a5a624eb85962a30c50ecc4259a36e2dbf7b2cec4a82d3002270b10f1ab1:386:102338577209265315381870206199608266895858545057511455426333199851251620807909,0xdab2a45cdb460dde36d3ef90e89222f5251bfbc6d6b721764803d8d95bdab6a7,f636859399a3d6c26785f0a25587b2c20fc92798ae03ccf80d5cc480085b7fa1,"[""V2:157:629284"",""V2:158:629284""]","[""EXACT_EQUIVALENT"",""NONEXHAUSTIVE_PARTITION""]",386,0x0db290495bbde756199381b4ff2389c7c1e54e2f,True,False,2025-10-09T22:42:12.874252Z,,629284,True,Will the Republicans win the Arkansas governor race in 2026?,will-the-republicans-win-the-arkansas-governor-race-in-2026,2025-10-13T23:27:33.614092Z,EXACT_STRUCTURAL,True,TAKER,Yes,0x0db290495bbde756199381b4ff2389c7c1e54e2f,maker_address owns the signed order; counterparty is taker_address,0.921,"[""CONDITIONAL_OUTCOME""]",sell,"[""846"",""847""]","[""157"",""158""]",20.0,POLYLEVIATHAN_OCI_TRADES,349306583,5a60b766-bbd5-4d49-aa50-0b4f34f0cad8,custody/2025-10-14.parquet,,55157984,2ea04075-d453-45a1-a4f0-1c70f2195cc6,trades/2025-10-14.parquet,,POLYLEVIATHAN_TRADES_LAKE_CANONICAL,0xc5d563a36ae78145c45a50134d48a1215220f80a,1760420769,2025-10-14T05:46:09Z,102338577209265315381870206199608266895858545057511455426333199851251620807909,0x4959a5a624eb85962a30c50ecc4259a36e2dbf7b2cec4a82d3002270b10f1ab1,18.42
FILLS_P1,P1,77658196,CUSTODY_TX_HASH_JOIN,0xdab2a45cdb460dde36d3ef90e89222f5251bfbc6d6b721764803d8d95bdab6a7,True,RACE_WINNER,0x469d7e39e32bec2cf996bcd76a49df66a58c370b,SELL,RECONSTRUCTED_FROM_SIGNED_ORDER_SIDE,57155,arkansas-governor-winner-2026,Arkansas Governor Election Winner,TRADE_FILL,0xaf145eeec6699000940817d08a311d0e4015d01eff8365d945005bd63e9af442:364:102338577209265315381870206199608266895858545057511455426333199851251620807909,0xdab2a45cdb460dde36d3ef90e89222f5251bfbc6d6b721764803d8d95bdab6a7,f636859399a3d6c26785f0a25587b2c20fc92798ae03ccf80d5cc480085b7fa1,"[""V2:157:629284"",""V2:158:629284""]","[""EXACT_EQUIVALENT"",""NONEXHAUSTIVE_PARTITION""]",364,0x076ca0207aaa48365da2eb6a917edcbdee5e4e7b,True,False,2025-10-09T22:42:12.874252Z,,629284,True,Will the Republicans win the Arkansas governor race in 2026?,will-the-republicans-win-the-arkansas-governor-race-in-2026,2025-10-13T23:27:33.614092Z,EXACT_STRUCTURAL,False,MAKER,Yes,0x076ca0207aaa48365da2eb6a917edcbdee5e4e7b,maker_address owns the signed order; counterparty is taker_address,0.932,"[""CONDITIONAL_OUTCOME""]",sell,"[""846"",""847""]","[""157"",""158""]",3.2189,POLYLEVIATHAN_OCI_TRADES,349306583,5a60b766-bbd5-4d49-aa50-0b4f34f0cad8,custody/2025-10-14.parquet,,55157984,2ea04075-d453-45a1-a4f0-1c70f2195cc6,trades/2025-10-14.parquet,,POLYLEVIATHAN_TRADES_LAKE_CANONICAL,0x469d7e39e32bec2cf996bcd76a49df66a58c370b,1760421067,2025-10-14T05:51:07Z,102338577209265315381870206199608266895858545057511455426333199851251620807909,0xaf145eeec6699000940817d08a311d0e4015d01eff8365d945005bd63e9af442,3.0
FILLS_P1,P1,77658196,CUSTODY_TX_HASH_JOIN,0xdab2a45cdb460dde36d3ef90e89222f5251bfbc6d6b721764803d8d95bdab6a7,True,RACE_WINNER,0xc5d563a36ae78145c45a50134d48a1215220f80a,BUY,RECONSTRUCTED_FROM_SIGNED_ORDER_SIDE,57155,arkansas-governor-winner-2026,Arkansas Governor Election Winner,TRADE_FILL,0xaf145eeec6699000940817d08a311d0e4015d01eff8365d945005bd63e9af442:366:102338577209265315381870206199608266895858545057511455426333199851251620807909,0xdab2a45cdb460dde36d3ef90e89222f5251bfbc6d6b721764803d8d95bdab6a7,f636859399a3d6c26785f0a25587b2c20fc92798ae03ccf80d5cc480085b7fa1,"[""V2:157:629284"",""V2:158:629284""]","[""EXACT_EQUIVALENT"",""NONEXHAUSTIVE_PARTITION""]",366,0x469d7e39e32bec2cf996bcd76a49df66a58c370b,True,False,2025-10-09T22:42:12.874252Z,,629284,True,Will the Republicans win the Arkansas governor race in 2026?,will-the-republicans-win-the-arkansas-governor-race-in-2026,2025-10-13T23:27:33.614092Z,EXACT_STRUCTURAL,True,TAKER,Yes,0x469d7e39e32bec2cf996bcd76a49df66a58c370b,maker_address owns the signed order; counterparty is taker_address,0.932,"[""CONDITIONAL_OUTCOME""]",buy,"[""846"",""847""]","[""157"",""158""]",3.2189,POLYLEVIATHAN_OCI_TRADES,349306583,5a60b766-bbd5-4d49-aa50-0b4f34f0cad8,custody/2025-10-14.parquet,,55157984,2ea04075-d453-45a1-a4f0-1c70f2195cc6,trades/2025-10-14.parquet,,POLYLEVIATHAN_TRADES_LAKE_CANONICAL,0xc5d563a36ae78145c45a50134d48a1215220f80a,1760421067,2025-10-14T05:51:07Z,102338577209265315381870206199608266895858545057511455426333199851251620807909,0xaf145eeec6699000940817d08a311d0e4015d01eff8365d945005bd63e9af442,3.0
FILLS_P1,P1,77658199,CUSTODY_TX_HASH_JOIN,0xdab2a45cdb460dde36d3ef90e89222f5251bfbc6d6b721764803d8d95bdab6a7,True,RACE_WINNER,0x469d7e39e32bec2cf996bcd76a49df66a58c370b,BUY,RECONSTRUCTED_FROM_SIGNED_ORDER_SIDE,57155,arkansas-governor-winner-2026,Arkansas Governor Election Winner,TRADE_FILL,0x7de800eac9094a960ee964940ebcc5110999322230de9ee9c5da23ce553d91bb:663:102338577209265315381870206199608266895858545057511455426333199851251620807909,0xdab2a45cdb460dde36d3ef90e89222f5251bfbc6d6b721764803d8d95bdab6a7,f636859399a3d6c26785f0a25587b2c20fc92798ae03ccf80d5cc480085b7fa1,"[""V2:157:629284"",""V2:158:629284""]","[""EXACT_EQUIVALENT"",""NONEXHAUSTIVE_PARTITION""]",663,0x0db290495bbde756199381b4ff2389c7c1e54e2f,True,False,2025-10-09T22:42:12.874252Z,,629284,True,Will the Republicans win the Arkansas governor race in 2026?,will-the-republicans-win-the-arkansas-governor-race-in-2026,2025-10-13T23:27:33.614092Z,EXACT_STRUCTURAL,False,MAKER,Yes,0x0db290495bbde756199381b4ff2389c7c1e54e2f,maker_address owns the signed order; counterparty is taker_address,0.93,"[""CONDITIONAL_OUTCOME""]",buy,"[""846"",""847""]","[""157"",""158""]",3.0,POLYLEVIATHAN_OCI_TRADES,349306583,5a60b766-bbd5-4d49-aa50-0b4f34f0cad8,custody/2025-10-14.parquet,,55157984,2ea04075-d453-45a1-a4f0-1c70f2195cc6,trades/2025-10-14.parquet,,POLYLEVIATHAN_TRADES_LAKE_CANONICAL,0x469d7e39e32bec2cf996bcd76a49df66a58c370b,1760421073,2025-10-14T05:51:13Z,102338577209265315381870206199608266895858545057511455426333199851251620807909,0x7de800eac9094a960ee964940ebcc5110999322230de9ee9c5da23ce553d91bb,2.79
FILLS_P1,P1,77658199,CUSTODY_TX_HASH_JOIN,0xdab2a45cdb460dde36d3ef90e89222f5251bfbc6d6b721764803d8d95bdab6a7,True,RACE_WINNER,0xc5d563a36ae78145c45a50134d48a1215220f80a,SELL,RECONSTRUCTED_FROM_SIGNED_ORDER_SIDE,57155,arkansas-governor-winner-2026,Arkansas Governor Election Winner,TRADE_FILL,0x7de800eac9094a960ee964940ebcc5110999322230de9ee9c5da23ce553d91bb:665:102338577209265315381870206199608266895858545057511455426333199851251620807909,0xdab2a45cdb460dde36d3ef90e89222f5251bfbc6d6b721764803d8d95bdab6a7,f636859399a3d6c26785f0a25587b2c20fc92798ae03ccf80d5cc480085b7fa1,"[""V2:157:629284"",""V2:158:629284""]","[""EXACT_EQUIVALENT"",""NONEXHAUSTIVE_PARTITION""]",665,0x469d7e39e32bec2cf996bcd76a49df66a58c370b,True,False,2025-10-09T22:42:12.874252Z,,629284,True,Will the Republicans win the Arkansas governor race in 2026?,will-the-republicans-win-the-arkansas-governor-race-in-2026,2025-10-13T23:27:33.614092Z,EXACT_STRUCTURAL,True,TAKER,Yes,0x469d7e39e32bec2cf996bcd76a49df66a58c370b,maker_address owns the signed order; counterparty is taker_address,0.93,"[""CONDITIONAL_OUTCOME""]",sell,"[""846"",""847""]","[""157"",""158""]",3.0,POLYLEVIATHAN_OCI_TRADES,349306583,5a60b766-bbd5-4d49-aa50-0b4f34f0cad8,custody/2025-10-14.parquet,,55157984,2ea04075-d453-45a1-a4f0-1c70f2195cc6,trades/2025-10-14.parquet,,POLYLEVIATHAN_TRADES_LAKE_CANONICAL,0xc5d563a36ae78145c45a50134d48a1215220f80a,1760421073,2025-10-14T05:51:13Z,102338577209265315381870206199608266895858545057511455426333199851251620807909,0x7de800eac9094a960ee964940ebcc5110999322230de9ee9c5da23ce553d91bb,2.79
FILLS_P1,P1,77658202,CUSTODY_TX_HASH_JOIN,0xdab2a45cdb460dde36d3ef90e89222f5251bfbc6d6b721764803d8d95bdab6a7,True,RACE_WINNER,0x469d7e39e32bec2cf996bcd76a49df66a58c370b,SELL,RECONSTRUCTED_FROM_SIGNED_ORDER_SIDE,57155,arkansas-governor-winner-2026,Arkansas Governor Election Winner,TRADE_FILL,0x6e8c21dab4355e3aa4956cb52c96f83875a701e6331e358c10234744db97c947:1059:102338577209265315381870206199608266895858545057511455426333199851251620807909,0xdab2a45cdb460dde36d3ef90e89222f5251bfbc6d6b721764803d8d95bdab6a7,f636859399a3d6c26785f0a25587b2c20fc92798ae03ccf80d5cc480085b7fa1,"[""V2:157:629284"",""V2:158:629284""]","[""EXACT_EQUIVALENT"",""NONEXHAUSTIVE_PARTITION""]",1059,0x076ca0207aaa48365da2eb6a917edcbdee5e4e7b,True,False,2025-10-09T22:42:12.874252Z,,629284,True,Will the Republicans win the Arkansas governor race in 2026?,will-the-republicans-win-the-arkansas-governor-race-in-2026,2025-10-13T23:27:33.614092Z,EXACT_STRUCTURAL,False,MAKER,Yes,0x076ca0207aaa48365da2eb6a917edcbdee5e4e7b,maker_address owns the signed order; counterparty is taker_address,0.932,"[""CONDITIONAL_OUTCOME""]",sell,"[""846"",""847""]","[""157"",""158""]",3.2189,POLYLEVIATHAN_OCI_TRADES,349306583,5a60b766-bbd5-4d49-aa50-0b4f34f0cad8,custody/2025-10-14.parquet,,55157984,2ea04075-d453-45a1-a4f0-1c70f2195cc6,trades/2025-10-14.parquet,,POLYLEVIATHAN_TRADES_LAKE_CANONICAL,0x469d7e39e32bec2cf996bcd76a49df66a58c370b,1760421079,2025-10-14T05:51:19Z,102338577209265315381870206199608266895858545057511455426333199851251620807909,0x6e8c21dab4355e3aa4956cb52c96f83875a701e6331e358c10234744db97c947,3.0
FILLS_P1,P1,77658202,CUSTODY_TX_HASH_JOIN,0xdab2a45cdb460dde36d3ef90e89222f5251bfbc6d6b721764803d8d95bdab6a7,True,RACE_WINNER,0xc5d563a36ae78145c45a50134d48a1215220f80a,BUY,RECONSTRUCTED_FROM_SIGNED_ORDER_SIDE,57155,arkansas-governor-winner-2026,Arkansas Governor Election Winner,TRADE_FILL,0x6e8c21dab4355e3aa4956cb52c96f83875a701e6331e358c10234744db97c947:1061:102338577209265315381870206199608266895858545057511455426333199851251620807909,0xdab2a45cdb460dde36d3ef90e89222f5251bfbc6d6b721764803d8d95bdab6a7,f636859399a3d6c26785f0a25587b2c20fc92798ae03ccf80d5cc480085b7fa1,"[""V2:157:629284"",""V2:158:629284""]","[""EXACT_EQUIVALENT"",""NONEXHAUSTIVE_PARTITION""]",1061,0x469d7e39e32bec2cf996bcd76a49df66a58c370b,True,False,2025-10-09T22:42:12.874252Z,,629284,True,Will the Republicans win the Arkansas governor race in 2026?,will-the-republicans-win-the-arkansas-governor-race-in-2026,2025-10-13T23:27:33.614092Z,EXACT_STRUCTURAL,True,TAKER,Yes,0x469d7e39e32bec2cf996bcd76a49df66a58c370b,maker_address owns the signed order; counterparty is taker_address,0.932,"[""CONDITIONAL_OUTCOME""]",buy,"[""846"",""847""]","[""157"",""158""]",3.2189,POLYLEVIATHAN_OCI_TRADES,349306583,5a60b766-bbd5-4d49-aa50-0b4f34f0cad8,custody/2025-10-14.parquet,,55157984,2ea04075-d453-45a1-a4f0-1c70f2195cc6,trades/2025-10-14.parquet,,POLYLEVIATHAN_TRADES_LAKE_CANONICAL,0xc5d563a36ae78145c45a50134d48a1215220f80a,1760421079,2025-10-14T05:51:19Z,102338577209265315381870206199608266895858545057511455426333199851251620807909,0x6e8c21dab4355e3aa4956cb52c96f83875a701e6331e358c10234744db97c947,3.0
FILLS_P1,P1,77658987,CUSTODY_TX_HASH_JOIN,0xdab2a45cdb460dde36d3ef90e89222f5251bfbc6d6b721764803d8d95bdab6a7,True,RACE_WINNER,0x0acde3d09972349da7284e15b073c3d6945f34fd,SELL,RECONSTRUCTED_FROM_SIGNED_ORDER_SIDE,57155,arkansas-governor-winner-2026,Arkansas Governor Election Winner,TRADE_FILL,0xe97aaa3c94b48b508c3dd64f53b01e8f944fcd30355ed0b1193b64af498dd782:468:102338577209265315381870206199608266895858545057511455426333199851251620807909,0xdab2a45cdb460dde36d3ef90e89222f5251bfbc6d6b721764803d8d95bdab6a7,f636859399a3d6c26785f0a25587b2c20fc92798ae03ccf80d5cc480085b7fa1,"[""V2:157:629284"",""V2:158:629284""]","[""EXACT_EQUIVALENT"",""NONEXHAUSTIVE_PARTITION""]",468,0x076ca0207aaa48365da2eb6a917edcbdee5e4e7b,True,False,2025-10-09T22:42:12.874252Z,,629284,True,Will the Republicans win the Arkansas governor race in 2026?,will-the-republicans-win-the-arkansas-governor-race-in-2026,2025-10-13T23:27:33.614092Z,EXACT_STRUCTURAL,False,MAKER,Yes,0x076ca0207aaa48365da2eb6a917edcbdee5e4e7b,maker_address owns the signed order; counterparty is taker_address,0.935,"[""CONDITIONAL_OUTCOME""]",sell,"[""846"",""847""]","[""157"",""158""]",1.0695,POLYLEVIATHAN_OCI_TRADES,349306583,5a60b766-bbd5-4d49-aa50-0b4f34f0cad8,custody/2025-10-14.parquet,,55157984,2ea04075-d453-45a1-a4f0-1c70f2195cc6,trades/2025-10-14.parquet,,POLYLEVIATHAN_TRADES_LAKE_CANONICAL,0x0acde3d09972349da7284e15b073c3d6945f34fd,1760422649,2025-10-14T06:17:29Z,102338577209265315381870206199608266895858545057511455426333199851251620807909,0xe97aaa3c94b48b508c3dd64f53b01e8f944fcd30355ed0b1193b64af498dd782,1.0
FILLS_P1,P1,77658987,CUSTODY_TX_HASH_JOIN,0xdab2a45cdb460dde36d3ef90e89222f5251bfbc6d6b721764803d8d95bdab6a7,True,RACE_WINNER,0xc5d563a36ae78145c45a50134d48a1215220f80a,BUY,RECONSTRUCTED_FROM_SIGNED_ORDER_SIDE,57155,arkansas-governor-winner-2026,Arkansas Governor Election Winner,TRADE_FILL,0xe97aaa3c94b48b508c3dd64f53b01e8f944fcd30355ed0b1193b64af498dd782:470:102338577209265315381870206199608266895858545057511455426333199851251620807909,0xdab2a45cdb460dde36d3ef90e89222f5251bfbc6d6b721764803d8d95bdab6a7,f636859399a3d6c26785f0a25587b2c20fc92798ae03ccf80d5cc480085b7fa1,"[""V2:157:629284"",""V2:158:629284""]","[""EXACT_EQUIVALENT"",""NONEXHAUSTIVE_PARTITION""]",470,0x0acde3d09972349da7284e15b073c3d6945f34fd,True,False,2025-10-09T22:42:12.874252Z,,629284,True,Will the Republicans win the Arkansas governor race in 2026?,will-the-republicans-win-the-arkansas-governor-race-in-2026,2025-10-13T23:27:33.614092Z,EXACT_STRUCTURAL,True,TAKER,Yes,0x0acde3d09972349da7284e15b073c3d6945f34fd,maker_address owns the signed order; counterparty is taker_address,0.935,"[""CONDITIONAL_OUTCOME""]",buy,"[""846"",""847""]","[""157"",""158""]",1.0695,POLYLEVIATHAN_OCI_TRADES,349306583,5a60b766-bbd5-4d49-aa50-0b4f34f0cad8,custody/2025-10-14.parquet,,55157984,2ea04075-d453-45a1-a4f0-1c70f2195cc6,trades/2025-10-14.parquet,,POLYLEVIATHAN_TRADES_LAKE_CANONICAL,0xc5d563a36ae78145c45a50134d48a1215220f80a,1760422649,2025-10-14T06:17:29Z,102338577209265315381870206199608266895858545057511455426333199851251620807909,0xe97aaa3c94b48b508c3dd64f53b01e8f944fcd30355ed0b1193b64af498dd782,1.0
FILLS_P1,P1,77670903,CUSTODY_TX_HASH_JOIN,0xdab2a45cdb460dde36d3ef90e89222f5251bfbc6d6b721764803d8d95bdab6a7,True,RACE_WINNER,0x84bd63bd027660dbade1fe92e73b4cf571b12429,SELL,RECONSTRUCTED_FROM_SIGNED_ORDER_SIDE,57155,arkansas-governor-winner-2026,Arkansas Governor Election Winner,TRADE_FILL,0x45aef98d0a2849fe491559768c0b4ba3e0babe40d4d487bfe7d2cbfbf9f7bee3:304:102338577209265315381870206199608266895858545057511455426333199851251620807909,0xdab2a45cdb460dde36d3ef90e89222f5251bfbc6d6b721764803d8d95bdab6a7,f636859399a3d6c26785f0a25587b2c20fc92798ae03ccf80d5cc480085b7fa1,"[""V2:157:629284"",""V2:158:629284""]","[""EXACT_EQUIVALENT"",""NONEXHAUSTIVE_PARTITION""]",304,0x076ca0207aaa48365da2eb6a917edcbdee5e4e7b,True,False,2025-10-09T22:42:12.874252Z,,629284,True,Will the Republicans win the Arkansas governor race in 2026?,will-the-republicans-win-the-arkansas-governor-race-in-2026,2025-10-13T23:27:33.614092Z,EXACT_STRUCTURAL,False,MAKER,Yes,0x076ca0207aaa48365da2eb6a917edcbdee5e4e7b,maker_address owns the signed order; counterparty is taker_address,0.933999,"[""CONDITIONAL_OUTCOME""]",sell,"[""846"",""847""]","[""157"",""158""]",1.1777,POLYLEVIATHAN_OCI_TRADES,349306583,5a60b766-bbd5-4d49-aa50-0b4f34f0cad8,custody/2025-10-14.parquet,,55157984,2ea04075-d453-45a1-a4f0-1c70f2195cc6,trades/2025-10-14.parquet,,POLYLEVIATHAN_TRADES_LAKE_CANONICAL,0x84bd63bd027660dbade1fe92e73b4cf571b12429,1760446481,2025-10-14T12:54:41Z,102338577209265315381870206199608266895858545057511455426333199851251620807909,0x45aef98d0a2849fe491559768c0b4ba3e0babe40d4d487bfe7d2cbfbf9f7bee3,1.1
FILLS_P1,P1,77670903,CUSTODY_TX_HASH_JOIN,0xdab2a45cdb460dde36d3ef90e89222f5251bfbc6d6b721764803d8d95bdab6a7,True,RACE_WINNER,0xc5d563a36ae78145c45a50134d48a1215220f80a,BUY,RECONSTRUCTED_FROM_SIGNED_ORDER_SIDE,57155,arkansas-governor-winner-2026,Arkansas Governor Election Winner,TRADE_FILL,0x45aef98d0a2849fe491559768c0b4ba3e0babe40d4d487bfe7d2cbfbf9f7bee3:306:102338577209265315381870206199608266895858545057511455426333199851251620807909,0xdab2a45cdb460dde36d3ef90e89222f5251bfbc6d6b721764803d8d95bdab6a7,f636859399a3d6c26785f0a25587b2c20fc92798ae03ccf80d5cc480085b7fa1,"[""V2:157:629284"",""V2:158:629284""]","[""EXACT_EQUIVALENT"",""NONEXHAUSTIVE_PARTITION""]",306,0x84bd63bd027660dbade1fe92e73b4cf571b12429,True,False,2025-10-09T22:42:12.874252Z,,629284,True,Will the Republicans win the Arkansas governor race in 2026?,will-the-republicans-win-the-arkansas-governor-race-in-2026,2025-10-13T23:27:33.614092Z,EXACT_STRUCTURAL,True,TAKER,Yes,0x84bd63bd027660dbade1fe92e73b4cf571b12429,maker_address owns the signed order; counterparty is taker_address,0.933999,"[""CONDITIONAL_OUTCOME""]",buy,"[""846"",""847""]","[""157"",""158""]",1.1777,POLYLEVIATHAN_OCI_TRADES,349306583,5a60b766-bbd5-4d49-aa50-0b4f34f0cad8,custody/2025-10-14.parquet,,55157984,2ea04075-d453-45a1-a4f0-1c70f2195cc6,trades/2025-10-14.parquet,,POLYLEVIATHAN_TRADES_LAKE_CANONICAL,0xc5d563a36ae78145c45a50134d48a1215220f80a,1760446481,2025-10-14T12:54:41Z,102338577209265315381870206199608266895858545057511455426333199851251620807909,0x45aef98d0a2849fe491559768c0b4ba3e0babe40d4d487bfe7d2cbfbf9f7bee3,1.1
FILLS_P1,P1,77679830,CUSTODY_TX_HASH_JOIN,0xdab2a45cdb460dde36d3ef90e89222f5251bfbc6d6b721764803d8d95bdab6a7,True,RACE_WINNER,0x0acde3d09972349da7284e15b073c3d6945f34fd,BUY,RECONSTRUCTED_FROM_SIGNED_ORDER_SIDE,57155,arkansas-governor-winner-2026,Arkansas Governor Election Winner,TRADE_FILL,0x1afe039ca4846ed2b1cfd39fcdcf346a0acd3eb5fcf9eb44f60276e3406d4f82:119:102338577209265315381870206199608266895858545057511455426333199851251620807909,0xdab2a45cdb460dde36d3ef90e89222f5251bfbc6d6b721764803d8d95bdab6a7,f636859399a3d6c26785f0a25587b2c20fc92798ae03ccf80d5cc480085b7fa1,"[""V2:157:629284"",""V2:158:629284""]","[""EXACT_EQUIVALENT"",""NONEXHAUSTIVE_PARTITION""]",119,0x0db290495bbde756199381b4ff2389c7c1e54e2f,True,False,2025-10-09T22:42:12.874252Z,,629284,True,Will the Republicans win the Arkansas governor race in 2026?,will-the-republicans-win-the-arkansas-governor-race-in-2026,2025-10-13T23:27:33.614092Z,EXACT_STRUCTURAL,False,MAKER,Yes,0x0db290495bbde756199381b4ff2389c7c1e54e2f,maker_address owns the signed order; counterparty is taker_address,0.93,"[""CONDITIONAL_OUTCOME""]",buy,"[""846"",""847""]","[""157"",""158""]",1.06,POLYLEVIATHAN_OCI_TRADES,349306583,5a60b766-bbd5-4d49-aa50-0b4f34f0cad8,custody/2025-10-14.parquet,,55157984,2ea04075-d453-45a1-a4f0-1c70f2195cc6,trades/2025-10-14.parquet,,POLYLEVIATHAN_TRADES_LAKE_CANONICAL,0x0acde3d09972349da7284e15b073c3d6945f34fd,1760464363,2025-10-14T17:52:43Z,102338577209265315381870206199608266895858545057511455426333199851251620807909,0x1afe039ca4846ed2b1cfd39fcdcf346a0acd3eb5fcf9eb44f60276e3406d4f82,0.9858
FILLS_P1,P1,77679830,CUSTODY_TX_HASH_JOIN,0xdab2a45cdb460dde36d3ef90e89222f5251bfbc6d6b721764803d8d95bdab6a7,True,RACE_WINNER,0xc5d563a36ae78145c45a50134d48a1215220f80a,SELL,RECONSTRUCTED_FROM_SIGNED_ORDER_SIDE,57155,arkansas-governor-winner-2026,Arkansas Governor Election Winner,TRADE_FILL,0x1afe039ca4846ed2b1cfd39fcdcf346a0acd3eb5fcf9eb44f60276e3406d4f82:121:102338577209265315381870206199608266895858545057511455426333199851251620807909,0xdab2a45cdb460dde36d3ef90e89222f5251bfbc6d6b721764803d8d95bdab6a7,f636859399a3d6c26785f0a25587b2c20fc92798ae03ccf80d5cc480085b7fa1,"[""V2:157:629284"",""V2:158:629284""]","[""EXACT_EQUIVALENT"",""NONEXHAUSTIVE_PARTITION""]",121,0x0acde3d09972349da7284e15b073c3d6945f34fd,True,False,2025-10-09T22:42:12.874252Z,,629284,True,Will the Republicans win the Arkansas governor race in 2026?,will-the-republicans-win-the-arkansas-governor-race-in-2026,2025-10-13T23:27:33.614092Z,EXACT_STRUCTURAL,True,TAKER,Yes,0x0acde3d09972349da7284e15b073c3d6945f34fd,maker_address owns the signed order; counterparty is taker_address,0.93,"[""CONDITIONAL_OUTCOME""]",sell,"[""846"",""847""]","[""157"",""158""]",1.06,POLYLEVIATHAN_OCI_TRADES,349306583,5a60b766-bbd5-4d49-aa50-0b4f34f0cad8,custody/2025-10-14.parquet,,55157984,2ea04075-d453-45a1-a4f0-1c70f2195cc6,trades/2025-10-14.parquet,,POLYLEVIATHAN_TRADES_LAKE_CANONICAL,0xc5d563a36ae78145c45a50134d48a1215220f80a,1760464363,2025-10-14T17:52:43Z,102338577209265315381870206199608266895858545057511455426333199851251620807909,0x1afe039ca4846ed2b1cfd39fcdcf346a0acd3eb5fcf9eb44f60276e3406d4f82,0.9858
FILLS_P1,P1,77657699,CUSTODY_TX_HASH_JOIN,0x45603784c0d1f2dab989eee4771b16a64d8ae01eac147df2e56a1582def49aab,True,RACE_WINNER,0xa58d4f278d7953cd38eeb929f7e242bfc7c0b9b8,BUY,RECONSTRUCTED_FROM_SIGNED_ORDER_SIDE,57674,west-virginia-senate-election-winner,West Virginia Senate Election Winner,TRADE_FILL,0x557b6f49ebebdace3445e45a08d02269968790e3ab1dd0218b0c4378a262a9c6:350:103563721501446582736235672026641229118201717908465299005521462931975944512517,0x45603784c0d1f2dab989eee4771b16a64d8ae01eac147df2e56a1582def49aab,75bf569958ece25945baaaae84d0b1d4a35061f0e08275d9682d288b69fdde40,"[""V2:153:630990"",""V2:154:630990"",""V2:295:630990"",""V2:296:630990"",""V2:297:630990"",""V2:364:630990""]","[""CONSTITUENT_OF_AGGREGATE"",""EXACT_EQUIVALENT"",""NONEXHAUSTIVE_PARTITION""]",350,0x0db290495bbde756199381b4ff2389c7c1e54e2f,True,False,2025-10-10T19:29:18.863143Z,,630990,True,Will the Republicans win the West Virginia Senate race in 2026?,will-the-republicans-win-the-west-virginia-senate-race-in-2026,2025-10-13T21:06:52.104147Z,EXACT_STRUCTURAL,False,MAKER,Yes,0x0db290495bbde756199381b4ff2389c7c1e54e2f,maker_address owns the signed order; counterparty is taker_address,0.93,"[""CONDITIONAL_OUTCOME"",""TARGET_CONSTITUENT_OF_AGGREGATE""]",buy,"[""842"",""843"",""984"",""985"",""986"",""1053""]","[""153"",""154"",""295"",""296"",""297"",""364""]",20.0,POLYLEVIATHAN_OCI_TRADES,349306583,5a60b766-bbd5-4d49-aa50-0b4f34f0cad8,custody/2025-10-14.parquet,,55157984,2ea04075-d453-45a1-a4f0-1c70f2195cc6,trades/2025-10-14.parquet,,POLYLEVIATHAN_TRADES_LAKE_CANONICAL,0xa58d4f278d7953cd38eeb929f7e242bfc7c0b9b8,1760420073,2025-10-14T05:34:33Z,103563721501446582736235672026641229118201717908465299005521462931975944512517,0x557b6f49ebebdace3445e45a08d02269968790e3ab1dd0218b0c4378a262a9c6,18.6
FILLS_P1,P1,77657699,CUSTODY_TX_HASH_JOIN,0x45603784c0d1f2dab989eee4771b16a64d8ae01eac147df2e56a1582def49aab,True,RACE_WINNER,0xa58d4f278d7953cd38eeb929f7e242bfc7c0b9b8,BUY,RECONSTRUCTED_FROM_SIGNED_ORDER_SIDE,57674,west-virginia-senate-election-winner,West Virginia Senate Election Winner,TRADE_FILL,0x557b6f49ebebdace3445e45a08d02269968790e3ab1dd0218b0c4378a262a9c6:364:103563721501446582736235672026641229118201717908465299005521462931975944512517,0x45603784c0d1f2dab989eee4771b16a64d8ae01eac147df2e56a1582def49aab,75bf569958ece25945baaaae84d0b1d4a35061f0e08275d9682d288b69fdde40,"[""V2:153:630990"",""V2:154:630990"",""V2:295:630990"",""V2:296:630990"",""V2:297:630990"",""V2:364:630990""]","[""CONSTITUENT_OF_AGGREGATE"",""EXACT_EQUIVALENT"",""NONEXHAUSTIVE_PARTITION""]",364,0xb02ea57dbc3e69e08e7aaee78ef6122e301f25e5,True,False,2025-10-10T19:29:18.863143Z,,630990,True,Will the Republicans win the West Virginia Senate race in 2026?,will-the-republicans-win-the-west-virginia-senate-race-in-2026,2025-10-13T21:06:52.104147Z,EXACT_STRUCTURAL,False,MAKER,Yes,0xb02ea57dbc3e69e08e7aaee78ef6122e301f25e5,maker_address owns the signed order; counterparty is taker_address,0.93,"[""CONDITIONAL_OUTCOME"",""TARGET_CONSTITUENT_OF_AGGREGATE""]",buy,"[""842"",""843"",""984"",""985"",""986"",""1053""]","[""153"",""154"",""295"",""296"",""297"",""364""]",150.0,POLYLEVIATHAN_OCI_TRADES,349306583,5a60b766-bbd5-4d49-aa50-0b4f34f0cad8,custody/2025-10-14.parquet,,55157984,2ea04075-d453-45a1-a4f0-1c70f2195cc6,trades/2025-10-14.parquet,,POLYLEVIATHAN_TRADES_LAKE_CANONICAL,0xa58d4f278d7953cd38eeb929f7e242bfc7c0b9b8,1760420073,2025-10-14T05:34:33Z,103563721501446582736235672026641229118201717908465299005521462931975944512517,0x557b6f49ebebdace3445e45a08d02269968790e3ab1dd0218b0c4378a262a9c6,139.5
FILLS_P1,P1,77657699,CUSTODY_TX_HASH_JOIN,0x45603784c0d1f2dab989eee4771b16a64d8ae01eac147df2e56a1582def49aab,True,RACE_WINNER,0xa58d4f278d7953cd38eeb929f7e242bfc7c0b9b8,BUY,RECONSTRUCTED_FROM_SIGNED_ORDER_SIDE,57674,west-virginia-senate-election-winner,West Virginia Senate Election Winner,TRADE_FILL,0x557b6f49ebebdace3445e45a08d02269968790e3ab1dd0218b0c4378a262a9c6:378:103563721501446582736235672026641229118201717908465299005521462931975944512517,0x45603784c0d1f2dab989eee4771b16a64d8ae01eac147df2e56a1582def49aab,75bf569958ece25945baaaae84d0b1d4a35061f0e08275d9682d288b69fdde40,"[""V2:153:630990"",""V2:154:630990"",""V2:295:630990"",""V2:296:630990"",""V2:297:630990"",""V2:364:630990""]","[""CONSTITUENT_OF_AGGREGATE"",""EXACT_EQUIVALENT"",""NONEXHAUSTIVE_PARTITION""]",378,0x9d84ce0306f8551e02efef1680475fc0f1dc1344,True,False,2025-10-10T19:29:18.863143Z,,630990,True,Will the Republicans win the West Virginia Senate race in 2026?,will-the-republicans-win-the-west-virginia-senate-race-in-2026,2025-10-13T21:06:52.104147Z,EXACT_STRUCTURAL,False,MAKER,Yes,0x9d84ce0306f8551e02efef1680475fc0f1dc1344,maker_address owns the signed order; counterparty is taker_address,0.92,"[""CONDITIONAL_OUTCOME"",""TARGET_CONSTITUENT_OF_AGGREGATE""]",buy,"[""842"",""843"",""984"",""985"",""986"",""1053""]","[""153"",""154"",""295"",""296"",""297"",""364""]",555.0,POLYLEVIATHAN_OCI_TRADES,349306583,5a60b766-bbd5-4d49-aa50-0b4f34f0cad8,custody/2025-10-14.parquet,,55157984,2ea04075-d453-45a1-a4f0-1c70f2195cc6,trades/2025-10-14.parquet,,POLYLEVIATHAN_TRADES_LAKE_CANONICAL,0xa58d4f278d7953cd38eeb929f7e242bfc7c0b9b8,1760420073,2025-10-14T05:34:33Z,103563721501446582736235672026641229118201717908465299005521462931975944512517,0x557b6f49ebebdace3445e45a08d02269968790e3ab1dd0218b0c4378a262a9c6,510.6
FILLS_P1,P1,77657699,CUSTODY_TX_HASH_JOIN,0x45603784c0d1f2dab989eee4771b16a64d8ae01eac147df2e56a1582def49aab,True,RACE_WINNER,0xa58d4f278d7953cd38eeb929f7e242bfc7c0b9b8,BUY,RECONSTRUCTED_FROM_SIGNED_ORDER_SIDE,57674,west-virginia-senate-election-winner,West Virginia Senate Election Winner,TRADE_FILL,0x557b6f49ebebdace3445e45a08d02269968790e3ab1dd0218b0c4378a262a9c6:392:103563721501446582736235672026641229118201717908465299005521462931975944512517,0x45603784c0d1f2dab989eee4771b16a64d8ae01eac147df2e56a1582def49aab,75bf569958ece25945baaaae84d0b1d4a35061f0e08275d9682d288b69fdde40,"[""V2:153:630990"",""V2:154:630990"",""V2:295:630990"",""V2:296:630990"",""V2:297:630990"",""V2:364:630990""]","[""CONSTITUENT_OF_AGGREGATE"",""EXACT_EQUIVALENT"",""NONEXHAUSTIVE_PARTITION""]",392,0x076ca0207aaa48365da2eb6a917edcbdee5e4e7b,True,False,2025-10-10T19:29:18.863143Z,,630990,True,Will the Republicans win the West Virginia Senate race in 2026?,will-the-republicans-win-the-west-virginia-senate-race-in-2026,2025-10-13T21:06:52.104147Z,EXACT_STRUCTURAL,False,MAKER,Yes,0x076ca0207aaa48365da2eb6a917edcbdee5e4e7b,maker_address owns the signed order; counterparty is taker_address,0.92,"[""CONDITIONAL_OUTCOME"",""TARGET_CONSTITUENT_OF_AGGREGATE""]",buy,"[""842"",""843"",""984"",""985"",""986"",""1053""]","[""153"",""154"",""295"",""296"",""297"",""364""]",130.0,POLYLEVIATHAN_OCI_TRADES,349306583,5a60b766-bbd5-4d49-aa50-0b4f34f0cad8,custody/2025-10-14.parquet,,55157984,2ea04075-d453-45a1-a4f0-1c70f2195cc6,trades/2025-10-14.parquet,,POLYLEVIATHAN_TRADES_LAKE_CANONICAL,0xa58d4f278d7953cd38eeb929f7e242bfc7c0b9b8,1760420073,2025-10-14T05:34:33Z,103563721501446582736235672026641229118201717908465299005521462931975944512517,0x557b6f49ebebdace3445e45a08d02269968790e3ab1dd0218b0c4378a262a9c6,119.6
