sig_exchange_id,sig_market_id,component_count,component_market_ids_sha256,component_token_ids_sha256
845,156,7,ca9c8274740bf382220583228d4bb44d1e1da15cd3755426bd0a6a4e13a018cb,34ce9414cc6242bc8005c899f304dcfdd2ac9c92be57802807a7ffd65cbe5fc8
847,158,8,2b87593bcaab2f534a0c298977765dd9286f014fca333e9dff3b45402de9cd13,88f0ad15dfe246c378507bde81b3dd4af43f060d3c7a96e53cecbcc994c7dff0
848,159,7,1aa671b7c60cfee4a6295f36637388362d220865ff82cec80e68593ccb994b60,e44e303be94548f30576c2f71de7c6673dc8f8013fd4ed56063a2ecfe9f38edf
849,160,3,17c06268fb28e063cb4714742ee826b4188c7825b398023cfe90dead69084f98,2254d642908a20c16e2d55cac5884dc36d228a18dbe7c0229326b250156182ab
852,163,9,db942b30b16d492b3d16fef13bb4726b1f1a1201010ad618bb25e47deff481c1,1aa998852c9bc3525ff194368d52382fa9ee6ad23d6823fe17a891513dbb6a3b
855,166,5,bc9ffe1c50b59bec2576021cc1ce04644f2446c3d7a4cc76326f0374aabba51a,84edabf8e477f135f27e84725ac3bf6070900fd3cd159396ec4a4ca8e3922776
856,167,5,b239f38cd008f6fb05ef7e37cce043603dfa2f3d1e67ff1b3179ba57e0ca0185,284b5c61cd15d4461860167b8f7c55077b7ebcb56e00cba88f6895c1231a96d9
857,168,5,a94eec165f028278681db791046c76a47e05fab3e9231bd64b22902e03496c07,e5811fddce5a60a0b560ce10fdcc9cee39e4d5f38f466fbc181c348c9d53a9ef
858,169,5,f2f032486bdd6ce2b95472b79cef98cbc711ff5308e9710fdeac295d1bb1fa9c,8188dc9b8175faa1544809566b7212cea6c6ca7025987efab3184ba7423c60c6
860,171,10,3d1baa873f77bfe623222988ebc97e9bf70a7cdfa008a3830d41f26b8c16a9f5,baf14f6ba5ae901cf78c4b673284725d19c6462d1f680ca77bc08253017430bb
861,172,7,52c9cba402d7151e9e20c49b589b855f36de5afcd53be381c28a47d8450cdce8,61693b7b991f9b72eb296546a9f130da291af05bf5cae1fbe73e173795109d00
863,174,9,bc3375e098c57745a90e4ae0c2748b4754c2b4b90fd6ad5e2e0d72acdd994535,ac7bc51620b92246f5ebcde9e74dab0f94f69f4d5a27db15deb2162728e31aca
865,176,6,1774d188efc0b4a031ca6f0feabe8041ea5ed6a56b5ced92f51ffaea9c12cca9,d86d8f7d9bf0d4f9d5b841e0ceb52f3d5f75944f20d2a0d3189c80e666422dd2
866,177,2,f2d00f2ffd76944348e46df9f42ef2f24e51d703ccd6136c81cd594ca25292be,2f438c93adc80d4cd07aabfe754f5ff7a02d58124bd2b9f7714de66277505cbc
868,179,8,509e7df690c5cf4af8631ed2f1a6fd60af752ca4459146cac4398375db53b4bc,23dfa4b8aae1ac684fc102f440ae1dbd92de3a2d748c39638a457e322b66a7f3
869,180,6,763f0c38ecbadd83ea2aad2f4456ab5b5317f88c104588c75c4e407b46be8067,534a2ba97d2e9267169c9ad5260edf584c8585dfdfcb80bb8549bddaa97c7add
870,181,2,ff4e904bfcc4e164f7868eaeef26243fbbe83016db46d64bd28b34c090102e48,c17a5651ea366efa68e289e248d7c85979c024a18b30e524cee2e7f124138bf0
871,182,5,3c63e5186ee61f626806c6c3f696ddad63fb803c2ba77ac36543a8b226a471b2,97d26444f3d8eef4495ab4f8b34efd9e820304d1ec9d2b399d8ed5e9452e3fd0
872,183,5,f5b6f2304c028b849da1c491c0c40f21b04bcabcbbe7f0ce418a58982fb988b3,90374e5951fc809da1de28e5ca75ab4fd50a49c3c9243e1a5d0f3a1485a187a8
873,184,8,d96570969140bf5dff37e6b99c01f998a51178cb52b8830f87e8a2c0d9d8e7fd,eacba2d6111af84cad5e42363061b329fe400e66a0134338471b3c9d8101ada8
876,187,7,e6c8164efc7de91dcddca155dee1ad409c029e8e6513a12662844993f075adf8,791139ab47aeca8d44ca74e417e6ac624b026b7d9a86ad28a23390cd4739cf43
877,188,3,60362702b371e4905f2b3fe18ab83169cad861d72e564bded58c89f828895bb8,ff6666439afb62a301bdbb4122e90ef57699b96255bd08cd9428166af36658e3
878,189,7,8d9ec1076ac3fd6bd2a399c3e31c5467eafd984a3afdca0a0f52b54fa2bfc0be,324f51739b895795daa45a4cf22cc7bbeed32d992116e4439ec3e1edb5846c1c
881,192,2,6fd37e4ec193be475f90b2abe1d8ededc6eb0a0abd3ec11292703710504351a2,44fad053ed3bd7c7d4484079d23f7535f42b721e3697e0a9d26f43daf63aba63
882,193,6,25b221ffdf22eafb0e1859d9a0285719190723308152b32ed8e524d59c020051,9903d1698f23715550afd2fb902bfb7ce6c5250487cd0c64388dfda345034c7c
884,195,3,c0e8db5399f3d684a36feb8d30937e0a2ecf52f997919e79378c2669cdc7bdbd,273c0486714b9f518b978ccefeeeb9ac117e826e1afc21448bee4389dac52055
885,196,7,e72b7974f82255e399a2d1f3d5db396fadf52db64bd48b9c4290155922d81afd,6daea2301677c60bfdb8c41b10d3412af270f4464d833ebff1419f05a4a7b3f1
942,253,8,4f43f69801652a666f6d2e8b48f3300e16c9f0cdec18bc513f4449c7f4bc8706,e4fd138ea590125deac90f9a6d1ba45278cec629a003468c761cd96fea832ef7
944,255,9,dcf558d4b4453671b99f32141772e52ae179cdd1eede2c39bbde77b9dd682898,84568207a8c7212a95d1c887dfe099f611d80f731cc24900792f0192fd09cac8
945,256,7,609966300bd7fd11c136f522eb6fba0451f5b9f2b3716352698e408d695cff44,c7c2f7e8fd672f10b20c176f0033f68ab1f5ea27fd42bba9ec0657301d0e422d
949,260,5,b6839a0470d1984a789a6a6924cee4ad26bb90c2f376168726eabebe3b9b87ca,6268f31f22be3983d76b75a198e6f719359ae44d805c7b3b31350965a88772c8
950,261,5,8bea1319c86f97e242c46a5dfe4e126757eb4e013ab557702eac9cd1f7f2fce1,e300b0ae6748d3331cb3f51dcf3fa92bc0fb51871d8ef5fffff3da6381522ba9
952,263,9,076093e4164f082dc2bda9190f2e3a4b00769a44bbf6284cdc92d9414bcf0d34,1951a566545731a804bae61985b22a8c5865dd9fd296e6eba50b2e191cbd9bdd
953,264,8,6225d240f31031817baf4c32834b079f826527b31a354c17fc798240ab053342,e3bc65e4df99e2416cd756b386485445a4ab559f51f6e597fd130cb6d333e4e1
956,267,9,4230b75a62979a404c17c3f7c1185f009b800a9d740e6d0fdd3980a63e2ab2d3,99871c89aa9cef2303b1f88346229e765efade44fb805d487cf0d81bce20c10e
962,273,7,1c1508624fd8c682c1d5e64485e4cc639c127e76db367ff323454bc6735dbf08,e4088e3af81603c9de57dca3aba813be2123c6201fd445d939735a9d160619a5
964,275,8,262fd2dde85ca65cadf08b4cd7be21f1b8256e3375c29bdff22851b91fe7a4a4,cdb5812f7cc0a356108a7d7785a73d52f0af6854d1178773489785542ed3a47d
965,276,2,36840c51b29dc91bdde023d2313c2927b45a9bdc6b3807d78beb76197f1459af,3c2a8c3f0392feb5d04cf08c15d7753a5b20631552dc2a3b0ab23e405d7366c0
966,277,7,23c54778d8f7e6353d80e4c9e2392128c07731331fe13c07a4dd15b865bc392f,a544bdf085d4b2409ed4299b02400388b525e3528198335b48f311301f75e624
967,278,3,552df99554f6e050c79b44eef0d540e5ad21341721cc38e307112fc208927c8b,f57a3ddbbac27c844010ec04379ed11252e5810f6e5d3cf9927034102c139ff7
971,282,8,426940b739be19653efc63c9e4756c409f5e94e297d83251d57491f7ce3626c7,61f37dfcf3f920825db66f3a0be2edadbb542e67ac57a4d3bb0773cd5a3ea511
972,283,2,2a4c3572f767b5461cd825a36e6603f0f7afa22f0b59a1c6e55c5029df08503e,302ab5baad5b1a81d632d764d1996f3883111d9b8dc38ee50dd80d8e93ef5c86
973,284,8,7dca05fc8738e9938cd296a590e1f8bf1c41f1c01dd51cc54a352fad36b59c4f,b8389ec6ef27a5d4d8f87808a069892074297c66a5367ea08171d98bf3b7ddd6
974,285,2,ad6ef22ba856ba31d1783323adb0746addc481abaa9e638c1ade061e248be934,ddb7d411a6a66960b705d332df946c81838479a49b48212fd32f6f0165c9e213
975,286,9,5afdefd889f55b0f5378d6ba173ca7d4c36462eb1f2eb61d02f11d2cfd8a789a,eef6986bbb6905f5da00a76b1d3d8a662ba53cf0af100931268b2c762ae0ab6c
976,287,8,3adb84cdbae2b0c3d9ff5070917fec1d7ea3b9c72cc4a1b69af5d899a3c5e144,15b56771269dcaf0238517bcf8168b8d9aa1eb73123ec146bd739b4bfe2fa5e3
979,290,7,87207e6ae18cac1e78c2d15065a30d6934ee51f082459b2ffe6916870cdde71b,aaaaad285efafb8f84481fe1808a1186b98776790530ba5c621a7353253f4561
981,292,9,7a8435e1eeb239f16e916f17d64772f38722ba677ec3f88fe97e9d5f3a37efd7,5018956b1ac96cef8aa35d4640e72673cf4013d79089947d802275f38e65e8ba
982,293,5,035c49618d186e6aef06cedb0d33a05093744e22d26c57503cf6b470773c9419,b231849070cfbadea7542c0abb811438bf662255fb7731258872e930aee933f3
983,294,5,5fbfea8cf3f40d380f6bb76049b923766a5d9b83e4ebb234ad7398c2cea4d846,19fb4dcc0c1cd14e72b0aac7b9e061820f5054bbe10c68049546e1464640ecf9
984,295,8,8b4dc377e4899d33f4541a96d02902f38d9777604d7bf0358e302045fb78a37c,7720b37b1c64985549b52a1f190035610d5fd97dfb93c849d87c1e6ba250b00b
986,297,10,55400a5ebcd16ad162540060e69d52c2fa41255676f63203e5b1f97130a94f5f,231082955fbb21b52fb57d7c85d7782a9313398f42af7ffeac90e62c64c71a3d
987,298,7,f8de487eb3e1f52115e30d659f1e037de7aaaff545e9a20ddc99955e435f144c,b5a86caee70f77c4c2c0115315caa76cec2b8a4af1170a9a059b7865dbd69240
988,299,3,7515f0aca2344421f060cf2dbea5891625b5435b4ccc34ae99a21c54c5c36a2e,2ebbf7aeb035064a2a72244e86d8855deb91eff485a411534427f789906aa631
989,300,7,d8f1616156577f78f2b88cf5267c41d3f8cbe37619c6fa0cbda206597bf2c3de,d8d024a6ef720423e4a5fd8eab122773b1728914c99c56120d63125c4c07e732
990,301,9,d172f19b37af68d0425657c946961a0f7517ab536173cc2ca65e23f38fa29645,84be3639b845bf068e1d92d6aaaf305ae0c99198573de2622ffb25520ecabfb6
992,303,3,b861358e01a97787e069cc5493496eac0bde353fae9230583a137fdd56782bc8,bfea5ed34c7b3d28964a30ba8220ab0bc34d3984707e2fa310db07e3e5f43b37
993,304,7,c37c5902038efe73b23beafab5fc8cf177e3bb36553ef715c4b217f3bb306de7,761492f6707ec560ccc9a69721c9feae91035762b281a478194193b6cfe76117
994,305,7,f298b8f929fe2ea15a941719532b52a20a5f1ee27b8006fc15d00b88ad29dc9f,a94ac122aadeb134fee877d8a6c875d73e55a70b1c69a4834d1c868cacf88489
995,306,3,a3025c8ad8c37a38eee6e01d98522dfb71fc09b70141eec9a2238b68e0090716,45f3c5d8d641c502f4f67d80661bf95b5e07c366295edc0c8d67f6614f2bd03f
996,307,7,252c2dcf3c465c4025b2e620465c8b5f7187118863ac29216c0ba5c89e3552a9,ee0a654e7f57181f330b19abbd1e8b97a717f6f4fb949cfed8d8932642fc6285
998,309,9,975a99b6998ee765f7bcb9fe0a3b00bb0eb3e04af5c1147db982b88aa572ed96,cb1334aed4d1ab1c6f6a99ea3ad71f1aeea2adcc16e76200621f25f627501f32
1000,311,9,65ad58669ff44de25edc834c6f66ee21a708e89f032f48460abe88e3f5917dd9,129b62ce56624301ba361042e7b6d372d7f168315d43ba9c4db03166feb4426d
1002,313,7,59cac15afe6ca08bb8ed51d3a52b3b3600198b23e887b1873ada1b75b14a3a6b,d09d9c0d0e0f49dc158e44c8366ef78d40eeace3ff14631b081453c86e687f4c
1003,314,5,fc751a176bfdcc136e0b39d9b7fcbe012ff651e0b1c01936efc75d14b0a5eb4a,213531aeb80f88642477e6330d3ca89775bfba0b6627f7570b82b980a6e7255a
1004,315,5,fe7c27abf1513d1c7655a1e3cbbe2605d31f8662b08bd76597d5fb236960257d,6b293991a97765ec12bde73c0590a9f079d2d4660febaae7273aaa82f6e39778
1006,317,10,a5d1b4b333917e75a9d40a64da9e0b9d0c0259a787d03e1324c01e51c5efd9f3,91a0f3c5bb7c80505a35dacc3b4cc7f625fc8e03c73c14e8592f7f8d5bbd9636
1042,353,9,b30c554370669bd1fa91b9adf07975ff95337997d39fac25c5e131a54b7df306,465d95c7cbfb3cb715c80ba91b5ebb86795c3f75214e1702118a84b4b56e6bc2
1043,354,2,7b81a5162f740e2145c874216f28753323346dbfca4ed656063f80abb149f768,c94a440b50b388034f80558997e49982d72dd4d161e49692091226763b6e6035
1044,355,8,70bbc2d95f012c2f779896f521c4ea5b5f05da71e5135dc34c22fb5f5c708e01,fb58c167b4382ef72591e5f4cf9cb823a7f7a2fb71efdc6d552b8e168648cc86
1046,357,7,0c7fa3603df0b26e27954b405075e8c56bda60d951d9e6782575d438c0c95d83,3ca6b51b331caa06062de7fb38e10ae98a584febab7f5831a3f62be83617926f
1047,358,5,4b6e28cf976ff9bbe3ef73b6a835a420a331a866b66c86b8dbe56218c24a7f21,8d812a1ceba337b5521677c035a9d32081aa5ff7a4540b04d3b366f25564ea9f
1048,359,5,7a4d2fa42e8bd967dc229dbeabd584e2ae99efcddd061255316f0c71bcc60b5e,ee4db6f04a7fbe569b241ebd9ebb1d6d283848445d29b558161a9626fd9d16fa
1049,360,6,dc1f49643196346c11542d643fe206e2880f5e191d569db413bdb6fe648246b9,bf6c118aff7e93b4c7face4468161e8bc802bdb660ad7d259e3ed4dcf7a4087b
1050,361,2,a8ba846c8ae67d7b68688bdfc3aea1aaaff5381fff795627fcf00e4e7c50232a,83edbfb9bb6a3727919c7413fdf5fcfab0a73647807618b8827ef7324f92dfc8
1052,363,9,cbe7b26076ddfaf221ccc73a929e6822f670a8f298ce625c8f5673c23c514f3e,56d1529c73bea1c1bbc77c231bda2dccab079bc6582f62f14ce8ad1893b9628f
1053,364,2,31251e66404c0ee583a06db4d834f2784b90fd1dcd2f000ca352c5fbafb9cd5c,f919a84ed59354ccb6de184f5af16a5cf53f6053e87165fd788c9665dfc3ef74
1055,366,10,6d774489a430e09569eaa5e673ff9d71ff773d0e277d4a4262076900860869c3,e1d9d0785c3ea8d64b7fc700f2763580b1badfd3537a36fd5edb94d16c945122
1059,370,9,8883fdad05feba7e55297dde4028a9ec97140815d9b560ecbce551061ed2c60c,645c13f838837c6e76773ec36f8d6f2c01996fcb5c1259f56eda435ceeed8a82
1061,372,3,f652689be2b9119afb1b29691e727af59bc5d736f7fd13f82762f874abc50fc6,7fe2789faa2efd4f476702d67d96b042c01665622044e5fb6ff8650df66d2ad9
1062,373,7,af6458e4596460111981f8fc40d92543a69800a8aa5a730bf742c7843ed6cb9f,3e6e5ee5a1ad0c5f302993ec15baf69247cc4f42c6bf08308072d215967129f5
1063,374,8,457313a3544028dc76414b9e4dc885bef30a9833d2f31217a7c0d5b22e55c461,b262e5baf72a27af11245c359482f2607ee919ec409b28d2d5a63f954c05051a
1068,379,9,e88d776195fc1e14e0663cfe9d289fc73db8e01589cc075a030246b63e9a9c9d,70503b699d29f2b2513e0dfc3918a2f9079a271bb32fe6b541a7a089f45e139d
1070,381,7,5ff6a273b3483118789edd1fe80e6cf603f841eadcfe1d2cab64cda9cbe3347b,4f50b489f8bb619539cd5d5c94745f25efb56f944f3bbeebc99c65b8105f4a87
1071,382,3,d3f1414578b8228a0891f907ebb691a4eeba71440db665ab0c29b8e8642bfa21,35b278aede9051c7badfd7980eb2eaa55f8e4d7283389f8e23bb7ff39b766e50
1073,384,8,c3bc30c0d0ba467cf14ab3ba14bfcae9a8bc669319428d709caf4c24102237c5,dc9c890d5bc2dd3f33142b0f76016b4b6de92fcb443955ddfaae2a1f29df74a2
1076,387,7,1000ec50e2c71aa6dae69a4949f727263c062e0ce22427499f6c62b4fb591731,c49ad641d52c3da481644958ede45d67016814aa8b660abfbf8664838ddf0dad