sig_exchange_id,sig_market_id,component_count,sig_observed,evaluable_decisions
845,156,7,True,12
847,158,8,True,0
848,159,7,True,17
849,160,3,True,0
852,163,9,True,0
855,166,5,True,6
856,167,5,True,9
857,168,5,True,1
858,169,5,True,15
860,171,10,True,0
861,172,7,True,0
863,174,9,True,0
865,176,6,True,1
866,177,2,True,0
868,179,8,True,0
869,180,6,True,1
870,181,2,True,0
871,182,5,True,3
872,183,5,True,7
873,184,8,True,10
876,187,7,True,7
877,188,3,True,9
878,189,7,True,0
881,192,2,True,12
882,193,6,True,0
884,195,3,True,7
885,196,7,True,3
942,253,8,True,0
944,255,9,True,9
945,256,7,True,0
949,260,5,True,18
950,261,5,True,6
952,263,9,True,21
953,264,8,True,0
956,267,9,True,22
962,273,7,True,2
964,275,8,True,12
965,276,2,True,15
966,277,7,True,6
967,278,3,True,1
971,282,8,True,0
972,283,2,True,0
973,284,8,True,0
974,285,2,True,0
975,286,9,True,0
976,287,8,True,0
979,290,7,True,10
981,292,9,True,18
982,293,5,True,0
983,294,5,True,10
984,295,8,True,0
986,297,10,True,0
987,298,7,True,0
988,299,3,True,10
989,300,7,True,0
990,301,9,True,0
992,303,3,True,0
993,304,7,True,17
994,305,7,True,7
995,306,3,True,0
996,307,7,True,4
998,309,9,True,0
1000,311,9,True,21
1002,313,7,True,11
1003,314,5,True,7
1004,315,5,True,0
1006,317,10,True,0
1042,353,9,True,0
1043,354,2,True,2
1044,355,8,True,16
1046,357,7,True,11
1047,358,5,True,12
1048,359,5,True,13
1049,360,6,True,13
1050,361,2,True,8
1052,363,9,True,0
1053,364,2,True,0
1055,366,10,True,0
1059,370,9,True,22
1061,372,3,True,5
1062,373,7,True,9
1063,374,8,True,22
1068,379,9,True,0
1070,381,7,True,23
1071,382,3,True,15
1073,384,8,True,0
1076,387,7,True,0
