sig_exchange_id,pm_token_id,sig_market_id,sig_observed,pm_panel_observed,pm_change_observed,evaluable_decisions
844,112432943070684544837529617086045733232789214714632527644673344797017293426776,155,True,True,True,0
846,97005440477277032334800804094918410665103215629730778353755196144330577675150,157,True,True,True,0
853,93448329030244011153237322386606518274361784303562168510902998072248489677061,164,True,True,True,0
854,73109895512959764931469596805102580556176449127868611781571773576645477488240,165,True,True,True,0
859,5374535681097369337687371771187402563232531222465924718112802095374856136103,170,True,True,True,0
862,41765009269472911041245126338236131661544093540698480756634273705918623339465,173,True,True,True,0
864,88667361949092830362545530895015298904557887771865738192771406881752793778042,175,True,True,True,0
867,98024156104396635720277931445440924585268197624299419545106296886739198463285,178,True,True,True,0
874,60922922398503298444147676522051215383403888523505257212819165518026347074250,185,True,True,True,33
875,33677324094067659535016009166755151623373804207455946617460083577197975223827,186,True,True,True,80
879,31607695312432483162708855922004859403207483698432539851696520767406070405834,190,True,True,True,0
880,13165388174900569619328636459480727052834519645059869980549561071064022087971,191,True,True,True,0
883,30878385568250269036922403541979196336116011100172030509700212644725712738474,194,True,True,True,0
886,67501795419284092111663134279812910460154992630407078593989658098590262577673,197,True,True,True,0
887,32591940863680290675071972744258239275874735179355360323845750782366119048535,198,True,True,True,0
888,92489819804290368443943803966220296254525527906989333620579684623025259387169,199,True,True,True,0
889,91134056361940201893494305153220998213627095877115808251230716593928688430751,200,True,True,True,0
890,14880392203916951367210594044346675783187280368615720213876603794661640957466,201,True,True,True,0
891,83305180123434328264942831061332161630642073183329159190029603770999556008804,202,True,True,True,0
892,59802490472036913873496121286677427483662122509187681183126522612013504797043,203,True,True,True,0
893,74883630455715593214751459772360468028930271344780030243472846680635150664331,204,True,True,True,0
894,24395104702642353411948925889097630568855366590528757185881735998149149192479,205,True,True,True,0
895,50051241364929222895693566081605692346197807854055532008099278772035698770870,206,True,True,True,0
896,21114904170244249083059864962815455303156569744726868991298626905734505722454,207,True,True,True,0
897,93912560256245525429984546771927493927155759286650495356669416323669943507847,208,True,True,True,0
898,111540362553565728751187438925859908575427409891112173540802616759607897153785,209,True,True,True,0
899,68021205636604056509276509067526372089338487160185591169779941190006739682906,210,True,True,True,0
900,79995747672792115054716674475173589172446551682399210610955904338812431765392,211,True,True,True,0
901,93455992331247261582609314876051620484985877396129230715122967612916153735084,212,True,True,True,0
902,70626084342654528512319514273738308837103071303735022481383733918592331109261,213,True,True,True,3
903,81505692847657373092454383020575585110499837274340613322588228385158919526454,214,True,True,True,0
904,24808423328362642269928339618535398875519836942812329525201323299850907438220,215,True,True,True,6
905,106183024660666533834062502031813793169247762855988914383541855843680035368680,216,True,True,True,0
906,105724155866026243386456609196248574198788679514540436663740641053049222730942,217,True,True,True,0
907,57265565746838221378365038901649729198937414663367899972498812653529682469258,218,True,True,True,0
908,42051548638421204218374584975934315188715230248988738148555343950810939155465,219,True,True,True,0
909,4360584608318889792359076982751499707146205412289783849766659973245585132129,220,True,True,True,333
910,96914958250546616618098909674490573266030506817741031776466109480920768219053,221,True,True,True,0
911,58199720710299853890561431207407462985075458766612922964054758657487509750362,222,True,True,True,0
912,94033987553817825990709512567031751048276730850154145976615728913102874968691,223,True,True,True,0
913,70720420928389492978842914190430712299346582376255109200751838945374631181994,224,True,True,True,0
914,83966667308824872880342632752673759552233526664290166226784097408878282862076,225,True,True,True,0
915,9261962954796206285247745021195981577055668829876152281558354142057545087402,226,True,True,True,0
916,11150104041135923402729603235169264788695551846877266424704836556138704136153,227,True,True,True,5
917,89007958027779859965143280233607680085743023530197549682171151954048549979817,228,True,True,True,336
918,58170582826434624369183137827470621458750832571934268895241793899476487858088,229,True,True,True,0
919,81557957224614719909606514321678071196063005584137638675672000952860345431216,230,True,True,True,0
920,51139697479054469944236132595348770797766976112763062697989474877845630491882,231,True,True,True,0
921,100483443247041044563874634953278400972311005965822139457018312114391318359850,232,True,True,True,0
922,90438836256571410927299008367228796312209722771624666597034907143954367060240,233,True,True,True,0
923,108230243496498344855407302843123554399616537057761543327780472018667198839068,234,True,True,True,0
924,37713776886536763857380242322222367371582682723176215910322979366716585040762,235,True,True,True,0
925,56412855186822728853119072474894085602768054645914780515455268260878947887549,236,True,True,True,0
926,91391435832155617612019982139435697661029161851437556799916148343508709382987,237,True,True,True,0
927,57072421827554294140721361338343029545070199210958375988932007732626623305617,238,True,True,True,0
928,87725551185270618291722253233951821932371187994043126950008311468794742299797,239,True,True,True,0
929,103572160941197360900419917573086716527751112441366358755475598989264153655130,240,True,True,True,0
930,85565449085981219626125045806096417728054675797071084365546294832037886206869,241,True,True,True,0
931,9923678446010680223075564519648906123468834936314053947915034634742964733395,242,True,True,True,0
932,6584875983046678011286869107197719818123093254495444235544680527373303971994,243,True,True,True,0
933,288881405005644701938669382130096221659404307173045178355284864479406728774,244,True,True,True,0
934,61226688777298855109760287075145560866932162430262148603800321887784593630496,245,True,True,True,0
935,55410211684588113064622608223269234944992958173935625527924582089831994856267,246,True,True,True,0
936,84241107374483193244606511118129186494443849681135554558545774792234903960353,247,True,True,True,0
937,102134576754598286649546885868416989707545637875943269439533353198498871476278,248,True,True,True,0
938,19527325130044660074684336011478717458899906478875219180396447156299505391740,249,True,True,True,0
939,10986108013063722112541718847525294234187960385441756998469502203421948473299,250,True,True,True,0
940,98075623222143547346037366837071572541450376316433615657989340175250414958486,251,True,True,True,0
941,112631815696760308015879207569232436560894777106252894238120648921534834095752,252,True,True,True,0
943,72886985091553225261880008335633731330398834377716296897321179753246165638738,254,True,True,True,0
946,107167253247959681278635375532372161757968896031306223139791203775393777541826,257,True,True,True,0
947,21024219148268989748704207701411444044468128261642675917026452687231462203167,258,True,True,True,0
948,43777191461245536274027792855557351629362906569064322165760098912770293918104,259,True,True,True,3
951,26969987183147691459735958550527481658991321979903347263530424157323143990437,262,True,True,True,0
954,56765588204201084977296214813794816397795777146174349891684399699640242192062,265,True,True,True,0
955,92135384965904991509310221180450749977918144194214948401037138387071762157764,266,True,True,True,20
957,80536528552003281640741026890878925456783654983296822683495274364289350034456,268,True,True,True,0
958,79597156840177168343562124064866301094619106642263695929345529947536386203124,269,True,True,True,0
959,7589880081658059374445882095611024032084645048848237404312287942463647821549,270,True,True,True,0
960,2142948285506077695096498341598672159464223074468931276310105532825810210121,271,True,True,True,0
961,68480239794038361406143076899055856619190312116315511680595576676848260383579,272,True,True,True,1
963,5347927708564596277152237992853544331067082389396950570366105113556124265958,274,True,True,True,0
968,55269299240433422758148290868724152324629587438760275683104577693660207425448,279,True,True,True,0
969,47975366268282823322598946778919483335780002591367838795894307024076579116518,280,True,True,True,0
970,92576281548134350814800877416860562553699794074017301653635964206220838638047,281,True,True,True,0
977,29372963211605123864010779732442332283182456440166524936806508786518484983784,288,True,True,True,0
978,36878701294622385303754057696699259232286823129835461549488433242784556609070,289,True,True,True,11
980,67967023811721834738685695249992484419619114809767608640505747182577663027691,291,True,True,True,0
985,52028228058567050490082336528222808703081642301982405857835418872316431269613,296,True,True,True,0
991,84445603915413163496513620978009404302886847271688485477014869520798818339968,302,True,True,True,0
997,13053250801119063939010953658449676478098909559597258722626010013999911713044,308,True,True,True,0
999,102611485756249416836549281697868549362431608386382371986217607856491804878629,310,True,True,True,0
1001,82451098528555891186445524067982993069495275002026763738365156964680010611653,312,True,True,True,0
1005,62494856306098715275973704893756117218029969085400853979485118785041942847719,316,True,True,True,0
1007,13189761649035136014216228195645475511361901020555722779072382901094466765019,318,True,True,True,0
1008,110498646838643141699770234895735915394620065036723874056548571888067488950164,319,True,True,True,0
1009,48595994389294380413605252588038399089739882614541392889205137632817333951567,320,True,True,True,0
1010,28134558928888227948813381987057565018866784201189850460618625875753502909061,321,True,True,True,0
1011,14535768089815400273847771354088826502078939671987391994275253603566532191654,322,True,True,True,0
1012,10797071126504743123515085716419360987107478266428470507477377131012323100968,323,True,True,True,0
1013,106958534192257552731131706251545716690561203965658398267038573027472601603038,324,True,True,True,0
1014,15056064872112675856476546973246733011825608647719006314444015066456521530341,325,True,True,True,0
1015,7861599392964570899063295249757924331582887786226297517280676454972508298031,326,True,True,True,0
1016,99998409366814058509324978903464760824797071645181220838890227821177183933287,327,True,True,True,0
1017,9888897571794010752121877049436014412394792546592129944638664529404498838517,328,True,True,True,0
1018,12503562961051694670561093522011301968376611490945772097489304120208051360657,329,True,True,True,0
1019,28428563408232158641020832230598845099279456308678642815367173717175353290703,330,True,True,True,0
1020,90239537120799856559379339880905629013239262905922873444067766874892362837014,331,True,True,True,2
1021,75685534826787951976275953631896177236439299709473517876953614908104349066066,332,True,True,True,0
1022,43752127134995564310826939255040140810170663034403700378883950354967468648845,333,True,True,True,0
1023,53556044615407667948482140924138670085564709060050296606327145637179427254399,334,True,True,True,0
1024,58414915443056575600546845688231939406497093430617962204950899073959516863962,335,True,True,True,0
1025,101761583924149127934699530188897560119595562747749947811419542814081248785009,336,True,True,True,0
1026,27227352588644125911835255791745199294766435051633840882741518772610280264133,337,True,True,True,0
1027,20781040640207419108275494852260640607740976077797936236220411009198028862221,338,True,True,True,0
1028,85481834502498043935806386600094738202338314908938508331117373587697666440459,339,True,True,True,608
1029,21093900327085732156538279868500731871043932639237011371281062480462349465304,340,True,True,True,0
1030,70611387410738959528084339484893630361746409691183277603893453160832832415748,341,True,True,True,0
1031,88628412725357801969852238315853152041907755032296775468463465337049299853893,342,True,True,True,0
1032,113775721914358731979638137579752258137123447875996657512004068518320376669224,343,True,True,True,0
1033,30424541292784877350495001354252975055952568624850695789713995653053526735723,344,True,True,True,0
1034,83253007588985953900662535978265304048199216427463571583210985764316132662845,345,True,True,True,0
1035,13432621903631649165156306037190483686486704889711495381938238490251535633776,346,True,True,True,0
1036,62003269433640683744291727761785528693342099533191419822618434570267086928393,347,True,True,True,0
1037,11450408400059654095752682163375174616927289912740528299907491682505834882757,348,True,True,True,14
1038,27864379735636967187061174592974985530606192477476602134082994654383977817622,349,True,True,True,0
1039,89691692433810708662044713280560196245651593280559985593960312638148344324296,350,True,True,True,0
1040,98533340650340151055858210214498969967462170000657407829633743183238896087456,351,True,True,True,0
1041,83772236231104306836754599890295414817047560410380925946355605231115771621017,352,True,True,True,0
1045,112865931018535043924604877802427749327024008755764693656162236690266569063025,356,True,True,True,0
1051,32832180976319820233770784594777532825515834160906037910741389521155405934640,362,True,True,True,0
1054,27404948209862839323844430001109403958819859044996868930478464247467785332053,365,True,True,True,0
1060,14326922722563448875565448072878801541030837097509186235755385779520510145451,371,True,True,True,0
1064,15841973896294397863780283211777886833063131427675236235397936182214462263761,375,True,True,True,0
1065,91186816975424134991471599978287903711550131664584931108307233067509874308550,376,True,True,True,0
1069,52178324110389695602675502049040070314896672216017803310891522866815977262616,380,True,True,True,0
1072,6307834485558435215808626904255859755441792356631836236470061805834871616531,383,True,True,True,0
1074,20754254139035614694374518757343678468946299461021566299562376905544253104084,385,True,True,True,0
1075,87168139162038142124325281596428703628651393008967709292675786182583009487326,386,True,True,True,8
1077,34189052194715415717712638492295939369730261135279818111658380308037908103272,388,True,True,True,0