target,candidate_rank,scalar_feature,candidate_label,train_spearman,dev_spearman,dev_pearson,holdout_spearman,holdout_pearson,holdout_support,dev_selected_model,holdout_model_primary_metric,holdout_bootstrap_interval,holdout_rows,holdout_market_count
target_clock_absolute_change_1,,,DISCOVERY_ONLY,,,,,,,—,—,—,,
target_clock_absolute_change_120,,,DISCOVERY_ONLY,,,,,,,—,—,—,,
target_clock_absolute_change_15,,,DISCOVERY_ONLY,,,,,,,—,—,—,,
target_clock_absolute_change_30,,,DISCOVERY_ONLY,,,,,,,—,—,—,,
target_clock_absolute_change_300,,,DISCOVERY_ONLY,,,,,,,—,—,—,,
target_clock_absolute_change_5,,,DISCOVERY_ONLY,,,,,,,—,—,—,,
target_clock_absolute_change_60,,,DISCOVERY_ONLY,,,,,,,—,—,—,,
target_clock_logit_change_1,,,DISCOVERY_ONLY,,,,,,,—,—,—,,
target_clock_logit_change_120,,,DISCOVERY_ONLY,,,,,,,—,—,—,,
target_clock_logit_change_15,,,DISCOVERY_ONLY,,,,,,,—,—,—,,
target_clock_logit_change_30,,,DISCOVERY_ONLY,,,,,,,—,—,—,,
target_clock_logit_change_300,,,DISCOVERY_ONLY,,,,,,,—,—,—,,
target_clock_logit_change_5,,,DISCOVERY_ONLY,,,,,,,—,—,—,,
target_clock_logit_change_60,,,DISCOVERY_ONLY,,,,,,,—,—,—,,
target_clock_price_change_1,,,DISCOVERY_ONLY,,,,,,,—,—,—,,
target_clock_price_change_120,,,DISCOVERY_ONLY,,,,,,,—,—,—,,
target_clock_price_change_15,,,DISCOVERY_ONLY,,,,,,,—,—,—,,
target_clock_price_change_30,,,DISCOVERY_ONLY,,,,,,,—,—,—,,
target_clock_price_change_300,,,DISCOVERY_ONLY,,,,,,,—,—,—,,
target_clock_price_change_5,,,DISCOVERY_ONLY,,,,,,,—,—,—,,
target_clock_price_change_60,,,DISCOVERY_ONLY,,,,,,,—,—,—,,
target_clock_realised_movement_1,1,realised_vol_5,CROSS_FAMILY_CANDIDATE,0.4230100245276831,0.3731742715105314,0.3086385213916944,0.3227270522117867,0.31034038970514477,3602038,hist_gradient_boosting,MAE Δ 0.517,"[0.0007059, 0.001689]",3602098,509
target_clock_realised_movement_1,2,recent_max_move_900,CROSS_FAMILY_CANDIDATE,0.39650658753606344,0.3418225336877397,0.23627808340371387,0.20836999826884275,0.27093541292695156,3602038,hist_gradient_boosting,MAE Δ 0.517,"[0.0007059, 0.001689]",3602098,509
target_clock_realised_movement_120,1,recent_max_move_900,CROSS_FAMILY_CANDIDATE,0.5561856494362514,0.5876710904406878,0.4239204165148946,0.5483855371340787,0.46738583977742154,7101021,hist_gradient_boosting,MAE Δ 0.2099,"[0.003038, 0.005596]",7101143,512
target_clock_realised_movement_120,2,absolute_return_900,CROSS_FAMILY_CANDIDATE,0.5015408070078597,0.4880658618458638,0.5277824066407941,0.4043904701721993,0.45512541272591023,7101143,hist_gradient_boosting,MAE Δ 0.2099,"[0.003038, 0.005596]",7101143,512
target_clock_realised_movement_120,3,realised_vol_5,CROSS_FAMILY_CANDIDATE,0.4726342486390441,0.4708025740450258,0.44472683784958794,0.6225313854133163,0.4850693790080079,7101021,hist_gradient_boosting,MAE Δ 0.2099,"[0.003038, 0.005596]",7101143,512
target_clock_realised_movement_15,1,realised_vol_5,CROSS_FAMILY_CANDIDATE,0.4694533124231737,0.45212228782018044,0.4354415911926541,0.5907896419574444,0.5349316721529527,6042937,hist_gradient_boosting,MAE Δ 0.4804,"[0.001329, 0.002948]",6043024,510
target_clock_realised_movement_15,2,recent_max_move_900,CROSS_FAMILY_CANDIDATE,0.4671995855659432,0.46138166931185376,0.31858079178640764,0.42291204644576913,0.4057590299159653,6042937,hist_gradient_boosting,MAE Δ 0.4804,"[0.001329, 0.002948]",6043024,510
target_clock_realised_movement_15,3,absolute_return_900,CROSS_FAMILY_CANDIDATE,0.419719668268443,0.4040289814306596,0.3949569668505443,0.31224845692484615,0.37882659463526164,6043024,hist_gradient_boosting,MAE Δ 0.4804,"[0.001329, 0.002948]",6043024,510
target_clock_realised_movement_30,1,recent_max_move_900,CROSS_FAMILY_CANDIDATE,0.49327055848726525,0.5099909472479827,0.35780076019243096,0.48785058766719386,0.4234283133883373,6474584,hist_gradient_boosting,MAE Δ 0.396,"[0.001742, 0.003523]",6474677,511
target_clock_realised_movement_30,2,realised_vol_5,CROSS_FAMILY_CANDIDATE,0.47415329889216246,0.46987585437913576,0.4536617265476197,0.6163192232003355,0.5245382131010842,6474584,hist_gradient_boosting,MAE Δ 0.396,"[0.001742, 0.003523]",6474677,511
target_clock_realised_movement_30,3,absolute_return_900,CROSS_FAMILY_CANDIDATE,0.4431495239436745,0.43622343864118585,0.439774233271273,0.3543930832438074,0.40614527006409806,6474677,hist_gradient_boosting,MAE Δ 0.396,"[0.001742, 0.003523]",6474677,511
target_clock_realised_movement_300,1,recent_max_move_900,CROSS_FAMILY_CANDIDATE,0.6013317225271803,0.6353280377865543,0.4532185701529162,0.5724194756883062,0.4899591401837313,7423708,hist_gradient_boosting,MAE Δ 0.136,"[0.004297, 0.007767]",7423851,514
target_clock_realised_movement_300,2,absolute_return_900,CROSS_FAMILY_CANDIDATE,0.5388826557270514,0.5163767984457592,0.5566700120887287,0.42638586305245424,0.4772197822523525,7423851,hist_gradient_boosting,MAE Δ 0.136,"[0.004297, 0.007767]",7423851,514
target_clock_realised_movement_300,3,realised_vol_5,CROSS_FAMILY_CANDIDATE,0.47371453565248844,0.4626737920855565,0.420686705290993,0.6166516181189168,0.4514249992573647,7423708,hist_gradient_boosting,MAE Δ 0.136,"[0.004297, 0.007767]",7423851,514
target_clock_realised_movement_5,1,realised_vol_5,CROSS_FAMILY_CANDIDATE,0.44122131411235177,0.41551223673044957,0.39032641162889825,0.49736738475670644,0.3728372225871382,5166105,ridge,MAE Δ 0.4847,"[0.0009285, 0.001846]",5166170,509
target_clock_realised_movement_5,2,recent_max_move_900,CROSS_FAMILY_CANDIDATE,0.4236689439111166,0.394726181502276,0.2819148277339841,0.2918598639927006,0.31201177352741083,5166105,ridge,MAE Δ 0.4847,"[0.0009285, 0.001846]",5166170,509
target_clock_realised_movement_60,1,recent_max_move_900,CROSS_FAMILY_CANDIDATE,0.5216151644760765,0.5518024890012045,0.39277275217856106,0.52661986916233,0.4477769305523922,6823267,hist_gradient_boosting,MAE Δ 0.2992,"[0.002268, 0.004417]",6823367,511
target_clock_realised_movement_60,2,realised_vol_5,CROSS_FAMILY_CANDIDATE,0.4718813353442632,0.4737101230309804,0.4512490453162217,0.6240286497743806,0.5117858164200457,6823267,hist_gradient_boosting,MAE Δ 0.2992,"[0.002268, 0.004417]",6823367,511
target_clock_realised_movement_60,3,absolute_return_900,CROSS_FAMILY_CANDIDATE,0.47144517838495537,0.4650555395283313,0.48646643946113893,0.384243414016518,0.43142864827875194,6823367,hist_gradient_boosting,MAE Δ 0.2992,"[0.002268, 0.004417]",6823367,511
target_clock_sign_1,1,trend_slope_60,CROSS_FAMILY_CANDIDATE,0.2852836272398242,0.24049431094504797,0.09246040479598149,-0.000291270167593762,0.03682474063891258,3420721,logistic_l2,accuracy 0.5532,"[0.01165, 0.04519]",3602098,509
target_clock_sign_1,2,trend_slope_300,CROSS_FAMILY_CANDIDATE,0.2547312437136498,0.22516658814824425,0.07619425058222237,0.03715961039190011,0.02928438409023668,3503310,logistic_l2,accuracy 0.5532,"[0.01165, 0.04519]",3602098,509
target_clock_sign_1,3,momentum_120,CROSS_FAMILY_CANDIDATE,0.23551304679960208,0.19739956930035124,0.11627173915265128,-0.18360538234917798,0.020697634064244193,3602098,logistic_l2,accuracy 0.5532,"[0.01165, 0.04519]",3602098,509
target_clock_sign_1,4,logit_return_60,CROSS_FAMILY_CANDIDATE,0.2341975625402629,0.19921071842772245,0.1449789842664382,-0.21350702312867584,0.011955110095691845,3602098,logistic_l2,accuracy 0.5532,"[0.01165, 0.04519]",3602098,509
target_clock_sign_1,5,logit_return_30,CROSS_FAMILY_CANDIDATE,0.23330658987671796,0.1908326433124342,0.13560335131304257,-0.23859809531180887,0.011333896972426734,3602098,logistic_l2,accuracy 0.5532,"[0.01165, 0.04519]",3602098,509
target_clock_sign_1,6,momentum_300,CROSS_FAMILY_CANDIDATE,0.22734568507738473,0.20238984381774594,0.10342854227718203,-0.1357559128923914,0.02547293443901538,3602098,logistic_l2,accuracy 0.5532,"[0.01165, 0.04519]",3602098,509
target_clock_sign_1,7,momentum_15,CROSS_FAMILY_CANDIDATE,0.22681773949471062,0.17707965136971274,0.09565781404019169,-0.26386321555949327,0.005711810688317123,3602098,logistic_l2,accuracy 0.5532,"[0.01165, 0.04519]",3602098,509
target_clock_sign_1,8,momentum_5,CROSS_FAMILY_CANDIDATE,0.22654363881157333,0.16715857854748528,0.08740038769910645,-0.2887250227829321,0.0025206759556119914,3602098,logistic_l2,accuracy 0.5532,"[0.01165, 0.04519]",3602098,509
target_clock_sign_120,1,market_minus_event_momentum_30,WITHIN_FAMILY_STABLE,-0.04074059132847078,-0.08912531548073327,-0.07968580902737307,-0.25094181351367706,-0.07470944139499003,5964143,logistic_l2,accuracy 0.3873,"[-0.08521, 0.007784]",7101143,512
target_clock_sign_120,2,loo_event_activity_300,CROSS_FAMILY_CANDIDATE,-0.03655084443725269,-0.04973274682826986,-0.025339620489700145,-0.015242853850702997,-0.014588899762600445,7101143,logistic_l2,accuracy 0.3873,"[-0.08521, 0.007784]",7101143,512
target_clock_sign_120,3,loo_family_activity_30,CROSS_FAMILY_CANDIDATE,-0.03521165838594093,-0.05175282438416899,-0.03862495623797209,-0.017207963278488208,-0.016072650571604247,7101143,logistic_l2,accuracy 0.3873,"[-0.08521, 0.007784]",7101143,512
target_clock_sign_120,4,loo_event_activity_900,CROSS_FAMILY_CANDIDATE,-0.03446930746455747,-0.04529157268906879,-0.0224096698835427,-0.014019162293109727,-0.013890176840475475,7101143,logistic_l2,accuracy 0.3873,"[-0.08521, 0.007784]",7101143,512
target_clock_sign_120,5,loo_event_activity_120,CROSS_FAMILY_CANDIDATE,-0.03419430233259856,-0.049200062236219304,-0.02861234621007378,-0.01620528467250705,-0.015381491908423838,7101143,logistic_l2,accuracy 0.3873,"[-0.08521, 0.007784]",7101143,512
target_clock_sign_15,1,trend_slope_300,CROSS_FAMILY_CANDIDATE,0.15791500106647285,0.08380295234209541,0.04348822331991154,-0.029933827058963854,0.015314622141653864,5887070,logistic_l2,accuracy 0.4751,"[0.001879, 0.0207]",6043024,510
target_clock_sign_15,2,trend_slope_60,CROSS_FAMILY_CANDIDATE,0.14921514611382666,0.045105857276244304,0.04451208092171049,-0.10620651165728177,0.017023434181991624,5710257,logistic_l2,accuracy 0.4751,"[0.001879, 0.0207]",6043024,510
target_clock_sign_15,3,momentum_300,WITHIN_FAMILY_STABLE,0.11073382077372944,0.019387736279088155,0.004873531457286255,-0.21993069513044694,-0.03211885648307395,6043024,logistic_l2,accuracy 0.4751,"[0.001879, 0.0207]",6043024,510
target_clock_sign_15,4,momentum_900,CROSS_FAMILY_CANDIDATE,0.10881682017635988,0.03550365977250195,0.013055828449760602,-0.15873618483225063,-0.01867902040000331,6043024,logistic_l2,accuracy 0.4751,"[0.001879, 0.0207]",6043024,510
target_clock_sign_30,1,trend_slope_300,CROSS_FAMILY_CANDIDATE,0.1252757625167249,0.05165045768606092,0.03829787475504776,-0.04515420419555456,0.012180443935925515,6280872,logistic_l2,accuracy 0.449,"[-0.001453, 0.01727]",6474677,511
target_clock_sign_300,1,market_minus_event_momentum_30,WITHIN_FAMILY_STABLE,-0.05082879118064683,-0.08908419299029087,-0.08306215226875414,-0.21776958811976735,-0.07050152314560067,6118504,logistic_l2,accuracy 0.3907,"[-0.05432, 0.05301]",7423851,514
target_clock_sign_300,2,distance_recent_high_300,CROSS_FAMILY_CANDIDATE,-0.04506743030146914,-0.10719608805809046,-0.04358997603587823,-0.23582113834257346,-0.04330216229713833,7423851,logistic_l2,accuracy 0.3907,"[-0.05432, 0.05301]",7423851,514
target_clock_sign_300,3,loo_family_activity_30,CROSS_FAMILY_CANDIDATE,-0.04120110537672278,-0.03678114646989186,-0.03350793226256683,-0.017373468331969465,-0.016598208770262027,7423851,logistic_l2,accuracy 0.3907,"[-0.05432, 0.05301]",7423851,514
target_clock_sign_5,1,trend_slope_60,CROSS_FAMILY_CANDIDATE,0.21135706443311358,0.12849700350642257,0.0691177081038226,-0.07112969884254378,0.024991033326457728,4923796,logistic_l2,accuracy 0.5014,"[0.007288, 0.03584]",5166170,509
target_clock_sign_5,2,trend_slope_300,CROSS_FAMILY_CANDIDATE,0.20281607146865926,0.14493720305624766,0.061236827970718034,-0.004415829842898999,0.020729988696747973,5045042,logistic_l2,accuracy 0.5014,"[0.007288, 0.03584]",5166170,509
target_clock_sign_5,3,momentum_300,CROSS_FAMILY_CANDIDATE,0.16655199397834355,0.10170848461081944,0.04772140501474793,-0.20028140428788102,-0.013241038937632876,5166170,logistic_l2,accuracy 0.5014,"[0.007288, 0.03584]",5166170,509
target_clock_sign_5,4,momentum_120,CROSS_FAMILY_CANDIDATE,0.16277529030585583,0.0887010691456534,0.05178022239732211,-0.2519992433155816,-0.023255542490476545,5166170,logistic_l2,accuracy 0.5014,"[0.007288, 0.03584]",5166170,509
target_clock_sign_5,5,momentum_900,CROSS_FAMILY_CANDIDATE,0.1597206585235176,0.10554643067657685,0.045777026013774536,-0.13783869564915785,-0.0052977184972768515,5166170,logistic_l2,accuracy 0.5014,"[0.007288, 0.03584]",5166170,509
target_clock_sign_5,6,logit_return_60,CROSS_FAMILY_CANDIDATE,0.15946322243734468,0.08371981551706649,0.0880126829633347,-0.2827971384310765,-0.049938487327734114,5166170,logistic_l2,accuracy 0.5014,"[0.007288, 0.03584]",5166170,509
target_clock_sign_5,7,logit_return_30,CROSS_FAMILY_CANDIDATE,0.15400138180006198,0.07092435536692243,0.07970423766349896,-0.30678990234842973,-0.04658018446083153,5166170,logistic_l2,accuracy 0.5014,"[0.007288, 0.03584]",5166170,509
target_clock_sign_5,8,momentum_5,CROSS_FAMILY_CANDIDATE,0.14803169394782267,0.05267917638648083,0.03419902242464418,-0.337050805252874,-0.03562985530232746,5166170,logistic_l2,accuracy 0.5014,"[0.007288, 0.03584]",5166170,509
target_clock_sign_60,1,trend_slope_300,WITHIN_FAMILY_STABLE,0.09750202064435226,0.024065912939434168,0.027892731115304496,-0.051218549714928084,0.009208400941098963,6585058,logistic_l2,accuracy 0.4287,"[-0.002072, 0.01663]",6823367,511
target_clock_sign_60,2,loo_event_price_movement_5,CROSS_FAMILY_CANDIDATE,-0.041633557615023284,-0.023774709560275647,-0.0028881829778506546,-0.007291366167589781,-0.001840180380971393,4471602,logistic_l2,accuracy 0.4287,"[-0.002072, 0.01663]",6823367,511
target_clock_sign_60,3,loo_event_activity_300,CROSS_FAMILY_CANDIDATE,-0.035656139662326614,-0.04837950799623569,-0.027441829285727685,-0.018003811932726564,-0.015930755761513964,6823367,logistic_l2,accuracy 0.4287,"[-0.002072, 0.01663]",6823367,511
target_clock_sign_60,4,loo_family_activity_30,CROSS_FAMILY_CANDIDATE,-0.03559447390794551,-0.055216206428443194,-0.045834250984989104,-0.01892817720020309,-0.01681017492022553,6823367,logistic_l2,accuracy 0.4287,"[-0.002072, 0.01663]",6823367,511
target_event_absolute_change_1,,,DISCOVERY_ONLY,,,,,,,—,—,—,,
target_event_absolute_change_10,,,DISCOVERY_ONLY,,,,,,,—,—,—,,
target_event_absolute_change_2,,,DISCOVERY_ONLY,,,,,,,—,—,—,,
target_event_absolute_change_5,,,DISCOVERY_ONLY,,,,,,,—,—,—,,
target_event_price_change_1,,,DISCOVERY_ONLY,,,,,,,—,—,—,,
target_event_price_change_10,1,trend_slope_60,CROSS_FAMILY_CANDIDATE,-0.1598875959632701,-0.16226624158135636,-0.24706531199290682,-0.183414541241201,-0.2402149317102069,6819713,elastic_net,MAE Δ 0.004896,"[2.787e-05, 0.0001548]",8062108,497
target_event_price_change_10,2,momentum_120,CROSS_FAMILY_CANDIDATE,-0.15144484979122141,-0.16497048483295493,-0.295115700718279,-0.3042910265799893,-0.29773917601775146,8062108,elastic_net,MAE Δ 0.004896,"[2.787e-05, 0.0001548]",8062108,497
target_event_price_change_10,3,logit_return_60,CROSS_FAMILY_CANDIDATE,-0.14947236258477473,-0.1669168604894263,-0.1851885178337535,-0.31973630385259577,-0.12351565842678962,8062108,elastic_net,MAE Δ 0.004896,"[2.787e-05, 0.0001548]",8062108,497
target_event_price_change_10,4,momentum_300,CROSS_FAMILY_CANDIDATE,-0.14937502361450494,-0.1623876069116595,-0.2468318844448389,-0.27221003972140145,-0.26110757192006834,8062108,elastic_net,MAE Δ 0.004896,"[2.787e-05, 0.0001548]",8062108,497
target_event_price_change_10,5,momentum_900,CROSS_FAMILY_CANDIDATE,-0.14656638238849157,-0.15611092456831174,-0.19735605344970003,-0.2260404607971698,-0.19739905577240327,8062108,elastic_net,MAE Δ 0.004896,"[2.787e-05, 0.0001548]",8062108,497
target_event_price_change_10,6,logit_return_30,CROSS_FAMILY_CANDIDATE,-0.1454371789199467,-0.16262490967746945,-0.18951394122539858,-0.3274714622143308,-0.12759432569440518,8062108,elastic_net,MAE Δ 0.004896,"[2.787e-05, 0.0001548]",8062108,497
target_event_price_change_10,7,momentum_15,CROSS_FAMILY_CANDIDATE,-0.1438396212987475,-0.15715345709198614,-0.32524802405418574,-0.3248171960549685,-0.3146176458308792,8062108,elastic_net,MAE Δ 0.004896,"[2.787e-05, 0.0001548]",8062108,497
target_event_price_change_10,8,trend_slope_300,CROSS_FAMILY_CANDIDATE,-0.13678603468747821,-0.1197993580902062,-0.20589686247897962,-0.11512827501812083,-0.17500274483922781,7419498,elastic_net,MAE Δ 0.004896,"[2.787e-05, 0.0001548]",8062108,497
target_event_price_change_2,,,DISCOVERY_ONLY,,,,,,,—,—,—,,
target_event_price_change_5,1,momentum_120,CROSS_FAMILY_CANDIDATE,-0.1264267272727602,-0.15284469385607266,-0.29154670783230535,-0.3087067394828254,-0.30334601365049807,8066332,univariate_linear,MAE Δ 0.0008658,"[-3.374e-05, 0.0001445]",8066332,509
target_event_price_change_5,2,momentum_300,CROSS_FAMILY_CANDIDATE,-0.12640710126947102,-0.15407340247683007,-0.25452247818984003,-0.2755073393763101,-0.2651870957337237,8066332,univariate_linear,MAE Δ 0.0008658,"[-3.374e-05, 0.0001445]",8066332,509
target_event_price_change_5,3,trend_slope_60,CROSS_FAMILY_CANDIDATE,-0.125497538940532,-0.14438791186037428,-0.2371210326452797,-0.18493018519592258,-0.25490754216023026,6821538,univariate_linear,MAE Δ 0.0008658,"[-3.374e-05, 0.0001445]",8066332,509
target_event_price_change_5,4,logit_return_60,CROSS_FAMILY_CANDIDATE,-0.124268510253695,-0.1579981120662322,-0.18383665709194658,-0.3256142011347493,-0.1261638853397033,8066332,univariate_linear,MAE Δ 0.0008658,"[-3.374e-05, 0.0001445]",8066332,509
target_event_price_change_5,5,momentum_900,CROSS_FAMILY_CANDIDATE,-0.12354803888500551,-0.14743733093161696,-0.2007918165306973,-0.22839721865698914,-0.2038730685832547,8066332,univariate_linear,MAE Δ 0.0008658,"[-3.374e-05, 0.0001445]",8066332,509
target_event_price_change_5,6,logit_return_30,CROSS_FAMILY_CANDIDATE,-0.11991092604306751,-0.1492207363679019,-0.18564248348503906,-0.3296137517177046,-0.12980041866709777,8066332,univariate_linear,MAE Δ 0.0008658,"[-3.374e-05, 0.0001445]",8066332,509
target_event_price_change_5,7,momentum_15,CROSS_FAMILY_CANDIDATE,-0.11940917791273957,-0.1432170608865864,-0.3147536378326751,-0.32398485752298584,-0.3113946136671163,8066332,univariate_linear,MAE Δ 0.0008658,"[-3.374e-05, 0.0001445]",8066332,509
target_event_price_change_5,8,trend_slope_300,CROSS_FAMILY_CANDIDATE,-0.11002091725440247,-0.11094497782339076,-0.1634087855294547,-0.12007547373147734,-0.19169201174979153,7421714,univariate_linear,MAE Δ 0.0008658,"[-3.374e-05, 0.0001445]",8066332,509
target_event_sign_1,1,distance_recent_high_300,CROSS_FAMILY_CANDIDATE,-0.07500098831963713,-0.12268989596798546,-0.017955083218442844,-0.302061946074579,-0.04908503733102479,8069765,logistic_l2,accuracy 0.5553,"[-0.002992, 0.003997]",8069765,522
target_event_sign_1,2,momentum_900,WITHIN_FAMILY_STABLE,-0.05334864119066616,-0.11291093705662876,-0.0018943766503016133,-0.21938203665946068,-0.03432661059312063,8069765,logistic_l2,accuracy 0.5553,"[-0.002992, 0.003997]",8069765,522
target_event_sign_1,3,momentum_300,WITHIN_FAMILY_STABLE,-0.048975600333457374,-0.11687825088773013,-0.004318718762229288,-0.268075006873897,-0.04678684506887147,8069765,logistic_l2,accuracy 0.5553,"[-0.002992, 0.003997]",8069765,522
target_event_sign_1,4,logit_return_60,CROSS_FAMILY_CANDIDATE,-0.04702877548163532,-0.11739083419799176,-0.058834118835615554,-0.3290035004800179,-0.16804274452230217,8069765,logistic_l2,accuracy 0.5553,"[-0.002992, 0.003997]",8069765,522
target_event_sign_1,5,momentum_120,WITHIN_FAMILY_STABLE,-0.045828207622395416,-0.11173708208896795,-0.003733389683198674,-0.3015388887200009,-0.05436433021572832,8069765,logistic_l2,accuracy 0.5553,"[-0.002992, 0.003997]",8069765,522
target_event_sign_1,6,loo_event_price_movement_15,CROSS_FAMILY_CANDIDATE,-0.042413422715249054,-0.04092135221922978,-0.013763651165523798,-0.007515286136606339,-0.003652310091056552,5869860,logistic_l2,accuracy 0.5553,"[-0.002992, 0.003997]",8069765,522
target_event_sign_1,7,loo_event_price_movement_5,CROSS_FAMILY_CANDIDATE,-0.0410478865334559,-0.04087036612004687,-0.010593000850746517,-0.008195654159265696,-0.004791464454492419,4793322,logistic_l2,accuracy 0.5553,"[-0.002992, 0.003997]",8069765,522
target_event_sign_10,1,trend_slope_60,CROSS_FAMILY_CANDIDATE,-0.1450123754479403,-0.15576244046143992,-0.042060120350579495,-0.18330458596142168,-0.024017065962741675,6819713,logistic_l2,accuracy 0.4756,"[0.03961, 0.08954]",8062108,497
target_event_sign_10,2,momentum_120,CROSS_FAMILY_CANDIDATE,-0.1417715535116654,-0.159058940097534,-0.06957566195868402,-0.3051926136858163,-0.0846709397261752,8062108,logistic_l2,accuracy 0.4756,"[0.03961, 0.08954]",8062108,497
target_event_sign_10,3,logit_return_60,CROSS_FAMILY_CANDIDATE,-0.14116087937187874,-0.16356865503093962,-0.11815246058152855,-0.3285775045522877,-0.16364359528028716,8062108,logistic_l2,accuracy 0.4756,"[0.03961, 0.08954]",8062108,497
target_event_sign_10,4,momentum_300,CROSS_FAMILY_CANDIDATE,-0.13889483095767755,-0.15864390134428588,-0.05815934950867627,-0.27105164793965464,-0.07258694453674838,8062108,logistic_l2,accuracy 0.4756,"[0.03961, 0.08954]",8062108,497
target_event_sign_10,5,momentum_900,CROSS_FAMILY_CANDIDATE,-0.1373484757822298,-0.1530805327768,-0.044803564768295855,-0.22220843316060782,-0.052479244760380565,8062108,logistic_l2,accuracy 0.4756,"[0.03961, 0.08954]",8062108,497
target_event_sign_10,6,logit_return_30,CROSS_FAMILY_CANDIDATE,-0.1353723769775386,-0.1562489320130877,-0.10825324774029886,-0.33519412119722114,-0.14850292503996101,8062108,logistic_l2,accuracy 0.4756,"[0.03961, 0.08954]",8062108,497
target_event_sign_10,7,momentum_15,CROSS_FAMILY_CANDIDATE,-0.1334280729663689,-0.1469232622290722,-0.07918320865537633,-0.3285442069725745,-0.08566132638783813,8062108,logistic_l2,accuracy 0.4756,"[0.03961, 0.08954]",8062108,497
target_event_sign_10,8,trend_slope_300,CROSS_FAMILY_CANDIDATE,-0.12456186864965217,-0.11843707805016541,-0.03899037062595375,-0.11331667046864403,-0.017547195493714085,7419498,logistic_l2,accuracy 0.4756,"[0.03961, 0.08954]",8062108,497
target_event_sign_2,1,distance_recent_high_300,CROSS_FAMILY_CANDIDATE,-0.08065604634307891,-0.11001931122829915,-0.02245102447766251,-0.2986762107228577,-0.05356087319741032,8068901,logistic_l2,accuracy 0.5441,"[0.005294, 0.0174]",8068901,519
target_event_sign_2,2,momentum_900,CROSS_FAMILY_CANDIDATE,-0.06193500888142487,-0.10910327647934721,-0.007890317617173322,-0.2125595168570903,-0.03845605922291586,8068901,logistic_l2,accuracy 0.5441,"[0.005294, 0.0174]",8068901,519
target_event_sign_2,3,momentum_120,WITHIN_FAMILY_STABLE,-0.0600170852924878,-0.10491395368021046,-0.015025402838739696,-0.2976343947317856,-0.06168803975143776,8068901,logistic_l2,accuracy 0.5441,"[0.005294, 0.0174]",8068901,519
target_event_sign_2,4,momentum_300,CROSS_FAMILY_CANDIDATE,-0.05828391374498142,-0.1108234459817665,-0.012467205140465188,-0.2618892837816431,-0.05255839057313148,8068901,logistic_l2,accuracy 0.5441,"[0.005294, 0.0174]",8068901,519
target_event_sign_2,5,logit_return_60,CROSS_FAMILY_CANDIDATE,-0.0576393211609734,-0.10821381096012594,-0.05707884834470186,-0.3206406975012801,-0.1425850043745391,8068901,logistic_l2,accuracy 0.5441,"[0.005294, 0.0174]",8068901,519
target_event_sign_2,6,momentum_15,WITHIN_FAMILY_STABLE,-0.049599659443834244,-0.08335676145237435,-0.01353247314116842,-0.32287223583517155,-0.060104350928135694,8068901,logistic_l2,accuracy 0.5441,"[0.005294, 0.0174]",8068901,519
target_event_sign_2,7,logit_return_30,CROSS_FAMILY_CANDIDATE,-0.04914320478141989,-0.09471124103769013,-0.04421459635039714,-0.3263782112392296,-0.12742437487855904,8068901,logistic_l2,accuracy 0.5441,"[0.005294, 0.0174]",8068901,519
target_event_sign_5,1,momentum_120,CROSS_FAMILY_CANDIDATE,-0.11405424355251931,-0.14330674440322852,-0.04692518298295974,-0.3076946194489174,-0.07773783980835253,8066332,logistic_l2,accuracy 0.4972,"[0.02645, 0.06481]",8066332,509
target_event_sign_5,2,logit_return_60,CROSS_FAMILY_CANDIDATE,-0.11360053268937977,-0.1516891473673271,-0.10403745609032279,-0.33261636429689534,-0.16713859157685784,8066332,logistic_l2,accuracy 0.4972,"[0.02645, 0.06481]",8066332,509
target_event_sign_5,3,momentum_300,CROSS_FAMILY_CANDIDATE,-0.11348284943525712,-0.14572307591806355,-0.040621855315264355,-0.2728074795388298,-0.06655364582262713,8066332,logistic_l2,accuracy 0.4972,"[0.02645, 0.06481]",8066332,509
target_event_sign_5,4,momentum_900,CROSS_FAMILY_CANDIDATE,-0.11150823016937703,-0.1393450726544653,-0.030131166413691308,-0.22349981358513432,-0.04877494015282772,8066332,logistic_l2,accuracy 0.4972,"[0.02645, 0.06481]",8066332,509
target_event_sign_5,5,logit_return_30,CROSS_FAMILY_CANDIDATE,-0.10826577574017171,-0.1413653588283649,-0.0900659427780814,-0.33519937368308833,-0.14752174703745935,8066332,logistic_l2,accuracy 0.4972,"[0.02645, 0.06481]",8066332,509
target_event_sign_5,6,momentum_15,CROSS_FAMILY_CANDIDATE,-0.10729702516872837,-0.1328587049929917,-0.05275467616696726,-0.3256903798326287,-0.07599421888378038,8066332,logistic_l2,accuracy 0.4972,"[0.02645, 0.06481]",8066332,509
target_event_sign_5,7,trend_slope_60,CROSS_FAMILY_CANDIDATE,-0.10714601668385257,-0.13438599838596285,-0.03289682726959496,-0.184655759475608,-0.02179975621417047,6821538,logistic_l2,accuracy 0.4972,"[0.02645, 0.06481]",8066332,509
