classification,family,panel_id,grid_seconds,horizon_seconds,model,requested_block_minutes,mean,n_valid_times,block_rows,effective_blocks,draws,ci_low,ci_high,status
POST_HOC_INDEPENDENT_REVIEW_FALSIFICATION,US_2024,US_2024_event_6e91434eb80f,5,15,M2,5,6.39061768640595e-05,234,60,3.9,5000,,,UNSTABLE_TOO_FEW_BLOCK_EQUIVALENTS
POST_HOC_INDEPENDENT_REVIEW_FALSIFICATION,US_2024,US_2024_event_6e91434eb80f,5,15,M2,15,6.39061768640595e-05,234,180,1.3,5000,,,UNSTABLE_TOO_FEW_BLOCK_EQUIVALENTS
POST_HOC_INDEPENDENT_REVIEW_FALSIFICATION,US_2024,US_2024_event_6e91434eb80f,5,15,M2,30,6.39061768640595e-05,234,360,0.65,5000,,,INSUFFICIENT_DURATION
POST_HOC_INDEPENDENT_REVIEW_FALSIFICATION,US_2024,US_2024_event_6e91434eb80f,5,15,M2,60,6.39061768640595e-05,234,720,0.325,5000,,,INSUFFICIENT_DURATION
POST_HOC_INDEPENDENT_REVIEW_FALSIFICATION,US_2024,US_2024_event_6e91434eb80f,5,15,M2,120,6.39061768640595e-05,234,1440,0.1625,5000,,,INSUFFICIENT_DURATION
POST_HOC_INDEPENDENT_REVIEW_FALSIFICATION,US_2024,US_2024_event_6e91434eb80f,5,30,M4,5,0.00017299303646756112,307,60,5.116666666666666,5000,-6.4063804024024245e-06,0.00021241059618778732,STABLE_ENOUGH_FOR_CI
POST_HOC_INDEPENDENT_REVIEW_FALSIFICATION,US_2024,US_2024_event_6e91434eb80f,5,30,M4,15,0.00017299303646756112,307,180,1.7055555555555555,5000,,,UNSTABLE_TOO_FEW_BLOCK_EQUIVALENTS
POST_HOC_INDEPENDENT_REVIEW_FALSIFICATION,US_2024,US_2024_event_6e91434eb80f,5,30,M4,30,0.00017299303646756112,307,360,0.8527777777777777,5000,,,INSUFFICIENT_DURATION
POST_HOC_INDEPENDENT_REVIEW_FALSIFICATION,US_2024,US_2024_event_6e91434eb80f,5,30,M4,60,0.00017299303646756112,307,720,0.4263888888888889,5000,,,INSUFFICIENT_DURATION
POST_HOC_INDEPENDENT_REVIEW_FALSIFICATION,US_2024,US_2024_event_6e91434eb80f,5,30,M4,120,0.00017299303646756112,307,1440,0.21319444444444444,5000,,,INSUFFICIENT_DURATION
POST_HOC_INDEPENDENT_REVIEW_FALSIFICATION,US_2024,US_2024_event_6e91434eb80f,15,15,M2,5,0.004441864818692255,268,20,13.4,5000,7.35673443808046e-05,0.008205395586200715,STABLE_ENOUGH_FOR_CI
POST_HOC_INDEPENDENT_REVIEW_FALSIFICATION,US_2024,US_2024_event_6e91434eb80f,15,15,M2,15,0.004441864818692255,268,60,4.466666666666667,5000,-0.0002491244190208856,0.005048420423484569,STABLE_ENOUGH_FOR_CI
POST_HOC_INDEPENDENT_REVIEW_FALSIFICATION,US_2024,US_2024_event_6e91434eb80f,15,15,M2,30,0.004441864818692255,268,120,2.2333333333333334,5000,,,UNSTABLE_TOO_FEW_BLOCK_EQUIVALENTS
POST_HOC_INDEPENDENT_REVIEW_FALSIFICATION,US_2024,US_2024_event_6e91434eb80f,15,15,M2,60,0.004441864818692255,268,240,1.1166666666666667,5000,,,UNSTABLE_TOO_FEW_BLOCK_EQUIVALENTS
POST_HOC_INDEPENDENT_REVIEW_FALSIFICATION,US_2024,US_2024_event_6e91434eb80f,15,15,M2,120,0.004441864818692255,268,480,0.5583333333333333,5000,,,INSUFFICIENT_DURATION