classification,row_type,target_condition_id,target_question,source_condition_id,source_question,semantic_relation,return_lag,signed_return_coefficient,absolute_return_coefficient,source_return_l2_norm,source_mask_l2_norm,source_age_l2_norm,own_return_coefficient_lag0,own_return_coefficient_lag1,own_return_coefficient_lag2,cross_rank,return_sign
POST_HOC_INDEPENDENT_REVIEW_FALSIFICATION,OWN_HISTORY,0x136e99098f7d4087b4c5775d9f9a512de67e50bda37e88fa86b05a226c390182,Will a Republican win the popular vote and a Democrat win the Presidency?,0x136e99098f7d4087b4c5775d9f9a512de67e50bda37e88fa86b05a226c390182,Will a Republican win the popular vote and a Democrat win the Presidency?,OWN_HISTORY,,,,0.009138643523684912,0.00393628539680327,0.0023075797440227325,-0.005406527201081168,-0.007366380600942168,0.00014389551424733962,,
POST_HOC_INDEPENDENT_REVIEW_FALSIFICATION,TOP_CROSS_RETURN_COEFFICIENT,0x136e99098f7d4087b4c5775d9f9a512de67e50bda37e88fa86b05a226c390182,Will a Republican win the popular vote and a Democrat win the Presidency?,0xab0132a0b89e43d95c2643ac835877c757849e9a64ebac3c9f0c4696db41a288,Will a 3rd party candidate win the popular vote or the Presidency?,COMMON_EVENT_OTHER,0,-0.00670997886284047,0.00670997886284047,0.007778504120922775,0.0020942277533132414,0.0023967437395643904,,,,1,negative
POST_HOC_INDEPENDENT_REVIEW_FALSIFICATION,TOP_CROSS_RETURN_COEFFICIENT,0x136e99098f7d4087b4c5775d9f9a512de67e50bda37e88fa86b05a226c390182,Will a Republican win the popular vote and a Democrat win the Presidency?,0xab0132a0b89e43d95c2643ac835877c757849e9a64ebac3c9f0c4696db41a288,Will a 3rd party candidate win the popular vote or the Presidency?,COMMON_EVENT_OTHER,1,0.003800682920615566,0.003800682920615566,0.007778504120922775,0.0020942277533132414,0.0023967437395643904,,,,2,positive
POST_HOC_INDEPENDENT_REVIEW_FALSIFICATION,TOP_CROSS_RETURN_COEFFICIENT,0x136e99098f7d4087b4c5775d9f9a512de67e50bda37e88fa86b05a226c390182,Will a Republican win the popular vote and a Democrat win the Presidency?,0xafde9e890a2db339b6515cd75c2d09574dcaf731b483a1ef6ea0a3abc5ec8abd,Will a Democrat win the popular vote and the Presidency? ,COMMON_EVENT_OTHER,1,0.0024970567797926485,0.0024970567797926485,0.0026094623248932754,0.004845072289814083,0.004021406320242384,,,,3,positive
POST_HOC_INDEPENDENT_REVIEW_FALSIFICATION,OWN_HISTORY,0xafde9e890a2db339b6515cd75c2d09574dcaf731b483a1ef6ea0a3abc5ec8abd,Will a Democrat win the popular vote and the Presidency? ,0xafde9e890a2db339b6515cd75c2d09574dcaf731b483a1ef6ea0a3abc5ec8abd,Will a Democrat win the popular vote and the Presidency? ,OWN_HISTORY,,,,0.010747370191218653,0.0007910169344453764,0.0007833819405137003,-0.00961642705214037,-0.0045756523864596095,-0.001446963032093297,,
POST_HOC_INDEPENDENT_REVIEW_FALSIFICATION,TOP_CROSS_RETURN_COEFFICIENT,0xafde9e890a2db339b6515cd75c2d09574dcaf731b483a1ef6ea0a3abc5ec8abd,Will a Democrat win the popular vote and the Presidency? ,0xc53c00d3ed7df96cb528e049ca2d8a6056b620a82bfffd3ad58d35c5f92c02d6,Will a Democrat win the popular vote and a Republican win the Presidency?,COMMON_EVENT_OTHER,2,-0.00196174589204219,0.00196174589204219,0.0026931891903988294,0.0009514516360589223,0.0007181477824971331,,,,1,negative
POST_HOC_INDEPENDENT_REVIEW_FALSIFICATION,TOP_CROSS_RETURN_COEFFICIENT,0xafde9e890a2db339b6515cd75c2d09574dcaf731b483a1ef6ea0a3abc5ec8abd,Will a Democrat win the popular vote and the Presidency? ,0xc53c00d3ed7df96cb528e049ca2d8a6056b620a82bfffd3ad58d35c5f92c02d6,Will a Democrat win the popular vote and a Republican win the Presidency?,COMMON_EVENT_OTHER,0,0.001366747401313736,0.001366747401313736,0.0026931891903988294,0.0009514516360589223,0.0007181477824971331,,,,2,positive
POST_HOC_INDEPENDENT_REVIEW_FALSIFICATION,TOP_CROSS_RETURN_COEFFICIENT,0xafde9e890a2db339b6515cd75c2d09574dcaf731b483a1ef6ea0a3abc5ec8abd,Will a Democrat win the popular vote and the Presidency? ,0xc53c00d3ed7df96cb528e049ca2d8a6056b620a82bfffd3ad58d35c5f92c02d6,Will a Democrat win the popular vote and a Republican win the Presidency?,COMMON_EVENT_OTHER,1,-0.0012396864971995318,0.0012396864971995318,0.0026931891903988294,0.0009514516360589223,0.0007181477824971331,,,,3,negative
POST_HOC_INDEPENDENT_REVIEW_FALSIFICATION,OWN_HISTORY,0xc53c00d3ed7df96cb528e049ca2d8a6056b620a82bfffd3ad58d35c5f92c02d6,Will a Democrat win the popular vote and a Republican win the Presidency?,0xc53c00d3ed7df96cb528e049ca2d8a6056b620a82bfffd3ad58d35c5f92c02d6,Will a Democrat win the popular vote and a Republican win the Presidency?,OWN_HISTORY,,,,0.007149464067454435,0.0010000971709409408,0.002342351083877986,-0.005419004683152944,-0.0027318227499547954,-0.003779731360641652,,
POST_HOC_INDEPENDENT_REVIEW_FALSIFICATION,TOP_CROSS_RETURN_COEFFICIENT,0xc53c00d3ed7df96cb528e049ca2d8a6056b620a82bfffd3ad58d35c5f92c02d6,Will a Democrat win the popular vote and a Republican win the Presidency?,0xab0132a0b89e43d95c2643ac835877c757849e9a64ebac3c9f0c4696db41a288,Will a 3rd party candidate win the popular vote or the Presidency?,COMMON_EVENT_OTHER,0,-0.0035833448992762867,0.0035833448992762867,0.0036019243873936942,0.0011859338492176677,0.0023743748699914264,,,,1,negative
POST_HOC_INDEPENDENT_REVIEW_FALSIFICATION,TOP_CROSS_RETURN_COEFFICIENT,0xc53c00d3ed7df96cb528e049ca2d8a6056b620a82bfffd3ad58d35c5f92c02d6,Will a Democrat win the popular vote and a Republican win the Presidency?,0x136e99098f7d4087b4c5775d9f9a512de67e50bda37e88fa86b05a226c390182,Will a Republican win the popular vote and a Democrat win the Presidency?,COMMON_EVENT_OTHER,2,-0.0015572206484172014,0.0015572206484172014,0.0017374424355320432,0.0010277456136768644,0.0024403836667884634,,,,2,negative
POST_HOC_INDEPENDENT_REVIEW_FALSIFICATION,TOP_CROSS_RETURN_COEFFICIENT,0xc53c00d3ed7df96cb528e049ca2d8a6056b620a82bfffd3ad58d35c5f92c02d6,Will a Democrat win the popular vote and a Republican win the Presidency?,0xafde9e890a2db339b6515cd75c2d09574dcaf731b483a1ef6ea0a3abc5ec8abd,Will a Democrat win the popular vote and the Presidency? ,COMMON_EVENT_OTHER,2,0.00135240972894864,0.00135240972894864,0.0014134273535531374,0.0035626132145658604,0.0016933818584314005,,,,3,positive
POST_HOC_INDEPENDENT_REVIEW_FALSIFICATION,OWN_HISTORY,0x2010ff3939e8e664dd57369aa907bbaa6d03ae18be27fe3ab2f4cdcb95a8b2ab,Will a Republican win the popular vote and the Presidency? ,0x2010ff3939e8e664dd57369aa907bbaa6d03ae18be27fe3ab2f4cdcb95a8b2ab,Will a Republican win the popular vote and the Presidency? ,OWN_HISTORY,,,,0.005442440003587505,0.0010655096292154556,0.0004307288041024679,-0.00509831337040056,0.0018570056356478051,-0.00042294685129072113,,
POST_HOC_INDEPENDENT_REVIEW_FALSIFICATION,TOP_CROSS_RETURN_COEFFICIENT,0x2010ff3939e8e664dd57369aa907bbaa6d03ae18be27fe3ab2f4cdcb95a8b2ab,Will a Republican win the popular vote and the Presidency? ,0xc53c00d3ed7df96cb528e049ca2d8a6056b620a82bfffd3ad58d35c5f92c02d6,Will a Democrat win the popular vote and a Republican win the Presidency?,COMMON_EVENT_OTHER,1,0.0016766877217500036,0.0016766877217500036,0.001888848271880506,0.001508446708669819,0.001347019980136814,,,,1,positive
POST_HOC_INDEPENDENT_REVIEW_FALSIFICATION,TOP_CROSS_RETURN_COEFFICIENT,0x2010ff3939e8e664dd57369aa907bbaa6d03ae18be27fe3ab2f4cdcb95a8b2ab,Will a Republican win the popular vote and the Presidency? ,0x136e99098f7d4087b4c5775d9f9a512de67e50bda37e88fa86b05a226c390182,Will a Republican win the popular vote and a Democrat win the Presidency?,COMMON_EVENT_OTHER,1,0.0008912983703386442,0.0008912983703386442,0.001182505212213559,0.001891344715813257,0.0006730337239882292,,,,2,positive
POST_HOC_INDEPENDENT_REVIEW_FALSIFICATION,TOP_CROSS_RETURN_COEFFICIENT,0x2010ff3939e8e664dd57369aa907bbaa6d03ae18be27fe3ab2f4cdcb95a8b2ab,Will a Republican win the popular vote and the Presidency? ,0xc53c00d3ed7df96cb528e049ca2d8a6056b620a82bfffd3ad58d35c5f92c02d6,Will a Democrat win the popular vote and a Republican win the Presidency?,COMMON_EVENT_OTHER,2,0.0008666693467374339,0.0008666693467374339,0.001888848271880506,0.001508446708669819,0.001347019980136814,,,,3,positive
