event,regime,phase,eligible_markets,bins,valid_midpoint_cells,midpoint_fraction,bbo_updates
hungary_election,PRE_ELECTION,DISCOVERY,2,20640,41266,0.9996608527131783,715956
hungary_election,ACTIVE_RESULTS,DISCOVERY,2,720,524,0.3638888888888889,28787
peru_first_round,PRE_ELECTION,DISCOVERY,11,7200,72327,0.913219696969697,1843562
peru_first_round,ACTIVE_RESULTS,DISCOVERY,40,720,9743,0.3382986111111111,582831
colombia_first_round,PRE_ELECTION,CHALLENGE,9,7320,61123,0.9277929568913176,2055498
colombia_first_round,ACTIVE_RESULTS,CHALLENGE,23,720,13118,0.7921497584541063,865083
peru_runoff,PRE_ELECTION,CHALLENGE,5,7200,21457,0.5960277777777778,982929
peru_runoff,ACTIVE_RESULTS,CHALLENGE,23,720,3119,0.18834541062801932,661912
colombia_runoff,PRE_ELECTION,CHALLENGE,3,7320,21800,0.9927140255009107,385396
colombia_runoff,ACTIVE_RESULTS,CHALLENGE,4,720,2845,0.9878472222222222,127399
