date,fill_rows,markets_with_rows,conditions_with_rows,tokens_with_rows,events_with_rows,missing_block_rows
2025-10-14,790,61,61,121,50,0
2025-10-15,248,48,48,90,42,0
2025-10-16,139,23,23,42,21,0
2025-10-17,222,37,37,64,33,0
2025-10-18,108,32,32,52,29,0
2025-10-19,86,21,21,35,19,0
2025-10-20,104,22,22,39,18,0
2025-10-21,99,19,19,35,14,0
2025-10-22,103,14,14,27,12,0
2025-10-23,164,22,22,34,17,0
2025-10-24,88,18,18,32,18,0
2025-10-25,44,9,9,17,8,0
2025-10-26,46,11,11,18,9,0
2025-10-27,142,30,30,56,28,0
2025-10-28,31,7,7,13,7,0
2025-10-29,24,7,7,11,7,0
2025-10-30,41,14,14,25,13,0
2025-10-31,53,14,14,25,13,0
2025-11-01,28,11,11,19,11,0
2025-11-02,56,19,19,33,18,0
2025-11-03,67,14,14,21,12,0
2025-11-04,58,12,12,17,10,0
2025-11-05,267,32,32,60,24,0
2025-11-06,209,22,22,39,18,0
2025-11-07,156,30,30,54,25,0
2025-11-08,88,17,17,27,13,0
2025-11-09,65,13,13,23,9,0
2025-11-10,89,11,11,19,11,0
2025-11-11,77,12,12,18,11,0
2025-11-12,79,13,13,22,12,0
2025-11-13,104,18,18,34,16,0
2025-11-14,186,38,38,64,29,0
2025-11-15,128,22,22,38,17,0
2025-11-16,80,14,14,25,11,0
2025-11-17,156,25,25,45,22,0
2025-11-18,46,7,7,12,6,0
2025-11-19,50,12,12,21,9,0
2025-11-20,59,16,16,25,14,0
2025-11-21,110,26,26,43,20,0
2025-11-22,77,14,14,23,13,0
2025-11-23,78,13,13,21,10,0
2025-11-24,120,14,14,25,11,0
2025-11-25,164,25,25,44,18,0
2025-11-26,154,37,37,58,33,0
2025-11-27,144,15,15,25,12,0
2025-11-28,166,15,15,27,11,0
2025-11-29,210,28,28,47,22,0
2025-11-30,146,9,9,16,5,0
2025-12-01,224,34,34,64,22,0
2025-12-02,109,14,14,23,11,0
2025-12-03,267,26,26,47,20,0
2025-12-04,259,17,17,31,14,0
2025-12-05,203,17,17,31,13,0
2025-12-06,134,29,29,52,25,0
2025-12-07,106,17,17,28,15,0
2025-12-08,257,27,27,51,19,0
2025-12-09,102,25,25,40,18,0
2025-12-10,118,19,19,31,15,0
2025-12-11,61,10,10,17,7,0
2025-12-12,111,19,19,29,13,0
2025-12-13,47,13,13,23,10,0
2025-12-14,69,13,13,24,12,0
2025-12-15,243,23,23,45,12,0
2025-12-16,407,24,24,45,13,0
2025-12-17,537,29,29,50,18,0
2025-12-18,432,23,23,43,16,0
2025-12-19,620,28,28,43,15,0
2025-12-20,419,40,40,72,21,0
2025-12-21,367,18,18,32,11,0
2025-12-22,1173,43,43,81,16,0
2025-12-23,395,39,39,65,23,0
2025-12-24,292,24,24,39,20,0
2025-12-25,212,14,14,20,11,0
2025-12-26,122,22,22,41,20,0
2025-12-27,225,16,16,28,11,0
2025-12-28,102,29,29,47,18,0
2025-12-29,82,16,16,28,13,0
2025-12-30,158,25,25,41,19,0
2025-12-31,357,19,19,31,13,0
2026-01-01,327,29,29,49,17,0
2026-01-02,255,41,41,66,24,0
2026-01-03,296,48,48,88,34,0
2026-01-04,242,31,31,52,17,0
2026-01-05,560,41,41,73,25,0
2026-01-06,325,24,24,43,20,0
2026-01-07,119,12,12,21,11,0
2026-01-08,445,31,31,53,23,0
2026-01-09,151,19,19,31,14,0
2026-01-10,220,17,17,29,12,0
2026-01-11,365,35,35,55,22,0
2026-01-12,245,14,14,25,10,0
2026-01-13,215,27,27,49,16,0
2026-01-14,194,21,21,35,17,0
2026-01-15,141,19,19,31,14,0
2026-01-16,166,24,24,43,12,0
2026-01-17,293,37,37,59,21,0
2026-01-18,154,30,30,53,22,0
2026-01-19,437,58,58,101,47,0
2026-01-20,1090,42,42,79,19,0
2026-01-21,224,34,34,59,18,0
2026-01-22,458,35,35,59,22,0
2026-01-23,113,23,23,33,16,0
2026-01-24,112,24,24,40,20,0
2026-01-25,150,36,36,62,17,0
2026-01-26,43,17,17,26,16,0
2026-01-27,95,21,21,34,16,0
2026-01-28,152,19,19,32,13,0
2026-01-29,222,19,19,33,14,0
2026-01-30,210,23,23,40,18,0
2026-01-31,217,43,43,76,26,0
2026-02-01,415,53,53,90,25,0
2026-02-02,232,41,41,58,20,0
2026-02-03,143,21,21,37,15,0
2026-02-04,149,31,31,55,16,0
2026-02-05,253,41,41,71,19,0
2026-02-06,332,36,36,62,21,0
2026-02-07,272,36,36,63,25,0
2026-02-08,155,31,31,55,21,0
2026-02-09,208,28,28,44,21,0
2026-02-10,307,44,44,79,31,0
2026-02-11,223,58,58,100,41,0
2026-02-12,401,48,48,79,34,0
2026-02-13,495,88,88,166,59,0
2026-02-14,422,72,72,122,45,0
2026-02-15,362,70,70,125,44,0
2026-02-16,278,40,40,65,24,0
2026-02-17,1281,74,74,143,58,0
2026-02-18,363,66,66,114,47,0
2026-02-19,365,46,46,81,32,0
2026-02-20,311,42,42,77,31,0
2026-02-21,184,32,32,54,24,0
2026-02-22,465,48,48,87,32,0
2026-02-23,539,40,40,66,27,0
2026-02-24,445,74,74,117,47,0
2026-02-25,449,38,38,68,29,0
2026-02-26,349,46,46,76,27,0
2026-02-27,306,45,45,73,33,0
2026-02-28,415,40,40,70,30,0
2026-03-01,543,51,51,91,33,0
2026-03-02,335,41,41,66,35,0
2026-03-03,554,60,60,91,46,0
2026-03-04,1177,60,60,109,34,0
2026-03-05,966,57,57,108,32,0
2026-03-06,892,44,44,78,25,0
2026-03-07,1066,87,87,163,49,0
2026-03-08,432,59,59,97,32,0
2026-03-09,899,50,50,91,30,0
2026-03-10,617,56,56,96,34,0
2026-03-11,262,40,40,70,31,0
2026-03-12,615,48,48,88,27,0
2026-03-13,2399,52,52,93,33,0
2026-03-14,2368,49,49,90,26,0
2026-03-15,1950,82,82,155,44,0
2026-03-16,1311,64,64,119,31,0
2026-03-17,2253,60,60,108,39,0
2026-03-18,681,66,66,115,34,0
2026-03-19,3453,84,84,154,46,0
2026-03-20,1206,68,68,124,34,0
2026-03-21,2273,72,72,136,36,0
2026-03-22,883,71,71,127,42,0
2026-03-23,646,57,57,100,33,0
2026-03-24,1066,77,77,144,47,0
2026-03-25,730,75,75,132,50,0
2026-03-26,700,70,70,120,40,0
2026-03-27,904,54,54,92,28,0
2026-03-28,479,43,43,77,24,0
2026-03-29,486,56,56,96,38,0
2026-03-30,527,64,64,112,39,0
2026-03-31,462,63,63,108,47,0
2026-04-01,1404,86,86,161,55,0
2026-04-02,1302,102,102,196,66,0
2026-04-03,1042,101,101,178,65,0
2026-04-04,1008,88,88,160,64,0
2026-04-05,436,55,55,98,35,0
2026-04-06,777,57,57,100,40,0
2026-04-07,2026,92,92,176,66,0
2026-04-08,859,66,66,115,39,0
2026-04-09,1059,64,64,111,33,0
2026-04-10,542,63,63,105,37,0
2026-04-11,690,56,56,99,28,0
2026-04-12,798,69,69,120,36,0
2026-04-13,1411,89,89,159,49,0
2026-04-14,5009,81,81,154,49,0
2026-04-15,863,81,81,143,45,0
2026-04-16,710,63,63,108,37,0
2026-04-17,1168,69,69,122,54,0
2026-04-18,719,72,72,128,49,0
2026-04-19,1086,82,82,154,41,0
2026-04-20,951,74,74,136,38,0
2026-04-21,1243,80,80,138,44,0
2026-04-22,759,82,82,144,57,0
2026-04-23,949,87,87,154,55,0
2026-04-24,838,75,75,130,51,0
2026-04-25,1222,96,96,169,66,0
2026-04-26,865,66,66,120,44,0
2026-04-27,978,72,72,131,48,0
2026-04-28,523,75,75,138,46,0
2026-04-29,635,67,67,121,36,0
2026-04-30,563,55,55,97,34,0
2026-05-01,409,63,63,101,36,0
2026-05-02,308,47,47,80,29,0
2026-05-03,387,50,50,88,29,0
2026-05-04,341,57,57,99,32,0
2026-05-05,530,63,63,113,36,0
2026-05-06,545,76,76,133,49,0
2026-05-07,473,87,87,147,61,0
2026-05-08,2068,73,73,127,41,0
2026-05-09,1399,57,57,96,29,0
2026-05-10,695,61,61,110,34,0
2026-05-11,341,52,52,88,28,0
2026-05-12,557,78,78,137,39,0
2026-05-13,581,48,48,86,25,0
2026-05-14,411,54,54,88,32,0
2026-05-15,444,59,59,107,31,0
2026-05-16,297,54,54,91,34,0
2026-05-17,418,59,59,101,40,0
2026-05-18,255,41,41,72,31,0
2026-05-19,1354,77,77,139,47,0
2026-05-20,695,66,66,117,41,0
2026-05-21,497,44,44,75,23,0
2026-05-22,277,44,44,72,26,0
2026-05-23,1098,60,60,99,38,0
2026-05-24,375,46,46,70,28,0
2026-05-25,589,65,65,113,34,0
2026-05-26,766,55,55,93,33,0
2026-05-27,1250,50,50,87,27,0
2026-05-28,1423,44,44,75,26,0
2026-05-29,1102,51,51,85,30,0
2026-05-30,508,38,38,66,22,0
2026-05-31,803,45,45,85,25,0
2026-06-01,950,59,59,106,32,0
2026-06-02,587,74,74,129,48,0
2026-06-03,477,60,60,99,43,0
2026-06-04,387,52,52,92,35,0
2026-06-05,497,59,59,103,32,0
2026-06-06,290,31,31,53,21,0
2026-06-07,274,45,45,77,33,0
2026-06-08,312,36,36,63,23,0
2026-06-09,273,38,38,65,22,0
2026-06-10,477,42,42,74,34,0
2026-06-11,362,39,39,69,28,0
2026-06-12,375,40,40,69,27,0
2026-06-13,256,36,36,63,22,0
2026-06-14,495,46,46,81,24,0
2026-06-15,472,56,56,101,29,0
2026-06-16,628,71,71,125,40,0
2026-06-17,571,48,48,85,30,0
2026-06-18,557,48,48,88,36,0
2026-06-19,304,43,43,77,31,0
2026-06-20,395,58,58,95,31,0
2026-06-21,313,46,46,87,24,0
2026-06-22,295,38,38,66,26,0
2026-06-23,315,50,50,86,32,0
2026-06-24,910,55,55,101,39,0
2026-06-25,663,79,79,136,42,0
2026-06-26,338,39,39,65,30,0
2026-06-27,453,37,37,58,27,0
2026-06-28,492,44,44,83,33,0
2026-06-29,308,37,37,62,26,0
2026-06-30,616,62,62,107,39,0
2026-07-01,579,54,54,99,37,0
2026-07-02,538,55,55,94,36,0
2026-07-03,908,57,57,104,32,0
2026-07-04,423,65,65,116,48,0
2026-07-05,522,58,58,95,32,0
2026-07-06,436,57,57,98,39,0
2026-07-07,697,68,68,119,39,0
2026-07-08,580,68,68,119,38,0
2026-07-09,578,55,55,90,32,0
2026-07-10,540,52,52,91,35,0
2026-07-11,476,60,60,104,38,0
2026-07-12,578,58,58,97,34,0
2026-07-13,482,55,55,86,42,0
2026-07-14,743,51,51,89,30,0
2026-07-15,670,47,47,82,30,0
2026-07-16,460,54,54,97,27,0
2026-07-17,502,57,57,99,32,0
2026-07-18,342,49,49,87,30,0
2026-07-19,369,38,38,66,25,0
2026-07-20,456,56,56,97,26,0
2026-07-21,470,57,57,100,22,0
2026-07-22,435,42,42,75,27,0
2026-07-23,691,49,49,81,27,0
2026-07-24,257,36,36,66,25,0
2026-07-25,384,35,35,60,18,0
2026-07-26,587,58,58,98,28,0
2026-07-27,536,51,51,88,30,0
2026-07-28,261,29,29,46,19,0
2026-07-29,616,41,41,66,26,0
2026-07-30,682,53,53,97,32,0
2026-07-31,610,47,47,86,31,0
2026-08-01,839,62,62,107,31,0
2026-08-02,512,41,41,73,29,0
2026-08-03,553,53,53,93,28,0
2026-08-04,926,62,62,99,34,0
2026-08-05,1721,78,78,131,45,0
2026-08-06,1574,62,62,109,34,0
2026-08-07,1404,68,68,124,29,0
2026-08-08,747,65,65,113,41,0
2026-08-09,710,67,67,119,39,0
2026-08-10,1007,83,83,146,29,0
2026-08-11,2454,161,161,310,56,0
2026-08-12,3020,182,182,339,56,0
2026-08-13,3004,138,138,259,48,0
2026-08-14,2172,141,141,253,51,0
2026-08-15,1426,112,112,191,59,0
2026-08-16,1354,115,115,203,58,0
2026-08-17,1312,94,94,169,55,0
2026-08-18,2116,130,130,235,60,0
2026-08-19,3474,166,166,304,62,0
2026-08-20,1848,127,127,222,57,0
2026-08-21,2482,123,123,222,56,0
2026-08-22,2438,126,126,230,57,0
2026-08-23,1306,133,133,233,49,0
2026-08-24,1727,122,122,222,54,0
2026-08-25,985,123,123,214,62,0
2026-08-26,1938,111,111,200,54,0
2026-08-27,1555,122,122,222,54,0
2026-08-28,1122,111,111,197,54,0
2026-08-29,1307,108,108,182,53,0
2026-08-30,1190,98,98,174,44,0
2026-08-31,1219,123,123,210,51,0
2026-09-01,1425,114,114,207,58,0
2026-09-02,1662,117,117,203,53,0
2026-09-03,921,100,100,184,57,0
2026-09-04,1237,138,138,247,53,0
2026-09-05,1534,132,132,232,55,0
2026-09-06,1024,107,107,185,51,0
2026-09-07,774,103,103,180,50,0
2026-09-08,1470,124,124,218,60,0
2026-09-09,1095,128,128,213,60,0
2026-09-10,1075,138,138,244,77,0
2026-09-11,1069,106,106,184,55,0
2026-09-12,720,86,86,156,44,0
2026-09-13,1852,97,97,177,51,0
2026-09-14,2542,148,148,266,59,0
2026-09-15,1434,85,85,156,44,0
2026-09-16,1645,144,144,250,70,0
2026-09-17,2465,179,179,290,76,0
2026-09-18,2626,193,193,315,75,0
2026-09-19,1633,122,122,214,55,0
2026-09-20,1625,131,131,231,59,1625
2026-09-21,3364,165,165,295,73,3364
