offset_c,max_pm_spread_c,min_depth,min_excess_spread_c,dev_n,dev_m60_c,dev_m60_ci_lo_c,dev_m300_c,dev_edge_c,dev_markets,dev_pnl50_60,dev_max_market_share,val_n,val_m60_c,val_m60_ci_lo_c,val_m300_c,val_edge_c,val_markets,val_pnl50_60,val_max_market_share,promote_paper
0.75,1.0,50,0.5,32,1.0000000000000007,1.0000000000000004,1.0000000000000007,1.0000000000000007,11,15.09000000000001,0.28125,15,1.0000000000000009,1.0000000000000009,1.0000000000000009,1.0000000000000009,8,7.090000000000003,0.26666666666666666,True
0.75,2.0,50,0.5,32,1.0000000000000007,1.0000000000000004,1.0000000000000007,1.0000000000000007,11,15.09000000000001,0.28125,15,1.0000000000000009,1.0000000000000009,1.0000000000000009,1.0000000000000009,8,7.090000000000003,0.26666666666666666,True
1.0,1.0,50,0.5,32,1.0000000000000007,1.0000000000000004,1.0000000000000007,1.0000000000000007,11,15.09000000000001,0.28125,15,1.0000000000000009,1.0000000000000009,1.0000000000000009,1.0000000000000009,8,7.090000000000003,0.26666666666666666,True
1.0,2.0,50,0.5,32,1.0000000000000007,1.0000000000000004,1.0000000000000007,1.0000000000000007,11,15.09000000000001,0.28125,15,1.0000000000000009,1.0000000000000009,1.0000000000000009,1.0000000000000009,8,7.090000000000003,0.26666666666666666,True
0.75,1.0,50,1.0,32,1.0000000000000007,1.0000000000000004,1.0000000000000007,1.0000000000000007,11,15.09000000000001,0.28125,13,1.0000000000000009,1.0000000000000009,1.0000000000000009,1.0000000000000009,6,6.090000000000003,0.3076923076923077,True
0.75,1.0,100,0.5,32,1.0000000000000007,1.0000000000000004,1.0000000000000007,1.0000000000000007,11,15.09000000000001,0.28125,13,1.0000000000000009,1.0000000000000009,1.0000000000000009,1.0000000000000009,7,6.5000000000000036,0.3076923076923077,True
0.75,2.0,50,1.0,32,1.0000000000000007,1.0000000000000004,1.0000000000000007,1.0000000000000007,11,15.09000000000001,0.28125,13,1.0000000000000009,1.0000000000000009,1.0000000000000009,1.0000000000000009,6,6.090000000000003,0.3076923076923077,True
0.75,2.0,100,0.5,32,1.0000000000000007,1.0000000000000004,1.0000000000000007,1.0000000000000007,11,15.09000000000001,0.28125,13,1.0000000000000009,1.0000000000000009,1.0000000000000009,1.0000000000000009,7,6.5000000000000036,0.3076923076923077,True
1.0,1.0,50,1.0,32,1.0000000000000007,1.0000000000000004,1.0000000000000007,1.0000000000000007,11,15.09000000000001,0.28125,13,1.0000000000000009,1.0000000000000009,1.0000000000000009,1.0000000000000009,6,6.090000000000003,0.3076923076923077,True
1.0,1.0,100,0.5,32,1.0000000000000007,1.0000000000000004,1.0000000000000007,1.0000000000000007,11,15.09000000000001,0.28125,13,1.0000000000000009,1.0000000000000009,1.0000000000000009,1.0000000000000009,7,6.5000000000000036,0.3076923076923077,True
1.0,2.0,50,1.0,32,1.0000000000000007,1.0000000000000004,1.0000000000000007,1.0000000000000007,11,15.09000000000001,0.28125,13,1.0000000000000009,1.0000000000000009,1.0000000000000009,1.0000000000000009,6,6.090000000000003,0.3076923076923077,True
1.0,2.0,100,0.5,32,1.0000000000000007,1.0000000000000004,1.0000000000000007,1.0000000000000007,11,15.09000000000001,0.28125,13,1.0000000000000009,1.0000000000000009,1.0000000000000009,1.0000000000000009,7,6.5000000000000036,0.3076923076923077,True
0.75,1.0,100,1.0,32,1.0000000000000007,1.0000000000000004,1.0000000000000007,1.0000000000000007,11,15.09000000000001,0.28125,11,1.0000000000000009,1.0000000000000009,1.0000000000000009,1.0000000000000009,5,5.5000000000000036,0.36363636363636365,True
0.75,1.0,200,0.5,24,1.0000000000000007,1.0000000000000002,1.0000000000000007,1.0000000000000007,8,11.090000000000007,0.375,11,1.0000000000000009,1.0000000000000009,1.0000000000000009,1.0000000000000009,6,5.5000000000000036,0.36363636363636365,True
0.75,2.0,100,1.0,32,1.0000000000000007,1.0000000000000004,1.0000000000000007,1.0000000000000007,11,15.09000000000001,0.28125,11,1.0000000000000009,1.0000000000000009,1.0000000000000009,1.0000000000000009,5,5.5000000000000036,0.36363636363636365,True
0.75,2.0,200,0.5,24,1.0000000000000007,1.0000000000000002,1.0000000000000007,1.0000000000000007,8,11.090000000000007,0.375,11,1.0000000000000009,1.0000000000000009,1.0000000000000009,1.0000000000000009,6,5.5000000000000036,0.36363636363636365,True
1.0,1.0,100,1.0,32,1.0000000000000007,1.0000000000000004,1.0000000000000007,1.0000000000000007,11,15.09000000000001,0.28125,11,1.0000000000000009,1.0000000000000009,1.0000000000000009,1.0000000000000009,5,5.5000000000000036,0.36363636363636365,True
1.0,1.0,200,0.5,24,1.0000000000000007,1.0000000000000002,1.0000000000000007,1.0000000000000007,8,11.090000000000007,0.375,11,1.0000000000000009,1.0000000000000009,1.0000000000000009,1.0000000000000009,6,5.5000000000000036,0.36363636363636365,True
1.0,2.0,100,1.0,32,1.0000000000000007,1.0000000000000004,1.0000000000000007,1.0000000000000007,11,15.09000000000001,0.28125,11,1.0000000000000009,1.0000000000000009,1.0000000000000009,1.0000000000000009,5,5.5000000000000036,0.36363636363636365,True
1.0,2.0,200,0.5,24,1.0000000000000007,1.0000000000000002,1.0000000000000007,1.0000000000000007,8,11.090000000000007,0.375,11,1.0000000000000009,1.0000000000000009,1.0000000000000009,1.0000000000000009,6,5.5000000000000036,0.36363636363636365,True
0.5,1.0,100,0.5,64,0.49999999999999956,0.4999999999999987,0.49999999999999956,0.49999999999999956,17,15.109999999999985,0.140625,14,0.5000000000000004,0.5000000000000004,0.5000000000000004,0.5000000000000004,8,3.5000000000000018,0.2857142857142857,True
0.5,2.0,100,0.5,64,0.49999999999999956,0.4999999999999987,0.49999999999999956,0.49999999999999956,17,15.109999999999985,0.140625,14,0.5000000000000004,0.5000000000000004,0.5000000000000004,0.5000000000000004,8,3.5000000000000018,0.2857142857142857,True
0.5,1.0,100,1.0,64,0.49999999999999956,0.4999999999999987,0.49999999999999956,0.49999999999999956,17,15.109999999999985,0.140625,12,0.5000000000000004,0.5000000000000004,0.5000000000000004,0.5000000000000004,6,3.0000000000000018,0.3333333333333333,True
0.5,2.0,100,1.0,64,0.49999999999999956,0.4999999999999987,0.49999999999999956,0.49999999999999956,17,15.109999999999985,0.140625,12,0.5000000000000004,0.5000000000000004,0.5000000000000004,0.5000000000000004,6,3.0000000000000018,0.3333333333333333,True
0.5,1.0,200,0.5,56,0.4999999999999992,0.49999999999999833,0.4999999999999992,0.4999999999999992,14,13.109999999999978,0.16071428571428573,11,0.5000000000000004,0.5000000000000004,0.5000000000000004,0.5000000000000004,6,2.7500000000000018,0.36363636363636365,True
0.5,2.0,200,0.5,56,0.4999999999999992,0.49999999999999833,0.4999999999999992,0.4999999999999992,14,13.109999999999978,0.16071428571428573,11,0.5000000000000004,0.5000000000000004,0.5000000000000004,0.5000000000000004,6,2.7500000000000018,0.36363636363636365,True
0.5,1.0,50,0.5,64,0.49999999999999956,0.4999999999999987,0.49999999999999956,0.49999999999999956,17,15.109999999999985,0.140625,16,0.5000000000000018,0.5,0.5000000000000019,0.5000000000000018,9,3.7950000000000097,0.25,True
0.5,2.0,50,0.5,64,0.49999999999999956,0.4999999999999987,0.49999999999999956,0.49999999999999956,17,15.109999999999985,0.140625,16,0.5000000000000018,0.5,0.5000000000000019,0.5000000000000018,9,3.7950000000000097,0.25,True
0.5,1.0,50,1.0,64,0.49999999999999956,0.4999999999999987,0.49999999999999956,0.49999999999999956,17,15.109999999999985,0.140625,14,0.500000000000002,0.49999999999999994,0.5000000000000022,0.500000000000002,7,3.295000000000009,0.2857142857142857,True
0.5,2.0,50,1.0,64,0.49999999999999956,0.4999999999999987,0.49999999999999956,0.49999999999999956,17,15.109999999999985,0.140625,14,0.500000000000002,0.49999999999999994,0.5000000000000022,0.500000000000002,7,3.295000000000009,0.2857142857142857,True
1.25,1.0,50,0.5,29,1.5000000000000013,1.5000000000000013,1.5000000000000013,1.5000000000000013,9,20.385000000000016,0.3103448275862069,8,1.5000000000000013,1.5000000000000013,1.5000000000000013,1.5000000000000013,4,5.385000000000005,0.375,False
1.25,1.0,50,1.0,29,1.5000000000000013,1.5000000000000013,1.5000000000000013,1.5000000000000013,9,20.385000000000016,0.3103448275862069,8,1.5000000000000013,1.5000000000000013,1.5000000000000013,1.5000000000000013,4,5.385000000000005,0.375,False
1.25,2.0,50,0.5,29,1.5000000000000013,1.5000000000000013,1.5000000000000013,1.5000000000000013,9,20.385000000000016,0.3103448275862069,8,1.5000000000000013,1.5000000000000013,1.5000000000000013,1.5000000000000013,4,5.385000000000005,0.375,False
1.25,2.0,50,1.0,29,1.5000000000000013,1.5000000000000013,1.5000000000000013,1.5000000000000013,9,20.385000000000016,0.3103448275862069,8,1.5000000000000013,1.5000000000000013,1.5000000000000013,1.5000000000000013,4,5.385000000000005,0.375,False
1.5,1.0,50,0.5,29,1.5000000000000013,1.5000000000000013,1.5000000000000013,1.5000000000000013,9,20.385000000000016,0.3103448275862069,8,1.5000000000000013,1.5000000000000013,1.5000000000000013,1.5000000000000013,4,5.385000000000005,0.375,False
1.5,1.0,50,1.0,29,1.5000000000000013,1.5000000000000013,1.5000000000000013,1.5000000000000013,9,20.385000000000016,0.3103448275862069,8,1.5000000000000013,1.5000000000000013,1.5000000000000013,1.5000000000000013,4,5.385000000000005,0.375,False
1.5,2.0,50,0.5,29,1.5000000000000013,1.5000000000000013,1.5000000000000013,1.5000000000000013,9,20.385000000000016,0.3103448275862069,8,1.5000000000000013,1.5000000000000013,1.5000000000000013,1.5000000000000013,4,5.385000000000005,0.375,False
1.5,2.0,50,1.0,29,1.5000000000000013,1.5000000000000013,1.5000000000000013,1.5000000000000013,9,20.385000000000016,0.3103448275862069,8,1.5000000000000013,1.5000000000000013,1.5000000000000013,1.5000000000000013,4,5.385000000000005,0.375,False
1.25,1.0,100,0.5,29,1.5000000000000013,1.5000000000000013,1.5000000000000013,1.5000000000000013,9,20.385000000000016,0.3103448275862069,6,1.5000000000000013,1.5000000000000013,1.5000000000000013,1.5000000000000013,3,4.500000000000004,0.5,False
1.25,1.0,100,1.0,29,1.5000000000000013,1.5000000000000013,1.5000000000000013,1.5000000000000013,9,20.385000000000016,0.3103448275862069,6,1.5000000000000013,1.5000000000000013,1.5000000000000013,1.5000000000000013,3,4.500000000000004,0.5,False
1.25,2.0,100,0.5,29,1.5000000000000013,1.5000000000000013,1.5000000000000013,1.5000000000000013,9,20.385000000000016,0.3103448275862069,6,1.5000000000000013,1.5000000000000013,1.5000000000000013,1.5000000000000013,3,4.500000000000004,0.5,False
1.25,2.0,100,1.0,29,1.5000000000000013,1.5000000000000013,1.5000000000000013,1.5000000000000013,9,20.385000000000016,0.3103448275862069,6,1.5000000000000013,1.5000000000000013,1.5000000000000013,1.5000000000000013,3,4.500000000000004,0.5,False
1.5,1.0,100,0.5,29,1.5000000000000013,1.5000000000000013,1.5000000000000013,1.5000000000000013,9,20.385000000000016,0.3103448275862069,6,1.5000000000000013,1.5000000000000013,1.5000000000000013,1.5000000000000013,3,4.500000000000004,0.5,False
1.5,1.0,100,1.0,29,1.5000000000000013,1.5000000000000013,1.5000000000000013,1.5000000000000013,9,20.385000000000016,0.3103448275862069,6,1.5000000000000013,1.5000000000000013,1.5000000000000013,1.5000000000000013,3,4.500000000000004,0.5,False
1.5,2.0,100,0.5,29,1.5000000000000013,1.5000000000000013,1.5000000000000013,1.5000000000000013,9,20.385000000000016,0.3103448275862069,6,1.5000000000000013,1.5000000000000013,1.5000000000000013,1.5000000000000013,3,4.500000000000004,0.5,False
1.5,2.0,100,1.0,29,1.5000000000000013,1.5000000000000013,1.5000000000000013,1.5000000000000013,9,20.385000000000016,0.3103448275862069,6,1.5000000000000013,1.5000000000000013,1.5000000000000013,1.5000000000000013,3,4.500000000000004,0.5,False
1.25,1.0,50,1.5,12,1.5000000000000013,1.5000000000000013,1.5000000000000013,1.5000000000000013,6,8.340000000000007,0.4166666666666667,4,1.5000000000000013,1.5000000000000013,1.5000000000000013,1.5000000000000013,2,2.385000000000002,0.75,False
1.25,1.0,200,0.5,23,1.5000000000000013,1.5000000000000013,1.5000000000000013,1.5000000000000013,7,15.88500000000001,0.391304347826087,4,1.5000000000000013,1.5000000000000013,1.5000000000000013,1.5000000000000013,2,3.0000000000000027,0.75,False
1.25,1.0,200,1.0,23,1.5000000000000013,1.5000000000000013,1.5000000000000013,1.5000000000000013,7,15.88500000000001,0.391304347826087,4,1.5000000000000013,1.5000000000000013,1.5000000000000013,1.5000000000000013,2,3.0000000000000027,0.75,False
1.25,2.0,50,1.5,12,1.5000000000000013,1.5000000000000013,1.5000000000000013,1.5000000000000013,6,8.340000000000007,0.4166666666666667,4,1.5000000000000013,1.5000000000000013,1.5000000000000013,1.5000000000000013,2,2.385000000000002,0.75,False
1.25,2.0,200,0.5,23,1.5000000000000013,1.5000000000000013,1.5000000000000013,1.5000000000000013,7,15.88500000000001,0.391304347826087,4,1.5000000000000013,1.5000000000000013,1.5000000000000013,1.5000000000000013,2,3.0000000000000027,0.75,False
1.25,2.0,200,1.0,23,1.5000000000000013,1.5000000000000013,1.5000000000000013,1.5000000000000013,7,15.88500000000001,0.391304347826087,4,1.5000000000000013,1.5000000000000013,1.5000000000000013,1.5000000000000013,2,3.0000000000000027,0.75,False
1.5,1.0,50,1.5,12,1.5000000000000013,1.5000000000000013,1.5000000000000013,1.5000000000000013,6,8.340000000000007,0.4166666666666667,4,1.5000000000000013,1.5000000000000013,1.5000000000000013,1.5000000000000013,2,2.385000000000002,0.75,False
1.5,1.0,200,0.5,23,1.5000000000000013,1.5000000000000013,1.5000000000000013,1.5000000000000013,7,15.88500000000001,0.391304347826087,4,1.5000000000000013,1.5000000000000013,1.5000000000000013,1.5000000000000013,2,3.0000000000000027,0.75,False
1.5,1.0,200,1.0,23,1.5000000000000013,1.5000000000000013,1.5000000000000013,1.5000000000000013,7,15.88500000000001,0.391304347826087,4,1.5000000000000013,1.5000000000000013,1.5000000000000013,1.5000000000000013,2,3.0000000000000027,0.75,False
1.5,2.0,50,1.5,12,1.5000000000000013,1.5000000000000013,1.5000000000000013,1.5000000000000013,6,8.340000000000007,0.4166666666666667,4,1.5000000000000013,1.5000000000000013,1.5000000000000013,1.5000000000000013,2,2.385000000000002,0.75,False
1.5,2.0,200,0.5,23,1.5000000000000013,1.5000000000000013,1.5000000000000013,1.5000000000000013,7,15.88500000000001,0.391304347826087,4,1.5000000000000013,1.5000000000000013,1.5000000000000013,1.5000000000000013,2,3.0000000000000027,0.75,False
1.5,2.0,200,1.0,23,1.5000000000000013,1.5000000000000013,1.5000000000000013,1.5000000000000013,7,15.88500000000001,0.391304347826087,4,1.5000000000000013,1.5000000000000013,1.5000000000000013,1.5000000000000013,2,3.0000000000000027,0.75,False
1.25,1.0,50,2.0,5,1.5000000000000013,1.5000000000000013,1.5000000000000013,1.5000000000000013,3,3.7500000000000036,0.6,3,1.5000000000000013,1.5000000000000013,1.5000000000000013,1.5000000000000013,1,2.2500000000000018,1.0,False
1.25,1.0,100,1.5,12,1.5000000000000013,1.5000000000000013,1.5000000000000013,1.5000000000000013,6,8.340000000000007,0.4166666666666667,3,1.5000000000000013,1.5000000000000013,1.5000000000000013,1.5000000000000013,1,2.2500000000000018,1.0,False
1.25,1.0,100,2.0,5,1.5000000000000013,1.5000000000000013,1.5000000000000013,1.5000000000000013,3,3.7500000000000036,0.6,3,1.5000000000000013,1.5000000000000013,1.5000000000000013,1.5000000000000013,1,2.2500000000000018,1.0,False
1.25,1.0,200,1.5,12,1.5000000000000013,1.5000000000000013,1.5000000000000013,1.5000000000000013,6,8.340000000000007,0.4166666666666667,3,1.5000000000000013,1.5000000000000013,1.5000000000000013,1.5000000000000013,1,2.2500000000000018,1.0,False
1.25,1.0,200,2.0,5,1.5000000000000013,1.5000000000000013,1.5000000000000013,1.5000000000000013,3,3.7500000000000036,0.6,3,1.5000000000000013,1.5000000000000013,1.5000000000000013,1.5000000000000013,1,2.2500000000000018,1.0,False
1.25,2.0,50,2.0,5,1.5000000000000013,1.5000000000000013,1.5000000000000013,1.5000000000000013,3,3.7500000000000036,0.6,3,1.5000000000000013,1.5000000000000013,1.5000000000000013,1.5000000000000013,1,2.2500000000000018,1.0,False
1.25,2.0,100,1.5,12,1.5000000000000013,1.5000000000000013,1.5000000000000013,1.5000000000000013,6,8.340000000000007,0.4166666666666667,3,1.5000000000000013,1.5000000000000013,1.5000000000000013,1.5000000000000013,1,2.2500000000000018,1.0,False
1.25,2.0,100,2.0,5,1.5000000000000013,1.5000000000000013,1.5000000000000013,1.5000000000000013,3,3.7500000000000036,0.6,3,1.5000000000000013,1.5000000000000013,1.5000000000000013,1.5000000000000013,1,2.2500000000000018,1.0,False
1.25,2.0,200,1.5,12,1.5000000000000013,1.5000000000000013,1.5000000000000013,1.5000000000000013,6,8.340000000000007,0.4166666666666667,3,1.5000000000000013,1.5000000000000013,1.5000000000000013,1.5000000000000013,1,2.2500000000000018,1.0,False
1.25,2.0,200,2.0,5,1.5000000000000013,1.5000000000000013,1.5000000000000013,1.5000000000000013,3,3.7500000000000036,0.6,3,1.5000000000000013,1.5000000000000013,1.5000000000000013,1.5000000000000013,1,2.2500000000000018,1.0,False
1.5,1.0,50,2.0,5,1.5000000000000013,1.5000000000000013,1.5000000000000013,1.5000000000000013,3,3.7500000000000036,0.6,3,1.5000000000000013,1.5000000000000013,1.5000000000000013,1.5000000000000013,1,2.2500000000000018,1.0,False
1.5,1.0,100,1.5,12,1.5000000000000013,1.5000000000000013,1.5000000000000013,1.5000000000000013,6,8.340000000000007,0.4166666666666667,3,1.5000000000000013,1.5000000000000013,1.5000000000000013,1.5000000000000013,1,2.2500000000000018,1.0,False
1.5,1.0,100,2.0,5,1.5000000000000013,1.5000000000000013,1.5000000000000013,1.5000000000000013,3,3.7500000000000036,0.6,3,1.5000000000000013,1.5000000000000013,1.5000000000000013,1.5000000000000013,1,2.2500000000000018,1.0,False
1.5,1.0,200,1.5,12,1.5000000000000013,1.5000000000000013,1.5000000000000013,1.5000000000000013,6,8.340000000000007,0.4166666666666667,3,1.5000000000000013,1.5000000000000013,1.5000000000000013,1.5000000000000013,1,2.2500000000000018,1.0,False
1.5,1.0,200,2.0,5,1.5000000000000013,1.5000000000000013,1.5000000000000013,1.5000000000000013,3,3.7500000000000036,0.6,3,1.5000000000000013,1.5000000000000013,1.5000000000000013,1.5000000000000013,1,2.2500000000000018,1.0,False
1.5,2.0,50,2.0,5,1.5000000000000013,1.5000000000000013,1.5000000000000013,1.5000000000000013,3,3.7500000000000036,0.6,3,1.5000000000000013,1.5000000000000013,1.5000000000000013,1.5000000000000013,1,2.2500000000000018,1.0,False
1.5,2.0,100,1.5,12,1.5000000000000013,1.5000000000000013,1.5000000000000013,1.5000000000000013,6,8.340000000000007,0.4166666666666667,3,1.5000000000000013,1.5000000000000013,1.5000000000000013,1.5000000000000013,1,2.2500000000000018,1.0,False
1.5,2.0,100,2.0,5,1.5000000000000013,1.5000000000000013,1.5000000000000013,1.5000000000000013,3,3.7500000000000036,0.6,3,1.5000000000000013,1.5000000000000013,1.5000000000000013,1.5000000000000013,1,2.2500000000000018,1.0,False
1.5,2.0,200,1.5,12,1.5000000000000013,1.5000000000000013,1.5000000000000013,1.5000000000000013,6,8.340000000000007,0.4166666666666667,3,1.5000000000000013,1.5000000000000013,1.5000000000000013,1.5000000000000013,1,2.2500000000000018,1.0,False
1.5,2.0,200,2.0,5,1.5000000000000013,1.5000000000000013,1.5000000000000013,1.5000000000000013,3,3.7500000000000036,0.6,3,1.5000000000000013,1.5000000000000013,1.5000000000000013,1.5000000000000013,1,2.2500000000000018,1.0,False
0.75,1.0,200,1.0,24,1.0000000000000007,1.0000000000000002,1.0000000000000007,1.0000000000000007,8,11.090000000000007,0.375,9,1.0000000000000009,1.0000000000000009,1.0000000000000009,1.0000000000000009,4,4.5000000000000036,0.4444444444444444,False
0.75,2.0,200,1.0,24,1.0000000000000007,1.0000000000000002,1.0000000000000007,1.0000000000000007,8,11.090000000000007,0.375,9,1.0000000000000009,1.0000000000000009,1.0000000000000009,1.0000000000000009,4,4.5000000000000036,0.4444444444444444,False
1.0,1.0,200,1.0,24,1.0000000000000007,1.0000000000000002,1.0000000000000007,1.0000000000000007,8,11.090000000000007,0.375,9,1.0000000000000009,1.0000000000000009,1.0000000000000009,1.0000000000000009,4,4.5000000000000036,0.4444444444444444,False
1.0,2.0,200,1.0,24,1.0000000000000007,1.0000000000000002,1.0000000000000007,1.0000000000000007,8,11.090000000000007,0.375,9,1.0000000000000009,1.0000000000000009,1.0000000000000009,1.0000000000000009,4,4.5000000000000036,0.4444444444444444,False
0.75,1.0,500,0.5,12,1.0000000000000009,1.0000000000000009,1.0000000000000009,1.0000000000000009,4,5.090000000000005,0.75,6,1.0000000000000009,1.0000000000000009,1.0000000000000009,1.0000000000000009,3,3.0000000000000027,0.6666666666666666,False
0.75,2.0,500,0.5,12,1.0000000000000009,1.0000000000000009,1.0000000000000009,1.0000000000000009,4,5.090000000000005,0.75,6,1.0000000000000009,1.0000000000000009,1.0000000000000009,1.0000000000000009,3,3.0000000000000027,0.6666666666666666,False
1.0,1.0,500,0.5,12,1.0000000000000009,1.0000000000000009,1.0000000000000009,1.0000000000000009,4,5.090000000000005,0.75,6,1.0000000000000009,1.0000000000000009,1.0000000000000009,1.0000000000000009,3,3.0000000000000027,0.6666666666666666,False
1.0,2.0,500,0.5,12,1.0000000000000009,1.0000000000000009,1.0000000000000009,1.0000000000000009,4,5.090000000000005,0.75,6,1.0000000000000009,1.0000000000000009,1.0000000000000009,1.0000000000000009,3,3.0000000000000027,0.6666666666666666,False
0.75,1.0,50,1.5,12,1.0000000000000009,1.0000000000000009,1.0000000000000009,1.0000000000000009,6,5.560000000000004,0.4166666666666667,5,1.0000000000000009,1.0000000000000009,1.0000000000000009,1.0000000000000009,3,2.0900000000000016,0.6,False
0.75,1.0,500,1.0,12,1.0000000000000009,1.0000000000000009,1.0000000000000009,1.0000000000000009,4,5.090000000000005,0.75,5,1.0000000000000009,1.0000000000000009,1.0000000000000009,1.0000000000000009,2,2.500000000000002,0.8,False
0.75,2.0,50,1.5,12,1.0000000000000009,1.0000000000000009,1.0000000000000009,1.0000000000000009,6,5.560000000000004,0.4166666666666667,5,1.0000000000000009,1.0000000000000009,1.0000000000000009,1.0000000000000009,3,2.0900000000000016,0.6,False
0.75,2.0,500,1.0,12,1.0000000000000009,1.0000000000000009,1.0000000000000009,1.0000000000000009,4,5.090000000000005,0.75,5,1.0000000000000009,1.0000000000000009,1.0000000000000009,1.0000000000000009,2,2.500000000000002,0.8,False
1.0,1.0,50,1.5,12,1.0000000000000009,1.0000000000000009,1.0000000000000009,1.0000000000000009,6,5.560000000000004,0.4166666666666667,5,1.0000000000000009,1.0000000000000009,1.0000000000000009,1.0000000000000009,3,2.0900000000000016,0.6,False
1.0,1.0,500,1.0,12,1.0000000000000009,1.0000000000000009,1.0000000000000009,1.0000000000000009,4,5.090000000000005,0.75,5,1.0000000000000009,1.0000000000000009,1.0000000000000009,1.0000000000000009,2,2.500000000000002,0.8,False
1.0,2.0,50,1.5,12,1.0000000000000009,1.0000000000000009,1.0000000000000009,1.0000000000000009,6,5.560000000000004,0.4166666666666667,5,1.0000000000000009,1.0000000000000009,1.0000000000000009,1.0000000000000009,3,2.0900000000000016,0.6,False
1.0,2.0,500,1.0,12,1.0000000000000009,1.0000000000000009,1.0000000000000009,1.0000000000000009,4,5.090000000000005,0.75,5,1.0000000000000009,1.0000000000000009,1.0000000000000009,1.0000000000000009,2,2.500000000000002,0.8,False
0.75,1.0,50,2.0,5,1.0000000000000009,1.0000000000000009,1.0000000000000009,1.0000000000000009,3,2.500000000000002,0.6,4,1.0000000000000009,1.0000000000000009,1.0000000000000009,1.0000000000000009,2,2.0000000000000018,0.75,False
0.75,1.0,100,1.5,12,1.0000000000000009,1.0000000000000009,1.0000000000000009,1.0000000000000009,6,5.560000000000004,0.4166666666666667,4,1.0000000000000009,1.0000000000000009,1.0000000000000009,1.0000000000000009,2,2.0000000000000018,0.75,False
0.75,1.0,100,2.0,5,1.0000000000000009,1.0000000000000009,1.0000000000000009,1.0000000000000009,3,2.500000000000002,0.6,4,1.0000000000000009,1.0000000000000009,1.0000000000000009,1.0000000000000009,2,2.0000000000000018,0.75,False
0.75,1.0,200,1.5,12,1.0000000000000009,1.0000000000000009,1.0000000000000009,1.0000000000000009,6,5.560000000000004,0.4166666666666667,4,1.0000000000000009,1.0000000000000009,1.0000000000000009,1.0000000000000009,2,2.0000000000000018,0.75,False
0.75,1.0,200,2.0,5,1.0000000000000009,1.0000000000000009,1.0000000000000009,1.0000000000000009,3,2.500000000000002,0.6,4,1.0000000000000009,1.0000000000000009,1.0000000000000009,1.0000000000000009,2,2.0000000000000018,0.75,False
0.75,2.0,50,2.0,5,1.0000000000000009,1.0000000000000009,1.0000000000000009,1.0000000000000009,3,2.500000000000002,0.6,4,1.0000000000000009,1.0000000000000009,1.0000000000000009,1.0000000000000009,2,2.0000000000000018,0.75,False
0.75,2.0,100,1.5,12,1.0000000000000009,1.0000000000000009,1.0000000000000009,1.0000000000000009,6,5.560000000000004,0.4166666666666667,4,1.0000000000000009,1.0000000000000009,1.0000000000000009,1.0000000000000009,2,2.0000000000000018,0.75,False
0.75,2.0,100,2.0,5,1.0000000000000009,1.0000000000000009,1.0000000000000009,1.0000000000000009,3,2.500000000000002,0.6,4,1.0000000000000009,1.0000000000000009,1.0000000000000009,1.0000000000000009,2,2.0000000000000018,0.75,False
0.75,2.0,200,1.5,12,1.0000000000000009,1.0000000000000009,1.0000000000000009,1.0000000000000009,6,5.560000000000004,0.4166666666666667,4,1.0000000000000009,1.0000000000000009,1.0000000000000009,1.0000000000000009,2,2.0000000000000018,0.75,False
0.75,2.0,200,2.0,5,1.0000000000000009,1.0000000000000009,1.0000000000000009,1.0000000000000009,3,2.500000000000002,0.6,4,1.0000000000000009,1.0000000000000009,1.0000000000000009,1.0000000000000009,2,2.0000000000000018,0.75,False
1.0,1.0,50,2.0,5,1.0000000000000009,1.0000000000000009,1.0000000000000009,1.0000000000000009,3,2.500000000000002,0.6,4,1.0000000000000009,1.0000000000000009,1.0000000000000009,1.0000000000000009,2,2.0000000000000018,0.75,False
1.0,1.0,100,1.5,12,1.0000000000000009,1.0000000000000009,1.0000000000000009,1.0000000000000009,6,5.560000000000004,0.4166666666666667,4,1.0000000000000009,1.0000000000000009,1.0000000000000009,1.0000000000000009,2,2.0000000000000018,0.75,False
1.0,1.0,100,2.0,5,1.0000000000000009,1.0000000000000009,1.0000000000000009,1.0000000000000009,3,2.500000000000002,0.6,4,1.0000000000000009,1.0000000000000009,1.0000000000000009,1.0000000000000009,2,2.0000000000000018,0.75,False
1.0,1.0,200,1.5,12,1.0000000000000009,1.0000000000000009,1.0000000000000009,1.0000000000000009,6,5.560000000000004,0.4166666666666667,4,1.0000000000000009,1.0000000000000009,1.0000000000000009,1.0000000000000009,2,2.0000000000000018,0.75,False
1.0,1.0,200,2.0,5,1.0000000000000009,1.0000000000000009,1.0000000000000009,1.0000000000000009,3,2.500000000000002,0.6,4,1.0000000000000009,1.0000000000000009,1.0000000000000009,1.0000000000000009,2,2.0000000000000018,0.75,False
1.0,2.0,50,2.0,5,1.0000000000000009,1.0000000000000009,1.0000000000000009,1.0000000000000009,3,2.500000000000002,0.6,4,1.0000000000000009,1.0000000000000009,1.0000000000000009,1.0000000000000009,2,2.0000000000000018,0.75,False
1.0,2.0,100,1.5,12,1.0000000000000009,1.0000000000000009,1.0000000000000009,1.0000000000000009,6,5.560000000000004,0.4166666666666667,4,1.0000000000000009,1.0000000000000009,1.0000000000000009,1.0000000000000009,2,2.0000000000000018,0.75,False
1.0,2.0,100,2.0,5,1.0000000000000009,1.0000000000000009,1.0000000000000009,1.0000000000000009,3,2.500000000000002,0.6,4,1.0000000000000009,1.0000000000000009,1.0000000000000009,1.0000000000000009,2,2.0000000000000018,0.75,False
1.0,2.0,200,1.5,12,1.0000000000000009,1.0000000000000009,1.0000000000000009,1.0000000000000009,6,5.560000000000004,0.4166666666666667,4,1.0000000000000009,1.0000000000000009,1.0000000000000009,1.0000000000000009,2,2.0000000000000018,0.75,False
1.0,2.0,200,2.0,5,1.0000000000000009,1.0000000000000009,1.0000000000000009,1.0000000000000009,3,2.500000000000002,0.6,4,1.0000000000000009,1.0000000000000009,1.0000000000000009,1.0000000000000009,2,2.0000000000000018,0.75,False
0.5,1.0,200,1.0,56,0.4999999999999992,0.49999999999999833,0.4999999999999992,0.4999999999999992,14,13.109999999999978,0.16071428571428573,9,0.5000000000000004,0.5000000000000004,0.5000000000000004,0.5000000000000004,4,2.2500000000000018,0.4444444444444444,False
0.5,2.0,200,1.0,56,0.4999999999999992,0.49999999999999833,0.4999999999999992,0.4999999999999992,14,13.109999999999978,0.16071428571428573,9,0.5000000000000004,0.5000000000000004,0.5000000000000004,0.5000000000000004,4,2.2500000000000018,0.4444444444444444,False
0.5,1.0,500,0.5,34,0.49999999999999845,0.499999999999997,0.49999999999999845,0.49999999999999845,9,8.044999999999973,0.2647058823529412,6,0.5000000000000004,0.5000000000000004,0.5000000000000004,0.5000000000000004,3,1.5000000000000013,0.6666666666666666,False
0.5,2.0,500,0.5,34,0.49999999999999845,0.499999999999997,0.49999999999999845,0.49999999999999845,9,8.044999999999973,0.2647058823529412,6,0.5000000000000004,0.5000000000000004,0.5000000000000004,0.5000000000000004,3,1.5000000000000013,0.6666666666666666,False
0.5,1.0,100,1.5,25,0.4999999999999987,0.49999999999999706,0.4999999999999987,0.4999999999999987,9,6.029999999999983,0.2,5,0.5000000000000004,0.5000000000000004,0.5000000000000004,0.5000000000000004,3,1.250000000000001,0.6,False
0.5,1.0,500,1.0,34,0.49999999999999845,0.499999999999997,0.49999999999999845,0.49999999999999845,9,8.044999999999973,0.2647058823529412,5,0.5000000000000004,0.5000000000000004,0.5000000000000004,0.5000000000000004,2,1.250000000000001,0.8,False
0.5,2.0,100,1.5,25,0.4999999999999987,0.49999999999999706,0.4999999999999987,0.4999999999999987,9,6.029999999999983,0.2,5,0.5000000000000004,0.5000000000000004,0.5000000000000004,0.5000000000000004,3,1.250000000000001,0.6,False
0.5,2.0,500,1.0,34,0.49999999999999845,0.499999999999997,0.49999999999999845,0.49999999999999845,9,8.044999999999973,0.2647058823529412,5,0.5000000000000004,0.5000000000000004,0.5000000000000004,0.5000000000000004,2,1.250000000000001,0.8,False
0.5,1.0,50,2.0,5,0.5000000000000004,0.5000000000000004,0.5000000000000004,0.5000000000000004,3,1.250000000000001,0.6,4,0.5000000000000004,0.5000000000000004,0.5000000000000004,0.5000000000000004,2,1.0000000000000009,0.75,False
0.5,1.0,100,2.0,5,0.5000000000000004,0.5000000000000004,0.5000000000000004,0.5000000000000004,3,1.250000000000001,0.6,4,0.5000000000000004,0.5000000000000004,0.5000000000000004,0.5000000000000004,2,1.0000000000000009,0.75,False
0.5,1.0,200,1.5,25,0.4999999999999987,0.49999999999999706,0.4999999999999987,0.4999999999999987,9,6.029999999999983,0.2,4,0.5000000000000004,0.5000000000000004,0.5000000000000004,0.5000000000000004,2,1.0000000000000009,0.75,False
0.5,1.0,200,2.0,5,0.5000000000000004,0.5000000000000004,0.5000000000000004,0.5000000000000004,3,1.250000000000001,0.6,4,0.5000000000000004,0.5000000000000004,0.5000000000000004,0.5000000000000004,2,1.0000000000000009,0.75,False
0.5,2.0,50,2.0,5,0.5000000000000004,0.5000000000000004,0.5000000000000004,0.5000000000000004,3,1.250000000000001,0.6,4,0.5000000000000004,0.5000000000000004,0.5000000000000004,0.5000000000000004,2,1.0000000000000009,0.75,False
0.5,2.0,100,2.0,5,0.5000000000000004,0.5000000000000004,0.5000000000000004,0.5000000000000004,3,1.250000000000001,0.6,4,0.5000000000000004,0.5000000000000004,0.5000000000000004,0.5000000000000004,2,1.0000000000000009,0.75,False
0.5,2.0,200,1.5,25,0.4999999999999987,0.49999999999999706,0.4999999999999987,0.4999999999999987,9,6.029999999999983,0.2,4,0.5000000000000004,0.5000000000000004,0.5000000000000004,0.5000000000000004,2,1.0000000000000009,0.75,False
0.5,2.0,200,2.0,5,0.5000000000000004,0.5000000000000004,0.5000000000000004,0.5000000000000004,3,1.250000000000001,0.6,4,0.5000000000000004,0.5000000000000004,0.5000000000000004,0.5000000000000004,2,1.0000000000000009,0.75,False
0.5,1.0,50,1.5,25,0.4999999999999987,0.49999999999999706,0.4999999999999987,0.4999999999999987,9,6.029999999999983,0.2,6,0.5000000000000022,0.4999999999999986,0.5000000000000022,0.5000000000000022,4,1.2950000000000021,0.5,False
0.5,2.0,50,1.5,25,0.4999999999999987,0.49999999999999706,0.4999999999999987,0.4999999999999987,9,6.029999999999983,0.2,6,0.5000000000000022,0.4999999999999986,0.5000000000000022,0.5000000000000022,4,1.2950000000000021,0.5,False
0.75,1.0,500,1.5,3,1.0000000000000009,1.0000000000000009,1.0000000000000009,1.0000000000000009,3,1.060000000000001,0.3333333333333333,1,1.0000000000000009,,1.0000000000000009,1.0000000000000009,1,0.5000000000000004,1.0,False
0.75,1.0,500,2.0,1,1.0000000000000009,,1.0000000000000009,1.0000000000000009,1,0.5000000000000004,1.0,1,1.0000000000000009,,1.0000000000000009,1.0000000000000009,1,0.5000000000000004,1.0,False
0.75,2.0,500,1.5,3,1.0000000000000009,1.0000000000000009,1.0000000000000009,1.0000000000000009,3,1.060000000000001,0.3333333333333333,1,1.0000000000000009,,1.0000000000000009,1.0000000000000009,1,0.5000000000000004,1.0,False
0.75,2.0,500,2.0,1,1.0000000000000009,,1.0000000000000009,1.0000000000000009,1,0.5000000000000004,1.0,1,1.0000000000000009,,1.0000000000000009,1.0000000000000009,1,0.5000000000000004,1.0,False
1.0,1.0,500,1.5,3,1.0000000000000009,1.0000000000000009,1.0000000000000009,1.0000000000000009,3,1.060000000000001,0.3333333333333333,1,1.0000000000000009,,1.0000000000000009,1.0000000000000009,1,0.5000000000000004,1.0,False
1.0,1.0,500,2.0,1,1.0000000000000009,,1.0000000000000009,1.0000000000000009,1,0.5000000000000004,1.0,1,1.0000000000000009,,1.0000000000000009,1.0000000000000009,1,0.5000000000000004,1.0,False
1.0,2.0,500,1.5,3,1.0000000000000009,1.0000000000000009,1.0000000000000009,1.0000000000000009,3,1.060000000000001,0.3333333333333333,1,1.0000000000000009,,1.0000000000000009,1.0000000000000009,1,0.5000000000000004,1.0,False
1.0,2.0,500,2.0,1,1.0000000000000009,,1.0000000000000009,1.0000000000000009,1,0.5000000000000004,1.0,1,1.0000000000000009,,1.0000000000000009,1.0000000000000009,1,0.5000000000000004,1.0,False
0.5,1.0,500,1.5,16,0.49999999999999767,0.4999999999999952,0.49999999999999767,0.49999999999999767,6,3.779999999999981,0.3125,1,0.5000000000000004,,0.5000000000000004,0.5000000000000004,1,0.2500000000000002,1.0,False
0.5,1.0,500,2.0,1,0.5000000000000004,,0.5000000000000004,0.5000000000000004,1,0.2500000000000002,1.0,1,0.5000000000000004,,0.5000000000000004,0.5000000000000004,1,0.2500000000000002,1.0,False
0.5,2.0,500,1.5,16,0.49999999999999767,0.4999999999999952,0.49999999999999767,0.49999999999999767,6,3.779999999999981,0.3125,1,0.5000000000000004,,0.5000000000000004,0.5000000000000004,1,0.2500000000000002,1.0,False
0.5,2.0,500,2.0,1,0.5000000000000004,,0.5000000000000004,0.5000000000000004,1,0.2500000000000002,1.0,1,0.5000000000000004,,0.5000000000000004,0.5000000000000004,1,0.2500000000000002,1.0,False
1.25,1.0,500,0.5,12,1.5000000000000013,1.5000000000000013,1.5000000000000013,1.5000000000000013,4,7.635000000000007,0.75,0,,,,,0,0.0,,False
1.25,1.0,500,1.0,12,1.5000000000000013,1.5000000000000013,1.5000000000000013,1.5000000000000013,4,7.635000000000007,0.75,0,,,,,0,0.0,,False
1.25,1.0,500,1.5,3,1.5000000000000013,1.5000000000000013,1.5000000000000013,1.5000000000000013,3,1.5900000000000014,0.3333333333333333,0,,,,,0,0.0,,False
1.25,1.0,500,2.0,1,1.5000000000000013,,1.5000000000000013,1.5000000000000013,1,0.7500000000000007,1.0,0,,,,,0,0.0,,False
1.25,2.0,500,0.5,12,1.5000000000000013,1.5000000000000013,1.5000000000000013,1.5000000000000013,4,7.635000000000007,0.75,0,,,,,0,0.0,,False
1.25,2.0,500,1.0,12,1.5000000000000013,1.5000000000000013,1.5000000000000013,1.5000000000000013,4,7.635000000000007,0.75,0,,,,,0,0.0,,False
1.25,2.0,500,1.5,3,1.5000000000000013,1.5000000000000013,1.5000000000000013,1.5000000000000013,3,1.5900000000000014,0.3333333333333333,0,,,,,0,0.0,,False
1.25,2.0,500,2.0,1,1.5000000000000013,,1.5000000000000013,1.5000000000000013,1,0.7500000000000007,1.0,0,,,,,0,0.0,,False
1.5,1.0,500,0.5,12,1.5000000000000013,1.5000000000000013,1.5000000000000013,1.5000000000000013,4,7.635000000000007,0.75,0,,,,,0,0.0,,False
1.5,1.0,500,1.0,12,1.5000000000000013,1.5000000000000013,1.5000000000000013,1.5000000000000013,4,7.635000000000007,0.75,0,,,,,0,0.0,,False
1.5,1.0,500,1.5,3,1.5000000000000013,1.5000000000000013,1.5000000000000013,1.5000000000000013,3,1.5900000000000014,0.3333333333333333,0,,,,,0,0.0,,False
1.5,1.0,500,2.0,1,1.5000000000000013,,1.5000000000000013,1.5000000000000013,1,0.7500000000000007,1.0,0,,,,,0,0.0,,False
1.5,2.0,500,0.5,12,1.5000000000000013,1.5000000000000013,1.5000000000000013,1.5000000000000013,4,7.635000000000007,0.75,0,,,,,0,0.0,,False
1.5,2.0,500,1.0,12,1.5000000000000013,1.5000000000000013,1.5000000000000013,1.5000000000000013,4,7.635000000000007,0.75,0,,,,,0,0.0,,False
1.5,2.0,500,1.5,3,1.5000000000000013,1.5000000000000013,1.5000000000000013,1.5000000000000013,3,1.5900000000000014,0.3333333333333333,0,,,,,0,0.0,,False
1.5,2.0,500,2.0,1,1.5000000000000013,,1.5000000000000013,1.5000000000000013,1,0.7500000000000007,1.0,0,,,,,0,0.0,,False
2.0,1.0,50,0.5,7,2.0000000000000018,2.0000000000000018,2.0000000000000018,2.0000000000000018,5,6.120000000000005,0.42857142857142855,0,,,,,0,0.0,,False
2.0,1.0,50,1.0,7,2.0000000000000018,2.0000000000000018,2.0000000000000018,2.0000000000000018,5,6.120000000000005,0.42857142857142855,0,,,,,0,0.0,,False
2.0,1.0,50,1.5,7,2.0000000000000018,2.0000000000000018,2.0000000000000018,2.0000000000000018,5,6.120000000000005,0.42857142857142855,0,,,,,0,0.0,,False
2.0,1.0,50,2.0,5,2.0000000000000018,2.0000000000000018,2.0000000000000018,2.0000000000000018,3,5.000000000000004,0.6,0,,,,,0,0.0,,False
2.0,1.0,100,0.5,7,2.0000000000000018,2.0000000000000018,2.0000000000000018,2.0000000000000018,5,6.120000000000005,0.42857142857142855,0,,,,,0,0.0,,False
2.0,1.0,100,1.0,7,2.0000000000000018,2.0000000000000018,2.0000000000000018,2.0000000000000018,5,6.120000000000005,0.42857142857142855,0,,,,,0,0.0,,False
2.0,1.0,100,1.5,7,2.0000000000000018,2.0000000000000018,2.0000000000000018,2.0000000000000018,5,6.120000000000005,0.42857142857142855,0,,,,,0,0.0,,False
2.0,1.0,100,2.0,5,2.0000000000000018,2.0000000000000018,2.0000000000000018,2.0000000000000018,3,5.000000000000004,0.6,0,,,,,0,0.0,,False
2.0,1.0,200,0.5,7,2.0000000000000018,2.0000000000000018,2.0000000000000018,2.0000000000000018,5,6.120000000000005,0.42857142857142855,0,,,,,0,0.0,,False
2.0,1.0,200,1.0,7,2.0000000000000018,2.0000000000000018,2.0000000000000018,2.0000000000000018,5,6.120000000000005,0.42857142857142855,0,,,,,0,0.0,,False
2.0,1.0,200,1.5,7,2.0000000000000018,2.0000000000000018,2.0000000000000018,2.0000000000000018,5,6.120000000000005,0.42857142857142855,0,,,,,0,0.0,,False
2.0,1.0,200,2.0,5,2.0000000000000018,2.0000000000000018,2.0000000000000018,2.0000000000000018,3,5.000000000000004,0.6,0,,,,,0,0.0,,False
2.0,1.0,500,0.5,3,2.0000000000000018,2.0000000000000018,2.0000000000000018,2.0000000000000018,3,2.120000000000002,0.3333333333333333,0,,,,,0,0.0,,False
2.0,1.0,500,1.0,3,2.0000000000000018,2.0000000000000018,2.0000000000000018,2.0000000000000018,3,2.120000000000002,0.3333333333333333,0,,,,,0,0.0,,False
2.0,1.0,500,1.5,3,2.0000000000000018,2.0000000000000018,2.0000000000000018,2.0000000000000018,3,2.120000000000002,0.3333333333333333,0,,,,,0,0.0,,False
2.0,1.0,500,2.0,1,2.0000000000000018,,2.0000000000000018,2.0000000000000018,1,1.0000000000000009,1.0,0,,,,,0,0.0,,False
2.0,2.0,50,0.5,7,2.0000000000000018,2.0000000000000018,2.0000000000000018,2.0000000000000018,5,6.120000000000005,0.42857142857142855,0,,,,,0,0.0,,False
2.0,2.0,50,1.0,7,2.0000000000000018,2.0000000000000018,2.0000000000000018,2.0000000000000018,5,6.120000000000005,0.42857142857142855,0,,,,,0,0.0,,False
2.0,2.0,50,1.5,7,2.0000000000000018,2.0000000000000018,2.0000000000000018,2.0000000000000018,5,6.120000000000005,0.42857142857142855,0,,,,,0,0.0,,False
2.0,2.0,50,2.0,5,2.0000000000000018,2.0000000000000018,2.0000000000000018,2.0000000000000018,3,5.000000000000004,0.6,0,,,,,0,0.0,,False
2.0,2.0,100,0.5,7,2.0000000000000018,2.0000000000000018,2.0000000000000018,2.0000000000000018,5,6.120000000000005,0.42857142857142855,0,,,,,0,0.0,,False
2.0,2.0,100,1.0,7,2.0000000000000018,2.0000000000000018,2.0000000000000018,2.0000000000000018,5,6.120000000000005,0.42857142857142855,0,,,,,0,0.0,,False
2.0,2.0,100,1.5,7,2.0000000000000018,2.0000000000000018,2.0000000000000018,2.0000000000000018,5,6.120000000000005,0.42857142857142855,0,,,,,0,0.0,,False
2.0,2.0,100,2.0,5,2.0000000000000018,2.0000000000000018,2.0000000000000018,2.0000000000000018,3,5.000000000000004,0.6,0,,,,,0,0.0,,False
2.0,2.0,200,0.5,7,2.0000000000000018,2.0000000000000018,2.0000000000000018,2.0000000000000018,5,6.120000000000005,0.42857142857142855,0,,,,,0,0.0,,False
2.0,2.0,200,1.0,7,2.0000000000000018,2.0000000000000018,2.0000000000000018,2.0000000000000018,5,6.120000000000005,0.42857142857142855,0,,,,,0,0.0,,False
2.0,2.0,200,1.5,7,2.0000000000000018,2.0000000000000018,2.0000000000000018,2.0000000000000018,5,6.120000000000005,0.42857142857142855,0,,,,,0,0.0,,False
2.0,2.0,200,2.0,5,2.0000000000000018,2.0000000000000018,2.0000000000000018,2.0000000000000018,3,5.000000000000004,0.6,0,,,,,0,0.0,,False
2.0,2.0,500,0.5,3,2.0000000000000018,2.0000000000000018,2.0000000000000018,2.0000000000000018,3,2.120000000000002,0.3333333333333333,0,,,,,0,0.0,,False
2.0,2.0,500,1.0,3,2.0000000000000018,2.0000000000000018,2.0000000000000018,2.0000000000000018,3,2.120000000000002,0.3333333333333333,0,,,,,0,0.0,,False
2.0,2.0,500,1.5,3,2.0000000000000018,2.0000000000000018,2.0000000000000018,2.0000000000000018,3,2.120000000000002,0.3333333333333333,0,,,,,0,0.0,,False
2.0,2.0,500,2.0,1,2.0000000000000018,,2.0000000000000018,2.0000000000000018,1,1.0000000000000009,1.0,0,,,,,0,0.0,,False
2.5,1.0,50,0.5,2,2.500000000000002,2.500000000000002,2.500000000000002,2.500000000000002,2,2.500000000000002,0.5,0,,,,,0,0.0,,False
2.5,1.0,50,1.0,2,2.500000000000002,2.500000000000002,2.500000000000002,2.500000000000002,2,2.500000000000002,0.5,0,,,,,0,0.0,,False
2.5,1.0,50,1.5,2,2.500000000000002,2.500000000000002,2.500000000000002,2.500000000000002,2,2.500000000000002,0.5,0,,,,,0,0.0,,False
2.5,1.0,50,2.0,1,2.500000000000002,,2.500000000000002,2.500000000000002,1,1.250000000000001,1.0,0,,,,,0,0.0,,False
2.5,1.0,100,0.5,2,2.500000000000002,2.500000000000002,2.500000000000002,2.500000000000002,2,2.500000000000002,0.5,0,,,,,0,0.0,,False
2.5,1.0,100,1.0,2,2.500000000000002,2.500000000000002,2.500000000000002,2.500000000000002,2,2.500000000000002,0.5,0,,,,,0,0.0,,False
2.5,1.0,100,1.5,2,2.500000000000002,2.500000000000002,2.500000000000002,2.500000000000002,2,2.500000000000002,0.5,0,,,,,0,0.0,,False
2.5,1.0,100,2.0,1,2.500000000000002,,2.500000000000002,2.500000000000002,1,1.250000000000001,1.0,0,,,,,0,0.0,,False
2.5,1.0,200,0.5,2,2.500000000000002,2.500000000000002,2.500000000000002,2.500000000000002,2,2.500000000000002,0.5,0,,,,,0,0.0,,False
2.5,1.0,200,1.0,2,2.500000000000002,2.500000000000002,2.500000000000002,2.500000000000002,2,2.500000000000002,0.5,0,,,,,0,0.0,,False
2.5,1.0,200,1.5,2,2.500000000000002,2.500000000000002,2.500000000000002,2.500000000000002,2,2.500000000000002,0.5,0,,,,,0,0.0,,False
2.5,1.0,200,2.0,1,2.500000000000002,,2.500000000000002,2.500000000000002,1,1.250000000000001,1.0,0,,,,,0,0.0,,False
2.5,1.0,500,0.5,1,2.500000000000002,,2.500000000000002,2.500000000000002,1,1.250000000000001,1.0,0,,,,,0,0.0,,False
2.5,1.0,500,1.0,1,2.500000000000002,,2.500000000000002,2.500000000000002,1,1.250000000000001,1.0,0,,,,,0,0.0,,False
2.5,1.0,500,1.5,1,2.500000000000002,,2.500000000000002,2.500000000000002,1,1.250000000000001,1.0,0,,,,,0,0.0,,False
2.5,2.0,50,0.5,2,2.500000000000002,2.500000000000002,2.500000000000002,2.500000000000002,2,2.500000000000002,0.5,0,,,,,0,0.0,,False
2.5,2.0,50,1.0,2,2.500000000000002,2.500000000000002,2.500000000000002,2.500000000000002,2,2.500000000000002,0.5,0,,,,,0,0.0,,False
2.5,2.0,50,1.5,2,2.500000000000002,2.500000000000002,2.500000000000002,2.500000000000002,2,2.500000000000002,0.5,0,,,,,0,0.0,,False
2.5,2.0,50,2.0,1,2.500000000000002,,2.500000000000002,2.500000000000002,1,1.250000000000001,1.0,0,,,,,0,0.0,,False
2.5,2.0,100,0.5,2,2.500000000000002,2.500000000000002,2.500000000000002,2.500000000000002,2,2.500000000000002,0.5,0,,,,,0,0.0,,False
2.5,2.0,100,1.0,2,2.500000000000002,2.500000000000002,2.500000000000002,2.500000000000002,2,2.500000000000002,0.5,0,,,,,0,0.0,,False
2.5,2.0,100,1.5,2,2.500000000000002,2.500000000000002,2.500000000000002,2.500000000000002,2,2.500000000000002,0.5,0,,,,,0,0.0,,False
2.5,2.0,100,2.0,1,2.500000000000002,,2.500000000000002,2.500000000000002,1,1.250000000000001,1.0,0,,,,,0,0.0,,False
2.5,2.0,200,0.5,2,2.500000000000002,2.500000000000002,2.500000000000002,2.500000000000002,2,2.500000000000002,0.5,0,,,,,0,0.0,,False
2.5,2.0,200,1.0,2,2.500000000000002,2.500000000000002,2.500000000000002,2.500000000000002,2,2.500000000000002,0.5,0,,,,,0,0.0,,False
2.5,2.0,200,1.5,2,2.500000000000002,2.500000000000002,2.500000000000002,2.500000000000002,2,2.500000000000002,0.5,0,,,,,0,0.0,,False
2.5,2.0,200,2.0,1,2.500000000000002,,2.500000000000002,2.500000000000002,1,1.250000000000001,1.0,0,,,,,0,0.0,,False
2.5,2.0,500,0.5,1,2.500000000000002,,2.500000000000002,2.500000000000002,1,1.250000000000001,1.0,0,,,,,0,0.0,,False
2.5,2.0,500,1.0,1,2.500000000000002,,2.500000000000002,2.500000000000002,1,1.250000000000001,1.0,0,,,,,0,0.0,,False
2.5,2.0,500,1.5,1,2.500000000000002,,2.500000000000002,2.500000000000002,1,1.250000000000001,1.0,0,,,,,0,0.0,,False
