feature,bucket,dev_n,val_n,dev_m60_c,val_m60_c,dev_ci_lo_c,val_ci_lo_c,val_m300_c,val_edge_c,val_pre_move_against_c,val_markets
pm_mid,"(-0.001, 0.05]",210,60,11.119285714285713,9.244999999999997,6.8449259361380825,3.923380574906098,9.919090909090906,7.8092857142857115,0.010714285714285714,10
pm_spread,"(0.01, 0.02]",117,40,1.565811965811967,10.211249999999998,-0.06563290912952012,2.4567988975727055,10.863513513513514,8.459782608695651,0.0,6
sig_spread,"(0.03, 0.04]",23,13,6.515217391304347,3.0115384615384597,0.6240933745785583,2.2029410882855163,3.049999999999996,2.9884615384615363,0.023076923076923075,6
pm_spread,"(0.02, 0.04]",18,10,1.2888888888888874,2.209999999999995,-1.7805669053704343,1.5050051978126917,2.0899999999999928,2.1799999999999953,0.030000000000000002,2
sig_residual_abs,"(0.01, 0.02]",223,89,3.684080717488789,4.880337078651685,1.9446073569889384,1.2650470450114872,5.148170731707316,4.627659574468083,0.005851063829787234,24
sig_spread,"(0.04, 0.06]",17,10,11.341176470588234,2.479999999999995,5.044677954977082,1.0340654325546565,2.479999999999995,2.479999999999995,0.0,2
prior60_count,"(1.5, 3.5]",164,54,1.2176829268292677,1.2462962962962942,0.3413952630098971,0.7323841928928162,1.2306818181818158,1.2096774193548363,-0.0064516129032258064,25
sig_spread,"(0.01, 0.015]",149,34,6.13724832214765,1.4264705882352915,3.2065400668297364,0.6827070798246372,1.4107142857142836,1.3461538461538427,0.0,13
sig_residual_abs,"(0.005, 0.01]",129,54,1.077906976744185,1.9009259259259252,0.8439682314372224,0.671300400424031,1.9411764705882337,1.8279661016949142,0.005084745762711864,14
sig_residual_abs,"(-0.001, 0.005]",167,39,5.290419161676647,0.8461538461538455,3.5735361527363785,0.6551307683422423,0.8939393939393931,0.8780487804878041,0.0,14
pm_spread,"(-0.001, 0.005]",76,17,11.223684210526315,1.7323529411764664,5.05270286989595,0.644670410657,1.599999999999997,1.7611111111111073,0.0,4
sig_spread,"(-0.001, 0.01]",312,119,2.540705128205129,3.3138655462184876,1.2035086424807824,0.581443830790495,3.488053097345133,2.9814960629921266,0.0007874015748031496,26
sig_spread,"(0.015, 0.02]",98,17,2.0617346938775505,1.2382352941176464,0.7800206956720719,0.5362832235725441,1.0833333333333335,1.1342105263157887,0.023684210526315787,12
pm_spread,"(0.005, 0.01]",520,155,4.309807692307691,1.183870967741935,2.6597160811526477,0.5165644126962324,1.229166666666666,1.2321428571428565,0.0,30
sig_spread,"(0.02, 0.03]",97,33,1.9706185567010297,2.404545454545451,1.5071730599387934,0.3851901379584719,2.5017241379310313,2.387804878048778,0.0,10
prior60_count,"(3.5, 7.5]",167,46,6.977844311377243,4.270652173913042,4.146172815735234,0.33344457412789325,4.405813953488371,4.140624999999998,0.010416666666666668,16
pm_mid,"(0.35, 0.65]",223,72,3.484304932735426,0.7638888888888894,2.1285556380014152,0.31220514866526466,0.8014705882352945,0.8026315789473684,0.0,7
prior60_count,"(-0.1, 0.5]",170,46,-0.10205882352941072,0.7086956521739127,-0.6341528175848389,0.24488195586306882,0.667045454545454,0.502777777777778,0.012037037037037035,39
prior60_count,"(0.5, 1.5]",124,31,1.1705645161290328,0.8725806451612904,-0.5100870874965169,0.1614083538790616,0.8785714285714282,0.7930555555555557,0.002777777777777778,25
sig_residual_abs,"(0.02, 0.03]",114,37,4.048245614035087,0.8689189189189169,0.8330544626826037,0.0880765132889482,0.8279411764705862,1.0261363636363616,0.0,11
pm_mid,"(0.65, 0.85]",109,47,1.5137614678899065,0.3617021276595741,0.3374410943467002,-0.10265275931644899,0.30487804878048735,0.31632653061224447,0.0,11
pm_mid,"(0.15, 0.35]",136,45,1.1617647058823533,0.2999999999999991,0.25571232532467464,-0.12065000207110887,0.1341463414634144,0.49999999999999917,0.0,11
prior60_count,"(7.5, 15.5]",107,38,13.876635514018695,6.67236842105263,8.112241049655976,-0.4132637463178282,6.920270270270268,6.698684210526314,0.0,7
pm_spread,"(0.04, 0.1]",36,5,3.4611111111111126,-0.009999999999997997,-1.7564843040249993,-0.5233553934653811,-0.7166666666666633,0.10625000000000244,0.06874999999999999,3
prior60_count,"(15.5, 1000000000.0]",35,12,12.785714285714286,5.541666666666667,-3.0148187656065613,-1.2326402791366902,5.541666666666667,5.541666666666667,0.0,2
sig_residual_abs,"(0.03, 0.05]",65,7,1.2046153846153873,0.7214285714285716,-1.5932297622059526,-2.0258076154812223,0.7214285714285715,-0.8863636363636364,0.0,3
