event,regime,source_condition_id,source_token_id,target_condition_id,target_token_id,relationship_class,semantic_basis
colombia_first_round,ACTIVE_RESULTS,0x0fb006e0c06caa4db12f7e30ec8c2483d658f83eb57b2ee8eb478e39beca3dfd,62374557612691330043510053829591470998236327248924987579815802826988260253261,0xc00920db6f5e84821a61bd31578499bbc9bd125949572b589b7a9e4b0f13bad3,97787606698093663746310161655083884268863593082956469376386743061399298825100,MANUAL_INDIRECT,MANUAL_REVIEW:same candidate Ivan Cepeda; first-round winner vs overall winner
colombia_first_round,ACTIVE_RESULTS,0xb611b3a7173f69e412b55561ed265d849e36693c248ff620d0e981c5b3f2e325,33232052119491652564300969744259903933559547696830742958153653325470669042304,0xfbe85201ab2b4acff01cd5a3639039fc813d3448c64db081f70926bd9b9e74e9,87037476560262355019736573472997730954875286944171789280729969665019434635807,MANUAL_INDIRECT,MANUAL_REVIEW:same candidate Abelardo de la Espriella; first-round winner vs overall winner
colombia_first_round,ACTIVE_RESULTS,0xc00920db6f5e84821a61bd31578499bbc9bd125949572b589b7a9e4b0f13bad3,97787606698093663746310161655083884268863593082956469376386743061399298825100,0x0fb006e0c06caa4db12f7e30ec8c2483d658f83eb57b2ee8eb478e39beca3dfd,62374557612691330043510053829591470998236327248924987579815802826988260253261,MANUAL_INDIRECT,MANUAL_REVIEW:same candidate Ivan Cepeda; first-round winner vs overall winner
colombia_first_round,ACTIVE_RESULTS,0xfbe85201ab2b4acff01cd5a3639039fc813d3448c64db081f70926bd9b9e74e9,87037476560262355019736573472997730954875286944171789280729969665019434635807,0xb611b3a7173f69e412b55561ed265d849e36693c248ff620d0e981c5b3f2e325,33232052119491652564300969744259903933559547696830742958153653325470669042304,MANUAL_INDIRECT,MANUAL_REVIEW:same candidate Abelardo de la Espriella; first-round winner vs overall winner
colombia_first_round,PRE_ELECTION,0x04e73caf81ef64ce0c612699049d295e18dfe9bdd60d898fd3d8a64cac723661,77948970922967013320765099624654609581945232484076127193275914408760472466885,0xd6591e966aebf061547ef34cdf3494ed318969887c8b7fb53f10ed5d5461a547,62446510551119788095477835528576672715047217994292762496431912510269665561591,MANUAL_INDIRECT,MANUAL_REVIEW:same candidate Paloma Valencia; first-round winner vs overall winner
colombia_first_round,PRE_ELECTION,0x0fb006e0c06caa4db12f7e30ec8c2483d658f83eb57b2ee8eb478e39beca3dfd,62374557612691330043510053829591470998236327248924987579815802826988260253261,0xc00920db6f5e84821a61bd31578499bbc9bd125949572b589b7a9e4b0f13bad3,97787606698093663746310161655083884268863593082956469376386743061399298825100,MANUAL_INDIRECT,MANUAL_REVIEW:same candidate Ivan Cepeda; first-round winner vs overall winner
colombia_first_round,PRE_ELECTION,0xb611b3a7173f69e412b55561ed265d849e36693c248ff620d0e981c5b3f2e325,33232052119491652564300969744259903933559547696830742958153653325470669042304,0xfbe85201ab2b4acff01cd5a3639039fc813d3448c64db081f70926bd9b9e74e9,87037476560262355019736573472997730954875286944171789280729969665019434635807,MANUAL_INDIRECT,MANUAL_REVIEW:same candidate Abelardo de la Espriella; first-round winner vs overall winner
colombia_first_round,PRE_ELECTION,0xc00920db6f5e84821a61bd31578499bbc9bd125949572b589b7a9e4b0f13bad3,97787606698093663746310161655083884268863593082956469376386743061399298825100,0x0fb006e0c06caa4db12f7e30ec8c2483d658f83eb57b2ee8eb478e39beca3dfd,62374557612691330043510053829591470998236327248924987579815802826988260253261,MANUAL_INDIRECT,MANUAL_REVIEW:same candidate Ivan Cepeda; first-round winner vs overall winner
colombia_first_round,PRE_ELECTION,0xd6591e966aebf061547ef34cdf3494ed318969887c8b7fb53f10ed5d5461a547,62446510551119788095477835528576672715047217994292762496431912510269665561591,0x04e73caf81ef64ce0c612699049d295e18dfe9bdd60d898fd3d8a64cac723661,77948970922967013320765099624654609581945232484076127193275914408760472466885,MANUAL_INDIRECT,MANUAL_REVIEW:same candidate Paloma Valencia; first-round winner vs overall winner
colombia_first_round,PRE_ELECTION,0xfbe85201ab2b4acff01cd5a3639039fc813d3448c64db081f70926bd9b9e74e9,87037476560262355019736573472997730954875286944171789280729969665019434635807,0xb611b3a7173f69e412b55561ed265d849e36693c248ff620d0e981c5b3f2e325,33232052119491652564300969744259903933559547696830742958153653325470669042304,MANUAL_INDIRECT,MANUAL_REVIEW:same candidate Abelardo de la Espriella; first-round winner vs overall winner
colombia_runoff,ACTIVE_RESULTS,0x065c9c419b6e1efa736760d175f0bb544af3b06c908d2bdcf7a942092faec5a7,7842998641854640467498864847927196666887026414217538383618059089010287738821,0xfbe85201ab2b4acff01cd5a3639039fc813d3448c64db081f70926bd9b9e74e9,87037476560262355019736573472997730954875286944171789280729969665019434635807,MANUAL_INDIRECT,MANUAL_REVIEW:Abelardo de la Espriella; Bogota runoff result vs overall winner
colombia_runoff,ACTIVE_RESULTS,0x0fb006e0c06caa4db12f7e30ec8c2483d658f83eb57b2ee8eb478e39beca3dfd,62374557612691330043510053829591470998236327248924987579815802826988260253261,0xa7b2cabe6466638637347bf3fac755dc0fa5ed6f31f4e59fef37496eb95dbb10,51986373652466077523760166908992553996156559541187887086591038114806922945350,MANUAL_INDIRECT,MANUAL_REVIEW:Ivan Cepeda; Bogota runoff result vs overall winner
colombia_runoff,ACTIVE_RESULTS,0xa7b2cabe6466638637347bf3fac755dc0fa5ed6f31f4e59fef37496eb95dbb10,51986373652466077523760166908992553996156559541187887086591038114806922945350,0x0fb006e0c06caa4db12f7e30ec8c2483d658f83eb57b2ee8eb478e39beca3dfd,62374557612691330043510053829591470998236327248924987579815802826988260253261,MANUAL_INDIRECT,MANUAL_REVIEW:Ivan Cepeda; Bogota runoff result vs overall winner
colombia_runoff,ACTIVE_RESULTS,0xfbe85201ab2b4acff01cd5a3639039fc813d3448c64db081f70926bd9b9e74e9,87037476560262355019736573472997730954875286944171789280729969665019434635807,0x065c9c419b6e1efa736760d175f0bb544af3b06c908d2bdcf7a942092faec5a7,7842998641854640467498864847927196666887026414217538383618059089010287738821,MANUAL_INDIRECT,MANUAL_REVIEW:Abelardo de la Espriella; Bogota runoff result vs overall winner
colombia_runoff,PRE_ELECTION,0x0fb006e0c06caa4db12f7e30ec8c2483d658f83eb57b2ee8eb478e39beca3dfd,62374557612691330043510053829591470998236327248924987579815802826988260253261,0xa7b2cabe6466638637347bf3fac755dc0fa5ed6f31f4e59fef37496eb95dbb10,51986373652466077523760166908992553996156559541187887086591038114806922945350,MANUAL_INDIRECT,MANUAL_REVIEW:Ivan Cepeda; Bogota runoff result vs overall winner
colombia_runoff,PRE_ELECTION,0xa7b2cabe6466638637347bf3fac755dc0fa5ed6f31f4e59fef37496eb95dbb10,51986373652466077523760166908992553996156559541187887086591038114806922945350,0x0fb006e0c06caa4db12f7e30ec8c2483d658f83eb57b2ee8eb478e39beca3dfd,62374557612691330043510053829591470998236327248924987579815802826988260253261,MANUAL_INDIRECT,MANUAL_REVIEW:Ivan Cepeda; Bogota runoff result vs overall winner
peru_first_round,ACTIVE_RESULTS,0x05347b99afe166460607383ff61a796cb5f413a5a15504874bc9f587a1d5fb12,13055152962610574593867994764467771836800261376951918221710397856946000291756,0x1ff90b3af55846972c3c264e02f0078a7c0821c864fc62cd4b98b17242296678,70028221582838046561445868277002018252780286287731811276738642910841587382392,MANUAL_INDIRECT,MANUAL_REVIEW:Peru Libre; Chamber vs Senate most-seats outcomes
peru_first_round,ACTIVE_RESULTS,0x05b3c4a8779f467c490d05894d66634e7ed0bc982eed4463ca90fd1f59b78d1f,34253026330636554399852514066550450276013246568444914274205167845651811464790,0xef6bd8e629dd6f51b02c9c57adc5c6e4251c8d427109eff08bebcdd3462e923b,56456803387650397845761837417809147583449071152814172522951904487087521090322,MANUAL_INDIRECT,MANUAL_REVIEW:Juntos por el Peru; Chamber vs Senate most-seats outcomes
peru_first_round,ACTIVE_RESULTS,0x12ad7d12be6be9f3822d978dfe51bb1a59d5208422bda6155616a992937a9b9d,34139372490421656658764743748855070175691399946264775613546219286350462486003,0x5ebc51061f4bc2bd1f50dcd736b43de3cc0e471de8b4d6e6b3951670a57d03eb,92630754815153019913281002984440535410880277334175699573101680610900343162129,MANUAL_INDIRECT,MANUAL_REVIEW:Accion Popular; Chamber vs Senate most-seats outcomes
peru_first_round,ACTIVE_RESULTS,0x132225a15f2d05b147a54a7096b3a4100f581eaad079fd64ce5df8082d4b6746,29605412168491604224400515758812221296055736048328687013279325446908697782986,0x40a7ea3a3be12c58027b38ad54e67d13e1470a08e2d90b4f755d8583d2e62586,4103584660849016261926899759260907804965204571034760636435809850834353581497,MANUAL_INDIRECT,MANUAL_REVIEW:Alianza para el Progreso; Chamber vs Senate most-seats outcomes
peru_first_round,ACTIVE_RESULTS,0x1ff90b3af55846972c3c264e02f0078a7c0821c864fc62cd4b98b17242296678,70028221582838046561445868277002018252780286287731811276738642910841587382392,0x05347b99afe166460607383ff61a796cb5f413a5a15504874bc9f587a1d5fb12,13055152962610574593867994764467771836800261376951918221710397856946000291756,MANUAL_INDIRECT,MANUAL_REVIEW:Peru Libre; Chamber vs Senate most-seats outcomes
peru_first_round,ACTIVE_RESULTS,0x36c233eb5eeec3300332ee463027adb6a7bb521df9780d9e7e0c028c7f1d0b9d,18437570836798015508413588163545824725618221508204528541518274807911968426256,0x7992be6bdda4f7ab2224831f9bd7cd3192ccb9c02640bcf61ff6c389f7cda056,21548267063852344197294411394442203429665465067575113504945752859692538216489,MANUAL_INDIRECT,MANUAL_REVIEW:Somos Peru; Chamber vs Senate most-seats outcomes
peru_first_round,ACTIVE_RESULTS,0x40a7ea3a3be12c58027b38ad54e67d13e1470a08e2d90b4f755d8583d2e62586,4103584660849016261926899759260907804965204571034760636435809850834353581497,0x132225a15f2d05b147a54a7096b3a4100f581eaad079fd64ce5df8082d4b6746,29605412168491604224400515758812221296055736048328687013279325446908697782986,MANUAL_INDIRECT,MANUAL_REVIEW:Alianza para el Progreso; Chamber vs Senate most-seats outcomes
peru_first_round,ACTIVE_RESULTS,0x41432f60cff78fa0e2da59012711172a6a356a7edb9a6384ca20d69bd26ea7ba,57042034049005848559977466041602099612634118358272974129997354272684145047793,0x94bd997304da0c9f10bab538756814a3a5ce26bd28cf72343a9a5058f58f4db2,108558721460657856931164500269543846812498772937130524933036124977877392070575,MANUAL_INDIRECT,MANUAL_REVIEW:Podemos Peru; Chamber vs Senate most-seats outcomes
peru_first_round,ACTIVE_RESULTS,0x554542102403f12796b0f8b519adbcd966c12f7ec6652392ef78fb653de4f7bf,35032655183130812673570952719969467635956698944748396282601004870737609580612,0xc4a9db7a0c81b75bc0b2009481b4e498a63c21e6f24949b6f1758c3986c270eb,111701950417305141513997863408442982759352929259590852621473333625180353072857,MANUAL_INDIRECT,MANUAL_REVIEW:Renovacion Popular; Chamber vs Senate most-seats outcomes
peru_first_round,ACTIVE_RESULTS,0x5ebc51061f4bc2bd1f50dcd736b43de3cc0e471de8b4d6e6b3951670a57d03eb,92630754815153019913281002984440535410880277334175699573101680610900343162129,0x12ad7d12be6be9f3822d978dfe51bb1a59d5208422bda6155616a992937a9b9d,34139372490421656658764743748855070175691399946264775613546219286350462486003,MANUAL_INDIRECT,MANUAL_REVIEW:Accion Popular; Chamber vs Senate most-seats outcomes
peru_first_round,ACTIVE_RESULTS,0x79879ec1f3baa9e40ec709b8cf80b2808f6f55920c31a6cd4fa249f6e9d5be36,8841508247493149090572045971327991291897288425911692193387659098920616934960,0xfd65fcde6ffd88ac7be03616cf44556630bd1f7530d7a9682c45fe8b726ae342,59007735809419567406818128965357322201263386348705659746338440669272269771439,MANUAL_INDIRECT,MANUAL_REVIEW:Avanza Pais; Chamber vs Senate most-seats outcomes
peru_first_round,ACTIVE_RESULTS,0x7992be6bdda4f7ab2224831f9bd7cd3192ccb9c02640bcf61ff6c389f7cda056,21548267063852344197294411394442203429665465067575113504945752859692538216489,0x36c233eb5eeec3300332ee463027adb6a7bb521df9780d9e7e0c028c7f1d0b9d,18437570836798015508413588163545824725618221508204528541518274807911968426256,MANUAL_INDIRECT,MANUAL_REVIEW:Somos Peru; Chamber vs Senate most-seats outcomes
peru_first_round,ACTIVE_RESULTS,0x83b661c9e68dde865ac656f20a57572e7168239445bdbde65ea6665b7a4100e4,74500083728733584148299358961366660865158287035584890847432809281060790985243,0xa44566e684a257c0f0c2a6416edf100722472ca3ecab7ad3222db79bdbe9f3bc,112876813940775838985582641130448954435303590576774760274731014125978645124676,MANUAL_INDIRECT,MANUAL_REVIEW:Fuerza Popular; Chamber vs Senate most-seats outcomes
peru_first_round,ACTIVE_RESULTS,0x94bd997304da0c9f10bab538756814a3a5ce26bd28cf72343a9a5058f58f4db2,108558721460657856931164500269543846812498772937130524933036124977877392070575,0x41432f60cff78fa0e2da59012711172a6a356a7edb9a6384ca20d69bd26ea7ba,57042034049005848559977466041602099612634118358272974129997354272684145047793,MANUAL_INDIRECT,MANUAL_REVIEW:Podemos Peru; Chamber vs Senate most-seats outcomes
peru_first_round,ACTIVE_RESULTS,0xa44566e684a257c0f0c2a6416edf100722472ca3ecab7ad3222db79bdbe9f3bc,112876813940775838985582641130448954435303590576774760274731014125978645124676,0x83b661c9e68dde865ac656f20a57572e7168239445bdbde65ea6665b7a4100e4,74500083728733584148299358961366660865158287035584890847432809281060790985243,MANUAL_INDIRECT,MANUAL_REVIEW:Fuerza Popular; Chamber vs Senate most-seats outcomes
peru_first_round,ACTIVE_RESULTS,0xc4a9db7a0c81b75bc0b2009481b4e498a63c21e6f24949b6f1758c3986c270eb,111701950417305141513997863408442982759352929259590852621473333625180353072857,0x554542102403f12796b0f8b519adbcd966c12f7ec6652392ef78fb653de4f7bf,35032655183130812673570952719969467635956698944748396282601004870737609580612,MANUAL_INDIRECT,MANUAL_REVIEW:Renovacion Popular; Chamber vs Senate most-seats outcomes
peru_first_round,ACTIVE_RESULTS,0xef6bd8e629dd6f51b02c9c57adc5c6e4251c8d427109eff08bebcdd3462e923b,56456803387650397845761837417809147583449071152814172522951904487087521090322,0x05b3c4a8779f467c490d05894d66634e7ed0bc982eed4463ca90fd1f59b78d1f,34253026330636554399852514066550450276013246568444914274205167845651811464790,MANUAL_INDIRECT,MANUAL_REVIEW:Juntos por el Peru; Chamber vs Senate most-seats outcomes
peru_first_round,ACTIVE_RESULTS,0xfd65fcde6ffd88ac7be03616cf44556630bd1f7530d7a9682c45fe8b726ae342,59007735809419567406818128965357322201263386348705659746338440669272269771439,0x79879ec1f3baa9e40ec709b8cf80b2808f6f55920c31a6cd4fa249f6e9d5be36,8841508247493149090572045971327991291897288425911692193387659098920616934960,MANUAL_INDIRECT,MANUAL_REVIEW:Avanza Pais; Chamber vs Senate most-seats outcomes
peru_first_round,PRE_ELECTION,0x83b661c9e68dde865ac656f20a57572e7168239445bdbde65ea6665b7a4100e4,74500083728733584148299358961366660865158287035584890847432809281060790985243,0xa44566e684a257c0f0c2a6416edf100722472ca3ecab7ad3222db79bdbe9f3bc,112876813940775838985582641130448954435303590576774760274731014125978645124676,MANUAL_INDIRECT,MANUAL_REVIEW:Fuerza Popular; Chamber vs Senate most-seats outcomes
peru_first_round,PRE_ELECTION,0xa44566e684a257c0f0c2a6416edf100722472ca3ecab7ad3222db79bdbe9f3bc,112876813940775838985582641130448954435303590576774760274731014125978645124676,0x83b661c9e68dde865ac656f20a57572e7168239445bdbde65ea6665b7a4100e4,74500083728733584148299358961366660865158287035584890847432809281060790985243,MANUAL_INDIRECT,MANUAL_REVIEW:Fuerza Popular; Chamber vs Senate most-seats outcomes
peru_runoff,ACTIVE_RESULTS,0x83b661c9e68dde865ac656f20a57572e7168239445bdbde65ea6665b7a4100e4,74500083728733584148299358961366660865158287035584890847432809281060790985243,0xa44566e684a257c0f0c2a6416edf100722472ca3ecab7ad3222db79bdbe9f3bc,112876813940775838985582641130448954435303590576774760274731014125978645124676,MANUAL_INDIRECT,MANUAL_REVIEW:Fuerza Popular; Chamber vs Senate most-seats outcomes
peru_runoff,ACTIVE_RESULTS,0xa44566e684a257c0f0c2a6416edf100722472ca3ecab7ad3222db79bdbe9f3bc,112876813940775838985582641130448954435303590576774760274731014125978645124676,0x83b661c9e68dde865ac656f20a57572e7168239445bdbde65ea6665b7a4100e4,74500083728733584148299358961366660865158287035584890847432809281060790985243,MANUAL_INDIRECT,MANUAL_REVIEW:Fuerza Popular; Chamber vs Senate most-seats outcomes
