test,family,geometry,train_rows,dev_rows,baseline_mae,model_mae,absolute_mae_improvement,bootstrap_lower_95,bootstrap_upper_95,direction_accuracy,status
"Raw structural residual -> literal next update","House","QP",923,48,0.003958333333333337,0.00426001267520434,-0.00030167934187100287,-0.0005099070674405275,-0.0001337543161012318,0.1875,"NEGATIVE_DEV"
"Raw structural residual -> literal next update","House","KL",923,48,0.003958333333333337,0.004275214591046732,-0.00031688125771339466,-0.0005738293746920947,-0.00014374565608219272,0.1875,"NEGATIVE_DEV"
"Raw structural residual -> literal next update","Senate T50","QP",1357,80,0.004375000000000004,0.004455880316473087,-0.00008088031647308317,-0.00015394520047805072,-0.000003645777287562229,0.25,"NEGATIVE_DEV"
"Raw structural residual -> literal next update","Senate T50","KL",1357,80,0.004375000000000004,0.004438335947584723,-0.00006333594758471933,-0.00015456009072883488,-0.000009642832458119963,0.35,"NEGATIVE_DEV"
"TRAIN-affine calibrated FV level","House","QP",923,48,0.003958333333333337,0.022247420769581253,-0.018289087436247915,-0.02711032810424373,-0.007841777639153294,0.20833333333333334,"NEGATIVE_DEV"
"TRAIN-affine calibrated FV level","House","KL",923,48,0.003958333333333337,0.02316501693504096,-0.019206683601707623,-0.028158256329415404,-0.005994919653819417,0.20833333333333334,"NEGATIVE_DEV"
"Calibrated structural ECM -> next update","House","QP",923,48,0.003958333333333337,0.005679272948700434,-0.001720939615367097,-0.0019085066251200815,-0.0012186471312367695,0.20833333333333334,"NEGATIVE_DEV"
"Calibrated structural ECM -> next update","House","KL",923,48,0.003958333333333337,0.005873129516777144,-0.0019147961834438069,-0.002318626551621558,-0.0014579016290599243,0.20833333333333334,"NEGATIVE_DEV"
"TRAIN-affine calibrated FV level","Senate T50","QP",1357,80,0.004375000000000004,0.01600884044623299,-0.011633840446232988,-0.019416547755254615,-0.009202645751223716,0.225,"NEGATIVE_DEV"
"TRAIN-affine calibrated FV level","Senate T50","KL",1357,80,0.004375000000000004,0.0117433157755862,-0.007368315775586196,-0.019341370483430858,-0.0030450966245280683,0.225,"NEGATIVE_DEV"
"Calibrated structural ECM -> next update","Senate T50","QP",1357,80,0.004375000000000004,0.004722191512424808,-0.00034719151242480414,-0.0005881168798388958,-0.00021092806888400132,0.2125,"NEGATIVE_DEV"
"Calibrated structural ECM -> next update","Senate T50","KL",1357,80,0.004375000000000004,0.0045653852830794366,-0.00019038528307943267,-0.0004968002363646929,-0.00009606464293130742,0.225,"NEGATIVE_DEV"
