event,regime,quote_motion,rows,mean_abs_mid_response
colombia_first_round,PRE_ELECTION,NO_CHANGE,49743,0.0
colombia_first_round,PRE_ELECTION,ONE_SIDED,1043,0.0016649089165867695
colombia_first_round,PRE_ELECTION,TRANSLATION,140,0.005010714285714287
colombia_first_round,PRE_ELECTION,UNAVAILABLE,5720,
colombia_first_round,PRE_ELECTION,WIDTH_CHANGE,21,0.0003571428571428578
colombia_first_round,ACTIVE_RESULTS,NO_CHANGE,8861,0.0
colombia_first_round,ACTIVE_RESULTS,ONE_SIDED,478,0.003967573221757318
colombia_first_round,ACTIVE_RESULTS,TRANSLATION,70,0.010685714285714283
colombia_first_round,ACTIVE_RESULTS,UNAVAILABLE,5511,
colombia_first_round,ACTIVE_RESULTS,WIDTH_CHANGE,10,0.0177
peru_runoff,PRE_ELECTION,NO_CHANGE,18992,0.0
peru_runoff,PRE_ELECTION,ONE_SIDED,444,0.0011486486486486482
peru_runoff,PRE_ELECTION,TRANSLATION,121,0.004409090909090911
peru_runoff,PRE_ELECTION,UNAVAILABLE,14934,
peru_runoff,PRE_ELECTION,WIDTH_CHANGE,19,0.0008684210526315768
peru_runoff,ACTIVE_RESULTS,NO_CHANGE,1146,0.0
peru_runoff,ACTIVE_RESULTS,ONE_SIDED,116,0.002181034482758619
peru_runoff,ACTIVE_RESULTS,TRANSLATION,19,0.009552631578947373
peru_runoff,ACTIVE_RESULTS,UNAVAILABLE,5740,
peru_runoff,ACTIVE_RESULTS,WIDTH_CHANGE,3,0.0006666666666666673
colombia_runoff,PRE_ELECTION,NO_CHANGE,5990,0.0
colombia_runoff,PRE_ELECTION,ONE_SIDED,25,0.004999999999999999
colombia_runoff,PRE_ELECTION,TRANSLATION,18,0.010277777777777778
colombia_runoff,PRE_ELECTION,UNAVAILABLE,62,
colombia_runoff,ACTIVE_RESULTS,NO_CHANGE,1835,0.0
colombia_runoff,ACTIVE_RESULTS,ONE_SIDED,149,0.0008255033557046964
colombia_runoff,ACTIVE_RESULTS,TRANSLATION,14,0.0033214285714285975
colombia_runoff,ACTIVE_RESULTS,UNAVAILABLE,118,
colombia_runoff,ACTIVE_RESULTS,WIDTH_CHANGE,11,4.5454545454545655e-05