event,regime,hypothesis,slot,status,rows,blocks,varying_blocks,max_block_ss_fraction,residualized_ss,coefficients_in_challenger,loss_baseline,loss_challenger,loss_gain,interaction_score,expected_sign,sign_pass,gain_pass,outcome_mean,intersection_union_event_p,n2_survival_unadjusted,reasons
colombia_first_round,PRE_ELECTION,D1,C01-PRE,OK,21887,649,643,0.058043030050976344,0.012125266364744269,20,3.673139866576205e-07,3.673288490416311e-07,-1.486238401061161e-11,-2.7382966166268326e-08,1,False,False,7.7163199940137e-05,1.0,False,
peru_runoff,PRE_ELECTION,D1,C01-PRE,INCONCLUSIVE_NO_ROWS,,,,,,,,,,,,,,,,,
colombia_runoff,PRE_ELECTION,D1,C01-PRE,OK,2271,127,124,0.4493103393939298,0.0014828677538762604,20,4.563819471492623e-07,4.5638700318763803e-07,-5.056038375751169e-12,-1.0423096740477197e-07,1,False,False,4.958755155605545e-05,1.0,False,
colombia_first_round,PRE_ELECTION,D2,C02-PRE,OK,21887,649,643,0.0632624220137731,1615.7432236230466,17,0.03952227682699191,0.03977765887445937,-0.0002553820474674659,-0.0031732125189669566,1,False,False,0.043810998547681355,1.0,False,
peru_runoff,PRE_ELECTION,D2,C02-PRE,INCONCLUSIVE_NO_ROWS,,,,,,,,,,,,,,,,,
colombia_runoff,PRE_ELECTION,D2,C02-PRE,OK,2271,127,124,0.3570331363108097,14.255741655223423,17,0.009288166405902895,0.009332054754563472,-4.388834866057671e-05,-0.0004636636781010204,1,False,False,0.006555430571178603,1.0,False,
colombia_first_round,PRE_ELECTION,D4,C04-PRE,OK,21887,649,643,0.08710430218818728,7.584226979946396e-08,18,0.03942923155584508,0.039463268694772374,-3.403713892729393e-05,-1.0091071416003135e-08,-1,True,False,0.043810998547681355,1.0,False,
peru_runoff,PRE_ELECTION,D4,C04-PRE,INCONCLUSIVE_NO_ROWS,,,,,,,,,,,,,,,,,
colombia_runoff,PRE_ELECTION,D4,C04-PRE,INCONCLUSIVE_SUPPORT,2271,127,0,0.013455253546875243,9.694109847082614e-33,18,,,,,,,,,,,ADDED_FEATURE_NOT_FULL_RANK|ADDED_FEATURE_VARIATION_BLOCKS_LT_20
colombia_first_round,ACTIVE_RESULTS,D1,C01-ACTIVE,OK,4307,73,73,0.22176355413499033,0.027799448109101666,20,2.0144730738378907e-05,2.0150185543348198e-05,-5.454804969290449e-09,-2.3089718055901355e-07,1,False,False,0.0005119102399657949,1.0,False,
peru_runoff,ACTIVE_RESULTS,D1,C01-ACTIVE,INCONCLUSIVE_SUPPORT,446,35,31,0.36320666859277606,0.0006748548912265518,20,,,,,,,,,,,OCCUPIED_300S_BLOCKS_LT_40
colombia_runoff,ACTIVE_RESULTS,D1,C01-ACTIVE,OK,1722,59,59,0.1334292631135873,0.00012653591883643608,20,2.134806316239724e-06,2.166505732034128e-06,-3.16994157944044e-08,1.3682607350387394e-07,1,True,False,7.850837368845853e-05,1.0,False,
colombia_first_round,ACTIVE_RESULTS,D2,C02-ACTIVE,OK,4308,73,73,0.07204608027084837,272.9239720651369,17,0.10241420529816349,0.10228302270283658,0.00013118259532690635,-0.016042981861609785,1,False,True,0.11046242934387776,1.0,False,
peru_runoff,ACTIVE_RESULTS,D2,C02-ACTIVE,INCONCLUSIVE_SUPPORT,446,35,31,0.16812456972738976,68.91638092292675,17,,,,,,,,,,,OCCUPIED_300S_BLOCKS_LT_40
colombia_runoff,ACTIVE_RESULTS,D2,C02-ACTIVE,OK,1722,59,59,0.10310592270209733,129.6713055667768,17,0.09910939190946921,0.09916328867119818,-5.389676172896929e-05,0.014836743373413355,1,True,False,0.10304849340866287,1.0,False,
colombia_first_round,ACTIVE_RESULTS,D4,C04-ACTIVE,OK,4308,73,73,0.27086766838180726,9.761752432422664e-05,18,0.10184007008505642,0.10974306119751105,-0.007902991112454627,-9.734246468708614e-06,-1,True,False,0.11046242934387776,1.0,False,
peru_runoff,ACTIVE_RESULTS,D4,C04-ACTIVE,INCONCLUSIVE_SUPPORT,446,35,31,0.3776993270802663,8.765665258966619e-09,18,,,,,,,,,,,OCCUPIED_300S_BLOCKS_LT_40
colombia_runoff,ACTIVE_RESULTS,D4,C04-ACTIVE,OK,1722,59,59,0.14870351150952385,1.119545102527483e-09,18,0.09935263607276837,0.0998851844720359,-0.0005325483992675295,3.824611792208115e-08,-1,False,False,0.10304849340866287,1.0,False,