mechanism,response,regime,horizon_seconds,rows,renewal_rate
A5_LIQUIDITY,future_genuine_renewal,PRE_ELECTION,1,103143,0.002501381577033827
A5_LIQUIDITY,future_genuine_renewal,ACTIVE_RESULTS,1,18316,0.01594234549028172
A5_LIQUIDITY,future_genuine_renewal,PRE_ELECTION,5,102446,0.007701618413603264
A5_LIQUIDITY,future_genuine_renewal,ACTIVE_RESULTS,5,17552,0.03583637192342753
A5_LIQUIDITY,future_genuine_renewal,PRE_ELECTION,30,100068,0.025612583443258584
A5_LIQUIDITY,future_genuine_renewal,ACTIVE_RESULTS,30,15390,0.09259259259259259
A5_LIQUIDITY,future_genuine_renewal,PRE_ELECTION,60,98056,0.03851880558048462
A5_LIQUIDITY,future_genuine_renewal,ACTIVE_RESULTS,60,14116,0.11504675545480306
A5_LIQUIDITY,future_genuine_renewal,PRE_ELECTION,300,88236,0.09171993290720341
A5_LIQUIDITY,future_genuine_renewal,ACTIVE_RESULTS,300,10214,0.21764245153710593
