mechanism,regime,horizon_seconds,status,rows,train_rows,validation_rows,events,election_families,baseline_mse,challenger_mse,loss_gain,challenger_coefficients_json
A5_MAKER,PRE_ELECTION,1,OK,26934,15038,11816,3,2,5.7299498392052583e-08,5.7271601657414564e-08,2.789673463801988e-11,"{""family_activity_ex_target_30s"": -1.0416645324311031e-06, ""participant_conditioned_taker_value_30s"": 6.81895789439275e-09, ""signed_taker_shares_30s"": 2.078627364251806e-06, ""signed_taker_value_30s"": 1.4011589525060547e-06}"
A5_MAKER,ACTIVE_RESULTS,1,OK,19281,15754,2974,3,2,6.249266279439515e-07,6.256211692102299e-07,-6.94541266278409e-10,"{""family_activity_ex_target_30s"": 1.1297322433554081e-05, ""participant_conditioned_taker_value_30s"": -8.368347644454819e-07, ""signed_taker_shares_30s"": -7.932182497711604e-07, ""signed_taker_value_30s"": -6.483991806068618e-06}"
A5_MAKER,PRE_ELECTION,5,OK,25742,14314,11350,3,2,1.6397875694056188e-07,1.6402586238038272e-07,-4.7105439820836205e-11,"{""family_activity_ex_target_30s"": -4.551166092291534e-06, ""participant_conditioned_taker_value_30s"": -1.0444499156703739e-06, ""signed_taker_shares_30s"": 8.514154140955978e-07, ""signed_taker_value_30s"": 2.6991441477699982e-08}"
A5_MAKER,ACTIVE_RESULTS,5,OK,15581,12619,2572,3,2,1.7824217800671616e-06,1.7818532963782873e-06,5.68483688874281e-10,"{""family_activity_ex_target_30s"": -8.679440880000111e-06, ""participant_conditioned_taker_value_30s"": 3.112205938247513e-06, ""signed_taker_shares_30s"": -3.837478862758826e-06, ""signed_taker_value_30s"": -2.252254878873151e-05}"
A5_MAKER,PRE_ELECTION,30,OK,23094,12890,10127,3,2,5.929416494430042e-07,5.926321650743452e-07,3.0948436865903505e-10,"{""family_activity_ex_target_30s"": 5.418133816206276e-06, ""participant_conditioned_taker_value_30s"": -2.444098844387066e-06, ""signed_taker_shares_30s"": -2.044608874493832e-06, ""signed_taker_value_30s"": 4.5579262089086565e-06}"
A5_MAKER,ACTIVE_RESULTS,30,OK,9117,7158,1793,3,2,1.2356512684692112e-05,1.2324532204871806e-05,3.19804798203064e-08,"{""family_activity_ex_target_30s"": 0.0001933425545216786, ""participant_conditioned_taker_value_30s"": -1.628074260881248e-06, ""signed_taker_shares_30s"": 1.2297155019591006e-05, ""signed_taker_value_30s"": -1.8471112720524185e-06}"
A5_MAKER,PRE_ELECTION,60,OK,21709,12132,9502,3,2,9.488851953558491e-07,9.521524363145802e-07,-3.267240958731072e-09,"{""family_activity_ex_target_30s"": 1.9819481343712943e-05, ""participant_conditioned_taker_value_30s"": 4.3533312769061404e-06, ""signed_taker_shares_30s"": -1.0768070201219493e-05, ""signed_taker_value_30s"": 1.251916783265936e-05}"
A5_MAKER,ACTIVE_RESULTS,60,OK,6983,5510,1377,3,2,1.6772588789926118e-05,1.6718552367589705e-05,5.4036422336412705e-08,"{""family_activity_ex_target_30s"": 0.00032089596896016094, ""participant_conditioned_taker_value_30s"": -5.431726633949366e-06, ""signed_taker_shares_30s"": 1.5389452237096107e-05, ""signed_taker_value_30s"": -1.668049019173591e-05}"
A5_MAKER,PRE_ELECTION,300,OK,17598,9877,7646,3,2,3.096552050088232e-06,3.099797345951884e-06,-3.245295863652063e-09,"{""family_activity_ex_target_30s"": 4.904221960747531e-06, ""participant_conditioned_taker_value_30s"": -2.153298357065863e-05, ""signed_taker_shares_30s"": 1.1521816332928654e-05, ""signed_taker_value_30s"": 1.861796783606628e-05}"
A5_MAKER,ACTIVE_RESULTS,300,OK,3264,2498,696,3,2,9.413259455773989e-05,9.381714111973982e-05,3.1545343800006486e-07,"{""family_activity_ex_target_30s"": -8.944072627696984e-06, ""participant_conditioned_taker_value_30s"": 1.6848872242424784e-05, ""signed_taker_shares_30s"": 4.774504782076616e-05, ""signed_taker_value_30s"": 2.802777699260044e-05}"
