mechanism,regime,horizon_seconds,status,rows,validation_rows,observed_gain,relative_gain,circular_p,block_p,intersection_p,circular_valid_groups_min,block_valid_groups_min,circular_null_mean,block_null_mean,bh_q,bh_reject_5pct
A2_OWN_MARKET,PRE_ELECTION,1,OK,102293,35426,-4.0946128663692073e-13,-2.0374852629354525e-05,1.0,1.0,1.0,0,0,nan,nan,1.0,False
A2_OWN_MARKET,PRE_ELECTION,5,OK,101630,35150,3.5207086774577934e-12,3.454017673866364e-05,0.019,0.045,0.045,15,15,6.507055501595933e-13,1.7088124090533767e-13,0.15,False
A2_OWN_MARKET,PRE_ELECTION,30,OK,99351,34193,1.4894308061587296e-10,0.00032552867045980416,0.008,0.032,0.032,15,15,1.0573602672528751e-11,4.6649181211292535e-11,0.15,False
A2_OWN_MARKET,PRE_ELECTION,60,OK,97398,33398,3.4074391594544053e-10,0.0004119183206857607,0.028,0.019,0.028,15,15,-3.529732034862631e-10,-6.11982532274048e-10,0.15,False
A2_OWN_MARKET,PRE_ELECTION,300,OK,87762,29653,1.2120315907290404e-09,0.00034298132867119027,0.051,0.101,0.101,15,15,-1.4422077546285655e-09,-3.314487958847444e-09,0.2525,False
A2_OWN_MARKET,ACTIVE_RESULTS,1,OK,17697,5779,1.4861435474053457e-12,1.2458136678644312e-05,0.219,0.238,0.238,27,27,-3.704052719190924e-13,1.9385801502979893e-13,0.476,False
A2_OWN_MARKET,ACTIVE_RESULTS,5,OK,17038,5671,-5.57907465622258e-08,-0.0528269869661224,1.0,1.0,1.0,0,0,nan,nan,1.0,False
A2_OWN_MARKET,ACTIVE_RESULTS,30,OK,15090,5245,-5.840833322248696e-08,-0.01620651839402203,1.0,1.0,1.0,0,0,nan,nan,1.0,False
A2_OWN_MARKET,ACTIVE_RESULTS,60,OK,13882,4951,-1.669581107228445e-08,-0.0023305902837307334,1.0,1.0,1.0,0,0,nan,nan,1.0,False
A2_OWN_MARKET,ACTIVE_RESULTS,300,OK,10087,3767,-3.4044986323474193e-08,-0.012172348750293167,1.0,1.0,1.0,0,0,nan,nan,1.0,False
A3_SAME_FAMILY,PRE_ELECTION,1,OK,258881,92944,-4.73528628850432e-13,-1.954816243564532e-05,1.0,1.0,1.0,0,0,nan,nan,1.0,False
A3_SAME_FAMILY,PRE_ELECTION,5,OK,256831,92007,8.0950410568612e-13,7.65549842561655e-06,0.005,0.002,0.005,14,14,8.387016623151763e-15,-2.4398676388575364e-14,0.05,True
A3_SAME_FAMILY,PRE_ELECTION,30,OK,249924,88875,1.332854335020856e-12,3.0951648395633528e-06,0.224,0.51,0.51,14,14,-1.9172231887475136e-13,1.5024520665733676e-12,1.0,False
A3_SAME_FAMILY,PRE_ELECTION,60,OK,244142,86342,-1.4021427247163477e-10,-0.0001882587085471223,1.0,1.0,1.0,0,0,nan,nan,1.0,False
A3_SAME_FAMILY,PRE_ELECTION,300,OK,216689,74991,8.424327817189056e-10,0.00029052760410163954,0.017,0.006,0.017,14,14,-2.634494081068205e-10,-4.2242725097720694e-10,0.085,False
A3_SAME_FAMILY,ACTIVE_RESULTS,1,OK,128023,43404,-1.2802535465494255e-11,-9.482802182228464e-05,1.0,1.0,1.0,0,0,nan,nan,1.0,False
A3_SAME_FAMILY,ACTIVE_RESULTS,5,OK,123401,42902,5.45796302679956e-10,0.000561644120852138,0.051,0.292,0.292,28,26,-6.086596443444415e-10,3.833459415439982e-10,0.9733333333333333,False
A3_SAME_FAMILY,ACTIVE_RESULTS,30,OK,109490,39677,-8.544294392506552e-09,-0.0024317072447520623,1.0,1.0,1.0,0,0,nan,nan,1.0,False
A3_SAME_FAMILY,ACTIVE_RESULTS,60,OK,100558,37433,9.709583847210634e-09,0.0013345164136729182,0.025,0.679,0.679,28,26,-2.446990007685637e-09,9.901988042873235e-09,1.0,False
A3_SAME_FAMILY,ACTIVE_RESULTS,300,OK,71930,28314,-1.795174342428944e-09,-0.0007576161769826385,1.0,1.0,1.0,0,0,nan,nan,1.0,False
A3_SEMANTIC,PRE_ELECTION,1,OK,56419,19044,4.4272266148688296e-15,8.794112604164266e-07,0.191,0.202,0.202,8,8,-7.489120036980422e-16,9.172019501277367e-16,1.0,False
A3_SEMANTIC,PRE_ELECTION,5,OK,56032,18898,-6.155163041864736e-12,-9.818655251132253e-05,1.0,1.0,1.0,0,0,nan,nan,1.0,False
A3_SEMANTIC,PRE_ELECTION,30,OK,54655,18382,-7.211487526759166e-12,-1.3738779707404245e-05,1.0,1.0,1.0,0,0,nan,nan,1.0,False
A3_SEMANTIC,PRE_ELECTION,60,OK,53438,17927,1.832288575989973e-11,1.9535671409346338e-05,0.315,0.281,0.315,8,8,7.260708585070544e-12,9.998314696894973e-12,1.0,False
A3_SEMANTIC,PRE_ELECTION,300,OK,47352,15689,3.8697410405672743e-10,8.235832999151733e-05,0.332,0.261,0.332,8,8,2.0548491971868347e-10,2.89824672626897e-10,1.0,False
A3_SEMANTIC,ACTIVE_RESULTS,1,OK,5285,1827,-2.2911268966076293e-13,-0.0001743246137063584,1.0,1.0,1.0,0,0,nan,nan,1.0,False
A3_SEMANTIC,ACTIVE_RESULTS,5,OK,5122,1819,-6.59662687844962e-11,-0.0010001326506613394,1.0,1.0,1.0,0,0,nan,nan,1.0,False
A3_SEMANTIC,ACTIVE_RESULTS,30,OK,4629,1786,-2.475591771161295e-09,-0.005176309073964364,1.0,1.0,1.0,0,0,nan,nan,1.0,False
A3_SEMANTIC,ACTIVE_RESULTS,60,OK,4338,1752,-7.527399596739691e-10,-0.0008225396285119051,1.0,1.0,1.0,0,0,nan,nan,1.0,False
A3_SEMANTIC,ACTIVE_RESULTS,300,OK,3314,1472,6.235712782864264e-11,1.7373828375507167e-05,0.272,0.419,0.419,8,8,-1.184162357144455e-09,-4.961757833249736e-09,1.0,False
