event,event_family,regime,start_utc,end_utc,fee_evidence,rows
hungary_election,HUN_2026,PRE_ELECTION,2026-04-05T00:00:00+00:00,2026-04-12T04:00:00+00:00,no_fee_leg_observed,136496
hungary_election,HUN_2026,ACTIVE_RESULTS,2026-04-12T18:18:00+00:00,2026-04-13T00:18:00+00:00,no_fee_leg_observed,34604
peru_first_round,PER_2026,PRE_ELECTION,2026-04-10T00:00:00+00:00,2026-04-12T12:00:00+00:00,no_fee_leg_observed,71364
peru_first_round,PER_2026,ACTIVE_RESULTS,2026-04-12T23:00:00+00:00,2026-04-13T05:00:00+00:00,no_fee_leg_observed,37465
peru_runoff,PER_2026,PRE_ELECTION,2026-06-05T00:00:00+00:00,2026-06-07T12:00:00+00:00,fee_charged,5907
peru_runoff,PER_2026,PRE_ELECTION,2026-06-05T00:00:00+00:00,2026-06-07T12:00:00+00:00,no_fee_leg_observed,9744
peru_runoff,PER_2026,ACTIVE_RESULTS,2026-06-07T23:12:00+00:00,2026-06-08T05:12:00+00:00,fee_charged,5686
peru_runoff,PER_2026,ACTIVE_RESULTS,2026-06-07T23:12:00+00:00,2026-06-08T05:12:00+00:00,no_fee_leg_observed,10194
colombia_first_round,COL_2026,PRE_ELECTION,2026-05-29T00:00:00+00:00,2026-05-31T13:00:00+00:00,fee_charged,10331
colombia_first_round,COL_2026,PRE_ELECTION,2026-05-29T00:00:00+00:00,2026-05-31T13:00:00+00:00,no_fee_leg_observed,17219
colombia_first_round,COL_2026,ACTIVE_RESULTS,2026-05-31T21:11:00+00:00,2026-06-01T03:11:00+00:00,fee_charged,4737
colombia_first_round,COL_2026,ACTIVE_RESULTS,2026-05-31T21:11:00+00:00,2026-06-01T03:11:00+00:00,no_fee_leg_observed,9292
colombia_runoff,COL_2026,PRE_ELECTION,2026-06-19T00:00:00+00:00,2026-06-21T13:00:00+00:00,fee_charged,4360
colombia_runoff,COL_2026,PRE_ELECTION,2026-06-19T00:00:00+00:00,2026-06-21T13:00:00+00:00,no_fee_leg_observed,6675
colombia_runoff,COL_2026,ACTIVE_RESULTS,2026-06-21T21:11:00+00:00,2026-06-22T03:11:00+00:00,fee_charged,4263
colombia_runoff,COL_2026,ACTIVE_RESULTS,2026-06-21T21:11:00+00:00,2026-06-22T03:11:00+00:00,no_fee_leg_observed,6554