event,event_family,regime,start_utc,end_utc,passive_rows_with_positive_fee,complement_pair_match,unique_complement_pair_match,unique_pair_active_has_no_fee
hungary_election,HUN_2026,PRE_ELECTION,2026-04-05T00:00:00+00:00,2026-04-12T04:00:00+00:00,0,0,0,0
hungary_election,HUN_2026,ACTIVE_RESULTS,2026-04-12T18:18:00+00:00,2026-04-13T00:18:00+00:00,0,0,0,0
peru_first_round,PER_2026,PRE_ELECTION,2026-04-10T00:00:00+00:00,2026-04-12T12:00:00+00:00,0,0,0,0
peru_first_round,PER_2026,ACTIVE_RESULTS,2026-04-12T23:00:00+00:00,2026-04-13T05:00:00+00:00,0,0,0,0
peru_runoff,PER_2026,PRE_ELECTION,2026-06-05T00:00:00+00:00,2026-06-07T12:00:00+00:00,7,0,0,0
peru_runoff,PER_2026,ACTIVE_RESULTS,2026-06-07T23:12:00+00:00,2026-06-08T05:12:00+00:00,14,6,6,6
colombia_first_round,COL_2026,PRE_ELECTION,2026-05-29T00:00:00+00:00,2026-05-31T13:00:00+00:00,52,10,10,10
colombia_first_round,COL_2026,ACTIVE_RESULTS,2026-05-31T21:11:00+00:00,2026-06-01T03:11:00+00:00,23,18,18,18
colombia_runoff,COL_2026,PRE_ELECTION,2026-06-19T00:00:00+00:00,2026-06-21T13:00:00+00:00,1,0,0,0
colombia_runoff,COL_2026,ACTIVE_RESULTS,2026-06-21T21:11:00+00:00,2026-06-22T03:11:00+00:00,138,85,85,85
