event,event_family,regime,start_utc,end_utc,role_class,rows
hungary_election,HUN_2026,PRE_ELECTION,2026-04-05T00:00:00+00:00,2026-04-12T04:00:00+00:00,MAKER_SUPPORTIVE,82894
hungary_election,HUN_2026,PRE_ELECTION,2026-04-05T00:00:00+00:00,2026-04-12T04:00:00+00:00,TAKER_SUPPORTIVE,53602
hungary_election,HUN_2026,ACTIVE_RESULTS,2026-04-12T18:18:00+00:00,2026-04-13T00:18:00+00:00,MAKER_SUPPORTIVE,21074
hungary_election,HUN_2026,ACTIVE_RESULTS,2026-04-12T18:18:00+00:00,2026-04-13T00:18:00+00:00,TAKER_SUPPORTIVE,13530
peru_first_round,PER_2026,PRE_ELECTION,2026-04-10T00:00:00+00:00,2026-04-12T12:00:00+00:00,MAKER_SUPPORTIVE,43357
peru_first_round,PER_2026,PRE_ELECTION,2026-04-10T00:00:00+00:00,2026-04-12T12:00:00+00:00,TAKER_SUPPORTIVE,28007
peru_first_round,PER_2026,ACTIVE_RESULTS,2026-04-12T23:00:00+00:00,2026-04-13T05:00:00+00:00,MAKER_SUPPORTIVE,23082
peru_first_round,PER_2026,ACTIVE_RESULTS,2026-04-12T23:00:00+00:00,2026-04-13T05:00:00+00:00,TAKER_SUPPORTIVE,14383
peru_runoff,PER_2026,PRE_ELECTION,2026-06-05T00:00:00+00:00,2026-06-07T12:00:00+00:00,AMBIGUOUS,7
peru_runoff,PER_2026,PRE_ELECTION,2026-06-05T00:00:00+00:00,2026-06-07T12:00:00+00:00,MAKER_HIGH_CONFIDENCE,9733
peru_runoff,PER_2026,PRE_ELECTION,2026-06-05T00:00:00+00:00,2026-06-07T12:00:00+00:00,TAKER_HIGH_CONFIDENCE,5900
peru_runoff,PER_2026,PRE_ELECTION,2026-06-05T00:00:00+00:00,2026-06-07T12:00:00+00:00,TAKER_SUPPORTIVE,11
peru_runoff,PER_2026,ACTIVE_RESULTS,2026-06-07T23:12:00+00:00,2026-06-08T05:12:00+00:00,AMBIGUOUS,14
peru_runoff,PER_2026,ACTIVE_RESULTS,2026-06-07T23:12:00+00:00,2026-06-08T05:12:00+00:00,MAKER_HIGH_CONFIDENCE,10179
peru_runoff,PER_2026,ACTIVE_RESULTS,2026-06-07T23:12:00+00:00,2026-06-08T05:12:00+00:00,TAKER_HIGH_CONFIDENCE,5672
peru_runoff,PER_2026,ACTIVE_RESULTS,2026-06-07T23:12:00+00:00,2026-06-08T05:12:00+00:00,TAKER_SUPPORTIVE,15
colombia_first_round,COL_2026,PRE_ELECTION,2026-05-29T00:00:00+00:00,2026-05-31T13:00:00+00:00,AMBIGUOUS,52
colombia_first_round,COL_2026,PRE_ELECTION,2026-05-29T00:00:00+00:00,2026-05-31T13:00:00+00:00,MAKER_HIGH_CONFIDENCE,17157
colombia_first_round,COL_2026,PRE_ELECTION,2026-05-29T00:00:00+00:00,2026-05-31T13:00:00+00:00,TAKER_HIGH_CONFIDENCE,10279
colombia_first_round,COL_2026,PRE_ELECTION,2026-05-29T00:00:00+00:00,2026-05-31T13:00:00+00:00,TAKER_SUPPORTIVE,62
colombia_first_round,COL_2026,ACTIVE_RESULTS,2026-05-31T21:11:00+00:00,2026-06-01T03:11:00+00:00,AMBIGUOUS,23
colombia_first_round,COL_2026,ACTIVE_RESULTS,2026-05-31T21:11:00+00:00,2026-06-01T03:11:00+00:00,MAKER_HIGH_CONFIDENCE,9254
colombia_first_round,COL_2026,ACTIVE_RESULTS,2026-05-31T21:11:00+00:00,2026-06-01T03:11:00+00:00,TAKER_HIGH_CONFIDENCE,4714
colombia_first_round,COL_2026,ACTIVE_RESULTS,2026-05-31T21:11:00+00:00,2026-06-01T03:11:00+00:00,TAKER_SUPPORTIVE,38
colombia_runoff,COL_2026,PRE_ELECTION,2026-06-19T00:00:00+00:00,2026-06-21T13:00:00+00:00,AMBIGUOUS,1
colombia_runoff,COL_2026,PRE_ELECTION,2026-06-19T00:00:00+00:00,2026-06-21T13:00:00+00:00,MAKER_HIGH_CONFIDENCE,6674
colombia_runoff,COL_2026,PRE_ELECTION,2026-06-19T00:00:00+00:00,2026-06-21T13:00:00+00:00,TAKER_HIGH_CONFIDENCE,4359
colombia_runoff,COL_2026,PRE_ELECTION,2026-06-19T00:00:00+00:00,2026-06-21T13:00:00+00:00,TAKER_SUPPORTIVE,1
colombia_runoff,COL_2026,ACTIVE_RESULTS,2026-06-21T21:11:00+00:00,2026-06-22T03:11:00+00:00,AMBIGUOUS,138
colombia_runoff,COL_2026,ACTIVE_RESULTS,2026-06-21T21:11:00+00:00,2026-06-22T03:11:00+00:00,MAKER_HIGH_CONFIDENCE,6411
colombia_runoff,COL_2026,ACTIVE_RESULTS,2026-06-21T21:11:00+00:00,2026-06-22T03:11:00+00:00,TAKER_HIGH_CONFIDENCE,4125
colombia_runoff,COL_2026,ACTIVE_RESULTS,2026-06-21T21:11:00+00:00,2026-06-22T03:11:00+00:00,TAKER_SUPPORTIVE,143