event,event_family,regime,start_utc,end_utc,groups_exactly_one_active_owner,groups_one_active_plus_passive,groups_multiple_passive_owners,transaction_condition_groups
hungary_election,HUN_2026,PRE_ELECTION,2026-04-05T00:00:00+00:00,2026-04-12T04:00:00+00:00,53602,53602,8087,53602
hungary_election,HUN_2026,ACTIVE_RESULTS,2026-04-12T18:18:00+00:00,2026-04-13T00:18:00+00:00,13530,13530,2631,13530
peru_first_round,PER_2026,PRE_ELECTION,2026-04-10T00:00:00+00:00,2026-04-12T12:00:00+00:00,28007,28007,5571,28007
peru_first_round,PER_2026,ACTIVE_RESULTS,2026-04-12T23:00:00+00:00,2026-04-13T05:00:00+00:00,14383,14383,3091,14383
peru_runoff,PER_2026,PRE_ELECTION,2026-06-05T00:00:00+00:00,2026-06-07T12:00:00+00:00,5911,5911,1217,5911
peru_runoff,PER_2026,ACTIVE_RESULTS,2026-06-07T23:12:00+00:00,2026-06-08T05:12:00+00:00,5687,5687,1580,5687
colombia_first_round,COL_2026,PRE_ELECTION,2026-05-29T00:00:00+00:00,2026-05-31T13:00:00+00:00,10341,10341,2392,10341
colombia_first_round,COL_2026,ACTIVE_RESULTS,2026-05-31T21:11:00+00:00,2026-06-01T03:11:00+00:00,4752,4752,1367,4752
colombia_runoff,COL_2026,PRE_ELECTION,2026-06-19T00:00:00+00:00,2026-06-21T13:00:00+00:00,4360,4360,691,4360
colombia_runoff,COL_2026,ACTIVE_RESULTS,2026-06-21T21:11:00+00:00,2026-06-22T03:11:00+00:00,4268,4268,871,4268
