event,event_family,regime,start_utc,end_utc,v2_cell,rows
peru_runoff,PER_2026,PRE_ELECTION,2026-06-05T00:00:00+00:00,2026-06-07T12:00:00+00:00,NONTAKER_FEE,7
peru_runoff,PER_2026,PRE_ELECTION,2026-06-05T00:00:00+00:00,2026-06-07T12:00:00+00:00,NONTAKER_NO_FEE,9733
peru_runoff,PER_2026,PRE_ELECTION,2026-06-05T00:00:00+00:00,2026-06-07T12:00:00+00:00,TAKER_FEE,5900
peru_runoff,PER_2026,PRE_ELECTION,2026-06-05T00:00:00+00:00,2026-06-07T12:00:00+00:00,TAKER_NO_FEE,11
peru_runoff,PER_2026,ACTIVE_RESULTS,2026-06-07T23:12:00+00:00,2026-06-08T05:12:00+00:00,NONTAKER_FEE,14
peru_runoff,PER_2026,ACTIVE_RESULTS,2026-06-07T23:12:00+00:00,2026-06-08T05:12:00+00:00,NONTAKER_NO_FEE,10179
peru_runoff,PER_2026,ACTIVE_RESULTS,2026-06-07T23:12:00+00:00,2026-06-08T05:12:00+00:00,TAKER_FEE,5672
peru_runoff,PER_2026,ACTIVE_RESULTS,2026-06-07T23:12:00+00:00,2026-06-08T05:12:00+00:00,TAKER_NO_FEE,15
colombia_first_round,COL_2026,PRE_ELECTION,2026-05-29T00:00:00+00:00,2026-05-31T13:00:00+00:00,NONTAKER_FEE,52
colombia_first_round,COL_2026,PRE_ELECTION,2026-05-29T00:00:00+00:00,2026-05-31T13:00:00+00:00,NONTAKER_NO_FEE,17157
colombia_first_round,COL_2026,PRE_ELECTION,2026-05-29T00:00:00+00:00,2026-05-31T13:00:00+00:00,TAKER_FEE,10279
colombia_first_round,COL_2026,PRE_ELECTION,2026-05-29T00:00:00+00:00,2026-05-31T13:00:00+00:00,TAKER_NO_FEE,62
colombia_first_round,COL_2026,ACTIVE_RESULTS,2026-05-31T21:11:00+00:00,2026-06-01T03:11:00+00:00,NONTAKER_FEE,23
colombia_first_round,COL_2026,ACTIVE_RESULTS,2026-05-31T21:11:00+00:00,2026-06-01T03:11:00+00:00,NONTAKER_NO_FEE,9254
colombia_first_round,COL_2026,ACTIVE_RESULTS,2026-05-31T21:11:00+00:00,2026-06-01T03:11:00+00:00,TAKER_FEE,4714
colombia_first_round,COL_2026,ACTIVE_RESULTS,2026-05-31T21:11:00+00:00,2026-06-01T03:11:00+00:00,TAKER_NO_FEE,38
colombia_runoff,COL_2026,PRE_ELECTION,2026-06-19T00:00:00+00:00,2026-06-21T13:00:00+00:00,NONTAKER_FEE,1
colombia_runoff,COL_2026,PRE_ELECTION,2026-06-19T00:00:00+00:00,2026-06-21T13:00:00+00:00,NONTAKER_NO_FEE,6674
colombia_runoff,COL_2026,PRE_ELECTION,2026-06-19T00:00:00+00:00,2026-06-21T13:00:00+00:00,TAKER_FEE,4359
colombia_runoff,COL_2026,PRE_ELECTION,2026-06-19T00:00:00+00:00,2026-06-21T13:00:00+00:00,TAKER_NO_FEE,1
colombia_runoff,COL_2026,ACTIVE_RESULTS,2026-06-21T21:11:00+00:00,2026-06-22T03:11:00+00:00,NONTAKER_FEE,138
colombia_runoff,COL_2026,ACTIVE_RESULTS,2026-06-21T21:11:00+00:00,2026-06-22T03:11:00+00:00,NONTAKER_NO_FEE,6411
colombia_runoff,COL_2026,ACTIVE_RESULTS,2026-06-21T21:11:00+00:00,2026-06-22T03:11:00+00:00,TAKER_FEE,4125
colombia_runoff,COL_2026,ACTIVE_RESULTS,2026-06-21T21:11:00+00:00,2026-06-22T03:11:00+00:00,TAKER_NO_FEE,143
