test_key,circular_draws,block_draws,membership_draws,p_value,q_value,membership_p
COL_FIRST_ROUND_WINNER_34582|colombia_first_round|PRE_ELECTION|120,1000,1000,1000,0.000999000999000999,0.00999000999000999,0.000999000999000999
COL_FIRST_ROUND_WINNER_34582|colombia_first_round|PRE_ELECTION|30,1000,1000,1000,0.000999000999000999,0.00999000999000999,0.000999000999000999
COL_FIRST_ROUND_WINNER_34582|colombia_first_round|PRE_ELECTION|300,1000,1000,1000,0.016983016983016984,0.16983016983016985,0.000999000999000999
COL_FIRST_ROUND_WINNER_34582|colombia_first_round|PRE_ELECTION|60,1000,1000,1000,0.000999000999000999,0.00999000999000999,0.000999000999000999
COL_PRESIDENTIAL_WINNER_34584|colombia_first_round|ACTIVE_RESULTS|120,975,970,1000,,,0.4865134865134865
COL_PRESIDENTIAL_WINNER_34584|colombia_first_round|ACTIVE_RESULTS|30,971,978,1000,,,0.5044955044955045
COL_PRESIDENTIAL_WINNER_34584|colombia_first_round|ACTIVE_RESULTS|300,963,956,1000,,,0.4745254745254745
COL_PRESIDENTIAL_WINNER_34584|colombia_first_round|ACTIVE_RESULTS|60,975,976,1000,,,0.4855144855144855
COL_PRESIDENTIAL_WINNER_34584|colombia_first_round|PRE_ELECTION|120,1000,1000,1000,0.003996003996003996,0.03996003996003996,1.0
COL_PRESIDENTIAL_WINNER_34584|colombia_first_round|PRE_ELECTION|30,1000,1000,1000,0.000999000999000999,0.00999000999000999,1.0
COL_PRESIDENTIAL_WINNER_34584|colombia_first_round|PRE_ELECTION|300,1000,1000,1000,0.003996003996003996,0.03996003996003996,1.0
COL_PRESIDENTIAL_WINNER_34584|colombia_first_round|PRE_ELECTION|60,1000,1000,1000,0.000999000999000999,0.00999000999000999,1.0
COL_PRESIDENTIAL_WINNER_34584|colombia_runoff|ACTIVE_RESULTS|120,1000,1000,0,0.000999000999000999,0.00999000999000999,
COL_PRESIDENTIAL_WINNER_34584|colombia_runoff|ACTIVE_RESULTS|30,1000,1000,0,0.000999000999000999,0.00999000999000999,
COL_PRESIDENTIAL_WINNER_34584|colombia_runoff|ACTIVE_RESULTS|300,1000,1000,0,0.000999000999000999,0.004995004995004995,
COL_PRESIDENTIAL_WINNER_34584|colombia_runoff|ACTIVE_RESULTS|60,1000,1000,0,0.000999000999000999,0.00999000999000999,
COL_RUNOFF_PAIR_481843|colombia_first_round|ACTIVE_RESULTS|120,1000,1000,1000,0.001998001998001998,0.00999000999000999,0.2887112887112887
COL_RUNOFF_PAIR_481843|colombia_first_round|ACTIVE_RESULTS|30,1000,1000,1000,0.008991008991008992,0.04495504495504496,0.4065934065934066
COL_RUNOFF_PAIR_481843|colombia_first_round|ACTIVE_RESULTS|300,1000,1000,1000,0.000999000999000999,0.004995004995004995,0.3276723276723277
COL_RUNOFF_PAIR_481843|colombia_first_round|ACTIVE_RESULTS|60,1000,1000,1000,0.001998001998001998,0.00999000999000999,0.3706293706293706
PER_HOUSE_MOST_SEATS_106511|peru_first_round|ACTIVE_RESULTS|120,1000,1000,1000,0.6873126873126874,1.0,0.6183816183816184
PER_HOUSE_MOST_SEATS_106511|peru_first_round|ACTIVE_RESULTS|30,1000,1000,1000,0.005994005994005994,0.05994005994005994,0.7212787212787213
PER_HOUSE_MOST_SEATS_106511|peru_first_round|ACTIVE_RESULTS|300,1000,1000,1000,0.7302697302697303,1.0,0.5604395604395604
PER_HOUSE_MOST_SEATS_106511|peru_first_round|ACTIVE_RESULTS|60,1000,1000,1000,0.994005994005994,1.0,0.6563436563436563
PER_SENATE_MOST_SEATS_106510|peru_first_round|ACTIVE_RESULTS|120,1000,1000,466,0.15184815184815184,1.0,
PER_SENATE_MOST_SEATS_106510|peru_first_round|ACTIVE_RESULTS|30,1000,1000,454,0.15084915084915085,0.7542457542457542,
PER_SENATE_MOST_SEATS_106510|peru_first_round|ACTIVE_RESULTS|300,1000,1000,443,0.14085914085914086,1.0,
PER_SENATE_MOST_SEATS_106510|peru_first_round|ACTIVE_RESULTS|60,1000,1000,479,0.03696303696303696,0.3696303696303696,
